simulation,direct_pct,indirect_pct,total_direct_hrs,total_indirect_hrs
1,78.45128549946654,21.548714500533464,220291.20968250206,60508.790317497944
2,80.59955033200664,19.400449667993357,226323.53733227466,54476.46266772533
3,79.69656520703033,20.303434792969668,223787.95510134118,57012.0448986588
4,79.78215987064264,20.217840129357356,224028.30491676455,56771.695083235434
5,80.99767074138575,19.002329258614253,227441.4594418112,53358.540558188826
6,81.77594833402094,18.22405166597906,229626.8629219308,51173.13707806921
7,79.83507908317607,20.16492091682393,224176.9020655584,56623.0979344416
8,81.60391502286711,18.396084977132887,229143.79338421085,51656.20661578917
9,81.47250552558549,18.52749447441451,228774.79551584407,52025.20448415595
10,79.55854623762465,20.441453762375346,223400.39783525,57399.60216474999
11,78.72764893179999,21.27235106820001,221067.23820049438,59732.76179950563
12,79.80136347508785,20.198636524912146,224082.22863804668,56717.77136195332
13,79.7105945735622,20.289405426437796,223827.34956256268,56972.650437437325
14,81.14325968711863,18.85674031288137,227850.2732014291,52949.72679857089
15,80.08120167689819,19.91879832310181,224868.01430873014,55931.98569126988
16,78.1488846041604,21.8511153958396,219442.0679684824,61357.9320315176
17,80.30461248231529,19.695387517684708,225495.35185034137,55304.64814965864
18,80.25360067143885,19.746399328561154,225352.11068540026,55447.88931459976
19,79.0867962309591,20.913203769040905,222075.7238165331,58724.276183466856
20,78.8843956270112,21.1156043729888,221507.38292064745,59292.61707935252
21,79.38808940611372,20.61191059388628,222921.75505236734,57878.24494763269
22,80.09256746841888,19.907432531581122,224899.92945132023,55900.07054867977
23,79.4780375946577,20.521962405342293,223174.32956579883,57625.67043420119
24,79.1364948964308,20.863505103569196,222215.27766917768,58584.72233082233
25,79.7838395548015,20.216160445198497,224033.02146988263,56766.97853011737
26,80.41991476879117,19.580085231208827,225819.1206707656,54980.879329234376
27,79.70597670436845,20.294023295631547,223814.3825858666,56985.617414133376
28,79.29706709620339,20.702932903796608,222666.1644061391,58133.83559386091
29,79.59764009798023,20.402359902019768,223510.1733951285,57289.82660487147
30,77.39330985748094,22.606690142519057,217320.41407980648,63479.58592019353
31,81.4216277429649,18.5783722570351,228631.93070224544,52168.06929775456
32,79.64707123639248,20.352928763607522,223648.97603179008,57151.023968209905
33,77.17240946477162,22.82759053522838,216700.1257770787,64099.874222921324
34,78.94876110317918,21.05123889682082,221688.12117772712,59111.87882227289
35,79.83171165501585,20.16828834498415,224167.4463272845,56632.55367271553
36,79.74065055088673,20.259349449113273,223911.74674688993,56888.253253110066
37,80.0066710068932,19.9933289931068,224658.7321873561,56141.26781264391
38,79.53576155217227,20.464238447827725,223336.41843849974,57463.581561500265
39,78.72149643527102,21.27850356472898,221049.96199024102,59750.038009758995
40,80.4883271207081,19.511672879291893,226011.22255494836,54788.77744505165
41,78.88609803465043,21.11390196534957,221512.16328129842,59287.83671870158
42,79.93063852528992,20.069361474710078,224445.2329790141,56354.76702098589
43,79.75999940223862,20.24000059776138,223966.07832148604,56833.92167851397
44,80.32807028038118,19.671929719618817,225561.22134731035,55238.77865268964
45,78.38183538159674,21.618164618403256,220096.19375152365,60703.806248476365
46,80.12763069183706,19.872369308162945,224998.38698267844,55801.613017321564
47,79.18304851974118,20.816951480258822,222346.0002434332,58453.9997565668
48,79.78357108767796,20.216428912322044,224032.2676141997,56767.73238580029
49,80.00589890669272,19.99410109330728,224656.56412999314,56143.435870006826
50,80.20294516828542,19.797054831714576,225209.87003254547,55590.12996745455
51,78.38832216805885,21.61167783194115,220114.40864790927,60685.591352090734
52,80.18698297516606,19.81301702483394,225165.0481942663,55634.9518057337
53,79.21733833451616,20.782661665483843,222442.28604332136,58357.713956678606
54,79.48099965106191,20.519000348938093,223182.64702018184,57617.352979818155
55,79.17530169081219,20.82469830918781,222324.24714780063,58475.75285219935
56,79.32518698962163,20.674813010378372,222745.12506685755,58054.87493314244
57,79.5538225215834,20.4461774784166,223387.13364060616,57412.86635939384
58,79.97363554325165,20.026364456748354,224565.96860545065,56234.031394549354
59,78.46625118132904,21.533748818670958,220333.23331717195,60466.766682828056
60,78.59659253168815,21.403407468311855,220699.23182898032,60100.768171019685
61,80.63069203171992,19.369307968280083,226410.98322506953,54389.01677493047
62,79.37682862318486,20.623171376815137,222890.13477390312,57909.865226096874
63,79.7729148739788,20.227085126021194,224002.34496613248,56797.6550338675
64,79.07916476270071,20.920835237299286,222054.29465366362,58745.70534633637
65,78.68227582730883,21.31772417269117,220939.83052308322,59860.16947691681
66,80.61331601280217,19.386683987197827,226362.19136394848,54437.808636051515
67,79.58374914423051,20.41625085576949,223471.16759699926,57328.83240300075
68,80.5134569733524,19.486543026647595,226081.78718117354,54718.21281882646
69,81.20798804432866,18.79201195567134,228032.03042847489,52767.96957152509
70,79.12067447313163,20.87932552686837,222170.85392055364,58629.14607944639
71,79.40349741193319,20.596502588066812,222965.0207327084,57834.97926729158
72,79.0912934705128,20.908706529487205,222088.35206519996,58711.64793480005
73,79.14192277633653,20.85807722366347,222230.51915595302,58569.480844047015
74,79.81899056765909,20.181009432340915,224131.72551398672,56668.27448601327
75,80.34466713354644,19.655332866453563,225607.82531099842,55192.174689001564
76,79.01266264483016,20.987337355169842,221867.55670668307,58932.44329331693
77,78.12767081990557,21.872329180094425,219382.49966229487,61417.500337705125
78,80.3043084856075,19.695691514392493,225494.49822758586,55305.50177241412
79,79.773488485258,20.226511514742,224003.95566660445,56796.04433339556
80,80.28106765630764,19.71893234369236,225429.23797891184,55370.76202108816
81,81.08474017227556,18.91525982772444,227685.95040374977,53114.04959625025
82,78.8752518597627,21.1247481402373,221481.70722221365,59318.29277778636
83,80.43827482618937,19.56172517381063,225870.67571193975,54929.32428806025
84,80.09001517625302,19.90998482374698,224892.76261491847,55907.23738508152
85,81.12553383189727,18.874466168102728,227800.49899996753,52999.501000032455
86,78.34851330746291,21.65148669253709,220002.62536735585,60797.37463264415
87,81.07211260069387,18.92788739930613,227650.4921827484,53149.50781725159
88,81.63551551265427,18.364484487345734,229232.5275595332,51567.47244046681
89,79.44835878620317,20.551641213796827,223090.99147165852,57709.00852834148
90,79.06944372026206,20.930556279737942,222026.99796649587,58773.00203350413
91,80.49782045602059,19.50217954397941,226037.87984050583,54762.120159494174
92,80.05179239154715,19.948207608452847,224785.4330354644,56014.56696453558
93,78.94697156300309,21.05302843699691,221683.09614891268,59116.90385108735
94,78.7187836153476,21.281216384652396,221042.3443918961,59757.6556081039
95,77.84161546571191,22.15838453428809,218579.25622771904,62220.743772280955
96,79.05995482491733,20.940045175082673,222000.35314836787,58799.64685163213
97,80.70735934250854,19.29264065749146,226626.26503376395,54173.73496623605
98,79.80143744152713,20.198562558472872,224082.4363358082,56717.563664191795
99,80.57443253947324,19.425567460526764,226253.00657084087,54546.99342915912
100,78.3802715151912,21.619728484808803,220091.80241465688,60708.19758534311
101,80.32883759181702,19.67116240818298,225563.37595782217,55236.624042177835
102,79.01182021108121,20.988179788918785,221865.19115271606,58934.80884728397
103,80.05053763785969,19.94946236214031,224781.90968711,56018.09031289002
104,78.72701104585327,21.272988954146726,221065.447016756,59734.552983244015
105,80.1313856888295,19.868614311170504,225008.9310142332,55791.06898576679
106,79.10548831438938,20.894511685610624,222128.2111868054,58671.788813194595
107,79.54148475348043,20.458515246519568,223352.48918777306,57447.51081222696
108,79.81870009042657,20.181299909573426,224130.9098539178,56669.09014608219
109,80.21506589107594,19.784934108924062,225243.9050221412,55556.0949778588
110,80.93232857550838,19.06767142449162,227257.97864002755,53542.02135997245
111,78.45284303635455,21.54715696364545,220295.5832460836,60504.416753916375
112,78.81137767970445,21.18862232029555,221302.3485246101,59497.65147538989
113,80.30112361868085,19.698876381319153,225485.5551212558,55314.44487874419
114,79.97437223716663,20.025627762833366,224568.0372419639,56231.9627580361
115,78.6690770687267,21.330922931273307,220902.7684089846,59897.2315910154
116,78.657878938321,21.342121061678995,220871.32405880536,59928.67594119465
117,81.06884802037972,18.93115197962028,227641.32524122627,53158.67475877375
118,78.02260255019787,21.977397449802126,219087.46796095563,61712.53203904434
119,78.98756095092487,21.012439049075127,221797.07115019704,59002.92884980295
120,79.20235478180537,20.79764521819463,222400.21222730947,58399.787772690506
121,80.85807291823734,19.14192708176266,227049.46875441042,53750.53124558958
122,79.4053423714078,20.594657628592202,222970.2013789131,57829.7986210869
123,79.8708940955973,20.129105904402707,224277.47062043718,56522.529379562795
124,79.15615969109624,20.843840308903765,222270.4964125982,58529.503587401785
125,80.36961109102322,19.630388908976784,225677.86794359318,55122.13205640684
126,79.35239649405948,20.647603505940523,222821.529355319,57978.47064468096
127,78.81666437744063,21.18333562255937,221317.19357185328,59482.80642814671
128,80.39769234196588,19.60230765803412,225756.72009624017,55043.27990375983
129,80.52933449851166,19.47066550148834,226126.37127182074,54673.62872817928
130,79.77916253840161,20.220837461598393,224019.88840783172,56780.11159216828
131,79.43622330092533,20.563776699074666,223056.91502899834,57743.084971001685
132,79.84903306870441,20.150966931295585,224216.08485692198,56583.915143078004
133,79.47098833790922,20.52901166209078,223154.5352528491,57645.46474715089
134,80.05797534034814,19.942024659651864,224802.79475569757,55997.205244302415
135,79.34321784688049,20.656782153119508,222795.75571404042,58004.244285959576
136,78.25113943181344,21.748860568186558,219729.19952453216,61070.80047546784
137,79.50453021798275,20.495469782017253,223248.72085209558,57551.27914790441
138,79.88529498178895,20.114705018211055,224317.90830886335,56482.09169113663
139,79.93549797653434,20.064502023465664,224458.87831810844,56341.12168189156
140,79.47064009742297,20.529359902577028,223153.5573935637,57646.44260643629
141,79.42989122344729,20.570108776552715,223039.13455544,57760.86544455998
142,78.79178615227363,21.20821384772637,221247.33551558433,59552.66448441568
143,79.11706726165716,20.882932738342845,222160.72487073328,58639.27512926671
144,79.30078789956096,20.69921210043904,222676.61242196715,58123.38757803286
145,78.69707730290975,21.302922697090253,220981.39306657057,59818.60693342944
146,81.95583892057908,18.044161079420917,230131.99568898606,50668.00431101394
147,79.6620950571647,20.337904942835294,223691.1629205185,57108.83707948151
148,81.05362180411565,18.94637819588435,227598.57002595675,53201.42997404327
149,79.61098640340984,20.38901359659016,223547.64982077485,57252.350179225155
150,79.35587392524019,20.64412607475981,222831.29398207445,57968.70601792555
151,81.18993243084265,18.810067569157354,227981.33026580614,52818.66973419386
152,80.61193489420579,19.38806510579421,226358.31318292988,54441.68681707012
153,81.24374939942875,18.75625060057125,228132.44831359593,52667.55168640404
154,79.46573847173237,20.534261528267635,223139.79362862447,57660.20637137552
155,79.80959500591011,20.19040499408989,224105.34277659561,56694.65722340441
156,81.53683197573888,18.463168024261122,228955.42418787477,51844.575812125244
157,78.91368813121325,21.08631186878675,221589.63627244678,59210.363727553224
158,78.40351059669291,21.59648940330709,220157.05775551367,60642.94224448634
159,80.3156046582729,19.684395341727097,225526.21788043034,55273.782119569645
160,78.09593027272996,21.90406972727004,219293.3722058257,61506.62779417431
161,77.75185831157714,22.248141688422862,218327.21813890862,62472.78186109136
162,78.20360997314958,21.796390026850418,219595.736804604,61204.26319539601
163,78.33467760539054,21.66532239460946,219963.77471593663,60836.225284063345
164,79.03250668207319,20.96749331792681,221923.2787632615,58876.72123673849
165,79.56947742371352,20.430522576286478,223431.09260578756,57368.90739421244
166,79.80879662412626,20.19120337587374,224103.10092054657,56696.89907945342
167,80.17470726987041,19.82529273012959,225130.57801379613,55669.42198620386
168,78.73112229586393,21.268877704136074,221076.9914067859,59723.00859321408
169,78.77845879547729,21.22154120452271,221209.91229770024,59590.08770229976
170,78.62871630673241,21.371283693267586,220789.43538930462,60010.56461069538
171,78.42577670248548,21.57422329751452,220219.5809805792,60580.419019420784
172,78.4291501494542,21.570849850545798,220229.05361966742,60570.94638033257
173,78.23121801571784,21.768781984282157,219673.2601881357,61126.7398118643
174,78.80348376877753,21.196516231222475,221280.1824227273,59519.8175772727
175,79.65390240325858,20.346097596741416,223668.1579483501,57131.8420516499
176,78.01653490353318,21.983465096466816,219070.4300091212,61729.56999087882
177,78.9698964226615,21.030103577338494,221747.46915483352,59052.53084516647
178,79.50294105247558,20.497058947524422,223244.2584753514,57555.7415246486
179,79.90142107671446,20.098578923285544,224363.19038341418,56436.80961658583
180,80.57304606237203,19.42695393762797,226249.11334314063,54550.88665685938
181,78.98879443290421,21.011205567095786,221800.53476759506,58999.46523240497
182,79.67627401805221,20.32372598194779,223730.97744269064,57069.02255730936
183,80.27659405256503,19.72340594743497,225416.6760996026,55383.3239003974
184,80.12448407304615,19.875515926953852,224989.55127711358,55810.44872288642
185,79.32588147188605,20.67411852811395,222747.07517305602,58052.92482694397
186,79.91766703967014,20.082332960329865,224408.80904739373,56391.19095260625
187,78.86654306373389,21.133456936266114,221457.25292296475,59342.747077035274
188,77.32844491859365,22.671555081406353,217138.27333141095,63661.726668589035
189,78.47926156995796,21.520738430042044,220369.76648844194,60430.23351155805
190,78.8858537006487,21.114146299351304,221511.47719142152,59288.522808578455
191,79.08417064174668,20.91582935825332,222068.3511620247,58731.648837975314
192,79.67139098207475,20.328609017925245,223717.2658776659,57082.73412233411
193,79.31599164804794,20.68400835195206,222719.30454771864,58080.69545228134
194,80.9329196961892,19.067080303810798,227259.6385068993,53540.361493100725
195,78.72530028254039,21.27469971745961,221060.6431933734,59739.35680662659
196,80.06754423077733,19.93245576922267,224829.66420002276,55970.33579997724
197,78.93175726475174,21.068242735248262,221640.37439942287,59159.62560057712
198,79.81605364573639,20.18394635426361,224123.47863722776,56676.521362772255
199,81.24839119180722,18.751608808192785,228145.48246659467,52654.51753340534
200,80.1267937877906,19.873206212209396,224996.03695611603,55803.963043883996
201,78.69079380660696,21.309206193393038,220963.74900895235,59836.25099104765
202,82.20141020857413,17.79858979142587,230821.55986567616,49978.44013432383
203,80.13995806664157,19.86004193335843,225033.00225112954,55766.997748870475
204,80.64833996596683,19.351660034033173,226460.53862443485,54339.46137556517
205,78.68228863247964,21.31771136752036,220939.86648000282,59860.13351999718
206,79.72933448709398,20.27066551290602,223879.97123975988,56920.02876024014
207,79.41100930119012,20.58899069880988,222986.11411774185,57813.88588225815
208,80.65431627630029,19.345683723699707,226477.3201038512,54322.67989614878
209,78.48655927483209,21.51344072516791,220390.2584437285,60409.74155627148
210,79.163293173448,20.836706826552003,222290.52723104195,58509.47276895804
211,80.93925100879717,19.06074899120283,227277.41683270247,53522.58316729752
212,79.8249930180657,20.175006981934303,224148.5803947285,56651.4196052715
213,80.94481987454384,19.05518012545616,227293.0542077191,53506.94579228089
214,80.28601708789942,19.713982912100576,225443.1359828216,55356.86401717839
215,80.33805420509985,19.66194579490015,225589.25620792038,55210.74379207961
216,79.03129478526918,20.968705214730818,221919.87575703586,58880.12424296414
217,79.45970865713471,20.540291342865288,223122.86190923426,57677.13809076573
218,78.78810766610859,21.211892333891413,221237.00632643292,59562.99367356709
219,79.23935769110653,20.760642308893466,222504.11639662713,58295.88360337287
220,81.72269537099449,18.277304629005513,229477.32860175252,51322.671398247505
221,79.8250058466361,20.174994153363897,224148.61641735418,56651.38358264582
222,80.0996303148855,19.900369685114498,224919.76192419848,55880.23807580152
223,79.93902382359188,20.06097617640812,224468.778896646,56331.221103354
224,79.08811018565237,20.91188981434763,222079.41340131185,58720.58659868817
225,80.29378761079596,19.70621238920404,225464.95561111503,55335.04438888497
226,78.55718923751036,21.442810762489643,220588.5873789291,60211.41262107089
227,80.28967978356589,19.710320216434113,225453.420832253,55346.57916774699
228,80.2664505779172,19.733549422082802,225388.19322279148,55411.80677720852
229,81.03330549335395,18.96669450664605,227541.52182533787,53258.478174662145
230,79.48707150842615,20.512928491573845,223199.69679566065,57600.30320433935
231,79.39946654405038,20.600533455949616,222953.7020556935,57846.2979443065
232,79.33441551462701,20.66558448537299,222771.03876507265,58028.96123492734
233,79.25701424919049,20.74298575080951,222553.69601172692,58246.30398827306
234,80.2232876623873,19.776712337612693,225266.99175598356,55533.008244016426
235,78.22586916146895,21.77413083853105,219658.24060540483,61141.759394595174
236,77.30091362792103,22.699086372078966,217060.96546720224,63739.03453279774
237,81.1317716044211,18.868228395578896,227818.01466521443,52981.98533478557
238,79.60284217146254,20.39715782853746,223524.78081746682,57275.219182533176
239,80.07835853673421,19.921641463265786,224860.03077114967,55939.96922885034
240,80.37533052365472,19.624669476345275,225693.92811042245,55106.071889577564
241,78.98691394760343,21.013086052396574,221795.25436487043,59004.74563512956
242,79.53834385178148,20.461656148218523,223343.6695358024,57456.330464197585
243,80.1341020761392,19.8658979238608,225016.55862979888,55783.44137020111
244,80.07041096140685,19.92958903859315,224837.71397963044,55962.286020369545
245,79.6820906771564,20.317909322843605,223747.31062145514,57052.68937854487
246,79.60887999736451,20.39112000263549,223541.73503259954,57258.264967400435
247,79.26867341801724,20.731326581982756,222586.43495779243,58213.56504220758
248,80.09535316203001,19.90464683796999,224907.75167898028,55892.24832101974
249,78.5073236232268,21.492676376773204,220448.56473402085,60351.43526597915
250,79.38782518374893,20.61217481625107,222921.01311596698,57878.98688403302
251,79.79125453365404,20.20874546634596,224053.84273050056,56746.157269499454
252,79.5319519140667,20.468048085933304,223325.7209746993,57474.27902530069
253,78.19510618127283,21.804893818727166,219571.85815701413,61228.141842985875
254,80.14002032278597,19.859979677214028,225033.17706638298,55766.82293361702
255,79.52555212203424,20.47444787796576,223307.75035867217,57492.24964132782
256,80.4424660868414,19.557533913158593,225882.44477185066,54917.555228149344
257,80.57576183493829,19.42423816506171,226256.73923250672,54543.26076749328
258,78.26932404334738,21.730675956652618,219780.26191371947,61019.738086280544
259,80.22626129060829,19.773738709391708,225275.34170402808,55524.658295971945
260,80.4701791725108,19.529820827489203,225960.2631164103,54839.73688358972
261,79.95914896994213,20.040851030057866,224525.2903075975,56274.709692402525
262,80.54399118129426,19.45600881870574,226167.52723707428,54632.47276292574
263,79.31482441041803,20.685175589581974,222716.02694445383,58083.97305554619
264,81.12645385524175,18.87354614475825,227803.08242551883,52996.91757448118
265,80.43899481561479,19.56100518438521,225872.6974422463,54927.302557753676
266,81.61573436061762,18.384265639382377,229176.98208461428,51623.01791538572
267,79.22690833272821,20.773091667271785,222469.15859830083,58330.84140169917
268,78.00181918744042,21.998180812559582,219029.1082783327,61770.891721667314
269,79.64115620177624,20.35884379822376,223632.3666145877,57167.633385412315
270,80.511663640439,19.488336359561004,226076.7515023527,54723.24849764732
271,79.48592092290602,20.51407907709398,223196.4659515201,57603.53404847989
272,80.34110318514728,19.658896814852724,225597.81774389357,55202.18225610644
273,78.78304350853425,21.21695649146575,221222.78617196417,59577.21382803583
274,81.33840339069735,18.66159660930265,228398.23672107817,52401.763278921855
275,79.22314531825138,20.776854681748617,222458.5920536499,58341.40794635008
276,77.60136890742079,22.39863109257921,217904.64389203757,62895.35610796243
277,78.68497117811593,21.31502882188407,220947.3990681495,59852.60093185052
278,78.4458832741439,21.554116725856105,220276.04023379608,60523.959766203916
279,78.42581024328872,21.574189756711277,220219.67516315472,60580.32483684525
280,79.3799505798758,20.620049420124204,222898.90122829122,57901.098771708785
281,78.84081012105422,21.15918987894578,221384.99481992025,59415.005180079774
282,79.029207669096,20.970792330904004,221914.0151348216,58885.98486517842
283,79.45824938602524,20.541750613974756,223118.7642759589,57681.23572404109
284,77.87753079806379,22.122469201936212,218680.10648096312,62119.893519036865
285,81.27479088341046,18.72520911658954,228219.6128006166,52580.38719938343
286,81.31315867178172,18.68684132821828,228327.34955036305,52472.65044963696
287,78.25371629500579,21.746283704994212,219736.43535637623,61063.56464362377
288,80.74236116246627,19.257638837533733,226724.55014420528,54075.44985579474
289,79.41893885588394,20.581061144116063,223008.38030732208,57791.61969267791
290,80.10582829007062,19.89417170992938,224937.1658385183,55862.83416148169
291,80.23833682730385,19.761663172696146,225309.24981106922,55490.75018893075
292,79.82254272159113,20.177457278408866,224141.69996222793,56658.300037772075
293,78.47838953843302,21.52161046156698,220367.31782391993,60432.68217608005
294,78.60234637529794,21.39765362470206,220715.3886218366,60084.61137816339
295,78.61594544966624,21.384054550333758,220753.5748226628,60046.42517733719
296,79.10203975281217,20.897960247187825,222118.52762589662,58681.472374103396
297,80.00936371396163,19.990636286038367,224666.29330880428,56133.70669119573
298,80.82609730510963,19.173902694890373,226959.68123274783,53840.31876725218
299,80.4023190687332,19.597680931266794,225769.71194500284,55030.288054997145
300,78.94927265311827,21.05072734688173,221689.5576099561,59110.4423900439
301,80.54590527056568,19.454094729434317,226172.90199974843,54627.098000251564
302,80.68215680874596,19.317843191254042,226555.49631895864,54244.50368104138
303,77.59105436437218,22.408945635627816,217875.68065515708,62924.31934484291
304,79.65202711685862,20.34797288314138,223662.89214413898,57137.10785586101
305,78.96493837122827,21.03506162877173,221733.54694640898,59066.453053591
306,78.4868790111541,21.5131209888459,220391.1562633207,60408.84373667928
307,80.22041719597864,19.77958280402136,225258.93148630802,55541.06851369197
308,81.2270104388013,18.7729895611987,228085.44531215404,52714.55468784596
309,81.58498017843591,18.415019821564087,229090.62434104807,51709.37565895191
310,79.42854401643584,20.571455983564164,223035.35159815184,57764.64840184816
311,81.69231954760808,18.30768045239192,229392.0332896835,51407.966710316505
312,79.98422712444382,20.01577287555618,224595.70976543825,56204.29023456173
313,79.02227030501824,20.97772969498176,221894.53501649122,58905.464983508784
314,80.36513834923785,19.634861650762147,225665.30848465988,55134.69151534013
315,81.30896738379029,18.69103261620971,228315.5804136831,52484.419586316886
316,79.16989931125642,20.830100688743585,222309.077266008,58490.922733991974
317,80.63044495999378,19.36955504000622,226410.2894476625,54389.7105523375
318,80.33313426262013,19.666865737379865,225575.44100943732,55224.55899056269
319,79.45015003117388,20.549849968826123,223096.02128753622,57703.97871246379
320,79.93935519673346,20.06064480326654,224469.70939242753,56330.29060757246
321,81.17092915504482,18.829070844955183,227927.96906736583,52872.03093263415
322,78.99233504600069,21.00766495399931,221810.47680916992,58989.52319083009
323,80.30500193279998,19.694998067200018,225496.44542730236,55303.55457269764
324,80.2812691657002,19.718730834299805,225429.80381728616,55370.19618271386
325,80.4000483318242,19.599951668175805,225763.33571576234,55036.66428423766
326,79.19106294913834,20.80893705086166,222368.5047611805,58431.49523881949
327,79.22386539291163,20.776134607088366,222460.61402329587,58339.38597670413
328,80.74393427451675,19.256065725483253,226728.96744284302,54071.032557156985
329,80.59171855275564,19.408281447244363,226301.54569613782,54498.45430386219
330,80.76231380892106,19.237686191078936,226780.57717545034,54019.42282454964
331,79.84343455398901,20.156565446010987,224200.36422760115,56599.63577239887
332,78.48530896136204,21.514691038637963,220386.7475635046,60413.25243649537
333,80.05586581070038,19.944134189299618,224796.87119644665,56003.12880355335
334,79.72238342268456,20.27761657731544,223860.45265089825,56939.54734910175
335,80.01702095088294,19.982979049117063,224687.7948300793,56112.2051699207
336,79.58723992539467,20.41276007460533,223480.96971050825,57319.03028949177
337,81.16086727438197,18.83913272561803,227899.71530646458,52900.28469353543
338,80.20224469046488,19.79775530953512,225207.90309082536,55592.096909174616
339,79.27496071576411,20.72503928423589,222604.08968986562,58195.91031013437
340,79.58422646308314,20.41577353691686,223472.50790833746,57327.492091662534
341,79.45360128243632,20.546398717563676,223105.7124010812,57694.28759891882
342,79.40227076834773,20.597729231652266,222961.57631752043,57838.423682479566
343,80.00157546467818,19.998424535321817,224644.42390481633,56155.57609518367
344,80.28424033379359,19.71575966620641,225438.1468572924,55361.8531427076
345,80.06956209229031,19.93043790770969,224835.3303551512,55964.66964484881
346,79.03413497125109,20.965865028748908,221927.85099927307,58872.14900072695
347,81.44206760701759,18.55793239298241,228689.3258405054,52110.67415949462
348,78.80198921858708,21.19801078141292,221275.98572579253,59524.01427420747
349,78.66356357004717,21.336436429952826,220887.28650469246,59912.71349530754
350,79.25773487057774,20.742265129422265,222555.71951658226,58244.28048341772
351,80.88231829584433,19.11768170415567,227117.5497747309,53682.4502252691
352,79.38922767726304,20.610772322736963,222924.95131775463,57875.04868224536
353,80.17616347067359,19.823836529326414,225134.66702565143,55665.33297434857
354,80.56410568773471,19.43589431226529,226224.00877115907,54575.991228840925
355,79.32105752516382,20.678942474836177,222733.52953066002,58066.47046934
356,79.95882400022705,20.041175999772946,224524.37779263756,56275.62220736244
357,78.99844757159289,21.00155242840711,221827.64078103282,58972.35921896718
358,78.95741486895218,21.042585131047815,221712.42095201777,59087.579047982246
359,78.82427794802635,21.17572205197365,221338.57247805802,59461.427521941965
360,80.07032108194898,19.929678918051025,224837.4615981127,55962.5384018873
361,79.35084283484176,20.649157165158243,222817.16668023565,57982.83331976436
362,79.96601077409949,20.033989225900513,224544.55825367133,56255.44174632867
363,81.29814498146952,18.70185501853048,228285.1911079664,52514.80889203361
364,80.48057048589163,19.519429514108367,225989.44192438372,54810.55807561628
365,79.75745372859889,20.24254627140111,223958.9300699057,56841.06993009429
366,80.47432943965028,19.525670560349724,225971.91706653795,54828.08293346205
367,77.71239691103389,22.287603088966108,218216.4105261832,62583.589473816784
368,78.1834244864196,21.816575513580403,219539.05595786622,61260.94404213379
369,80.53870792628786,19.461292073712144,226152.6918570163,54647.30814298371
370,79.8590461831966,20.140953816803403,224244.20168241605,56555.79831758395
371,80.80818998025835,19.191810019741652,226909.39746456544,53890.602535434555
372,78.41630487615105,21.583695123848955,220192.98409223213,60607.0159077679
373,80.30384680340393,19.69615319659607,225493.20182395825,55306.798176041775
374,79.08243194479044,20.917568055209557,222063.46890097158,58736.5310990284
375,79.78525242854263,20.214747571457366,224036.9888193477,56763.01118065229
376,80.30743523737588,19.692564762624116,225503.2781465515,55296.7218534485
377,78.58526791140953,21.41473208859047,220667.43229523796,60132.567704762034
378,79.36502704447447,20.634972955525527,222856.9959408843,57943.0040591157
379,80.8804401501567,19.1195598498433,227112.27594164002,53687.72405835996
380,80.19883090783961,19.801169092160393,225198.31718921365,55601.68281078637
381,79.86265002148392,20.137349978516085,224254.32126032683,56545.67873967318
382,79.298019590818,20.701980409182,222668.83901101694,58131.16098898306
383,79.95693021767975,20.043069782320245,224519.06005124474,56280.939948755244
384,78.3207720967942,21.6792279032058,219924.72804779813,60875.27195220189
385,80.06493320992118,19.93506679007882,224822.33245345863,55977.66754654133
386,81.08625750401353,18.91374249598647,227690.21107126997,53109.78892873002
387,79.94565764729073,20.05434235270927,224487.40667359237,56312.59332640762
388,78.08430540267905,21.91569459732095,219260.72957072276,61539.27042927725
389,79.79965701820672,20.200342981793284,224077.43690712444,56722.56309287558
390,81.05479229302581,18.945207706974188,227601.8567588165,53198.14324118351
391,78.34793734302458,21.652062656975417,220001.00805921303,60798.991940786975
392,79.19866311640595,20.801336883594047,222389.84603086792,58410.153969132094
393,80.76002032137323,19.239979678626767,226774.13706241606,54025.86293758392
394,78.94995745532984,21.050042544670163,221691.48053456616,59108.51946543386
395,79.0613338871608,20.9386661128392,222004.22555514754,58795.77444485243
396,79.72717087910718,20.272829120892823,223873.89582853296,56926.104171467035
397,79.73411192635612,20.26588807364388,223893.386289208,56906.61371079199
398,80.57652126644832,19.423478733551676,226258.87171618687,54541.12828381314
399,79.13661049092032,20.86338950907968,222215.60225850428,58584.397741495704
400,78.23671777560025,21.763282224399745,219688.7035138855,61111.29648611451
401,77.77101084790348,22.228989152096517,218380.99846091296,62419.001539087025
402,80.63941161014733,19.360588389852666,226435.46780129374,54364.53219870626
403,80.4408194298744,19.559180570125605,225877.82095908732,54922.179040912684
404,81.21063244489463,18.789367555105372,228039.4559052641,52760.54409473589
405,79.69857273319496,20.301427266805035,223793.59223481145,57006.407765188545
406,80.89863422412252,19.101365775877483,227163.36490133606,53636.635098663945
407,78.85212730613677,21.147872693863235,221416.77347563204,59383.22652436796
408,80.33471066158239,19.665289338417608,225579.86753772333,55220.132462276655
409,80.23627175604477,19.763728243955228,225303.45109097371,55496.5489090263
410,80.45682284764617,19.543177152353834,225922.75855619044,54877.24144380957
411,78.09852407228607,21.901475927713932,219300.65559497927,61499.344405020725
412,80.17169908473058,19.828300915269423,225122.13102992345,55677.86897007657
413,80.82828890365306,19.17171109634694,226965.8352414578,53834.16475854222
414,79.93288980514528,20.06711019485472,224451.55457284793,56348.44542715208
415,81.40996687006432,18.590033129935676,228599.18697114062,52200.813028859375
416,80.45230886682833,19.547691133171668,225910.08329805394,54889.91670194606
417,79.96648435748995,20.033515642510054,224545.88807583175,56254.11192416825
418,79.20583875706467,20.79416124293533,222409.9952298376,58390.00477016241
419,80.66476390582513,19.335236094174874,226506.65704755695,54293.34295244304
420,79.43977739655097,20.560222603449034,223066.89492951514,57733.10507048484
421,81.72200690985903,18.277993090140967,229475.39540288417,51324.6045971158
422,78.3675103730235,21.632489626976493,220055.96912745002,60744.03087254995
423,78.87860234357439,21.121397656425614,221491.11538075688,59308.88461924315
424,80.55115857811538,19.448841421884623,226187.653287348,54612.346712652026
425,80.14046902750648,19.859530972493516,225034.4370292382,55765.562970761806
426,78.3974486607897,21.602551339210294,220140.0358394975,60659.964160502524
427,79.55237364889989,20.447626351100112,223383.06520611088,57416.93479388913
428,80.39630095479492,19.603699045205076,225752.8130810642,55047.18691893583
429,78.8345755754347,21.165424424565302,221367.48821582063,59432.51178417935
430,78.99234600930097,21.007653990699026,221810.50759411714,58989.49240588285
431,79.94709458790518,20.052905412094816,224491.44160283776,56308.55839716224
432,79.57780356812081,20.422196431879186,223454.47241928324,57345.527580716756
433,81.08721545866456,18.91278454133544,227692.9010079301,53107.09899206986
434,78.77307548955605,21.22692451044395,221194.79597467338,59605.2040253266
435,79.7235924089964,20.276407591003604,223863.84748446188,56936.15251553812
436,79.33791502632043,20.66208497367957,222780.86539390776,58019.13460609226
437,80.58831455980338,19.41168544019662,226291.98728392788,54508.012716072124
438,78.68045322903646,21.31954677096354,220934.7126671344,59865.28733286561
439,80.4376061401279,19.562393859872103,225868.79804147917,54931.20195852086
440,79.33539816423999,20.66460183576001,222773.7980451859,58026.20195481411
441,78.50427991246994,21.49572008753006,220440.0179942156,60359.98200578438
442,78.84559317492219,21.154406825077814,221398.42563518148,59401.5743648185
443,78.0397660583375,21.960233941662494,219135.6630918117,61664.3369081883
444,78.94910440795331,21.050895592046686,221689.08517753292,59110.914822467064
445,81.18319200490318,18.816807995096823,227962.40314976813,52837.596850231865
446,80.81634430199286,19.183655698007144,226932.29479999596,53867.70520000403
447,78.26723781722737,21.732762182772632,219774.40379077446,61025.59620922552
448,79.35714086377227,20.642859136227727,222834.85154547254,57965.14845452746
449,81.35353093637765,18.646469063622348,228440.71486934845,52359.28513065153
450,80.12329045537052,19.876709544629477,224986.19959868042,55813.800401319604
451,80.03423454528819,19.965765454711814,224736.13060316924,56063.86939683076
452,79.27460514055763,20.725394859442375,222603.0912346858,58196.908765314205
453,80.92516408475964,19.074835915240357,227237.86075000506,53562.139249994936
454,80.64117507708549,19.358824922914508,226440.41961645606,54359.580383543944
455,79.61606081680853,20.383939183191472,223561.8987735983,57238.101226401675
456,79.81378634930161,20.18621365069839,224117.1120688389,56682.88793116111
457,80.11932220861637,19.880677791383633,224975.05676179478,55824.94323820524
458,81.76732481655087,18.232675183449132,229602.64808487485,51197.35191512517
459,78.7564544770688,21.2435455229312,221148.12417160918,59651.87582839084
460,79.49048568536367,20.509514314636334,223209.28380450117,57590.716195498804
461,79.09465597524773,20.905344024752267,222097.79397849564,58702.20602150435
462,80.1803983737321,19.819601626267897,225146.55863343977,55653.44136656025
463,79.7220393915892,20.277960608410794,223859.48661158248,56940.513388417516
464,78.67417899934982,21.32582100065018,220917.09463017428,59882.905369825705
465,80.42773113872124,19.572268861278758,225841.06903752923,54958.9309624708
466,77.8698885287995,22.130111471200493,218658.646988869,62141.353011130996
467,80.07565750316041,19.924342496839586,224852.44626887445,55947.55373112554
468,79.26053784934955,20.739462150650454,222563.59028097353,58236.409719026466
469,80.01179899705603,19.988201002943967,224673.13158373334,56126.86841626666
470,79.18290689538554,20.817093104614457,222345.6025622426,58454.397437757405
471,79.36998035433501,20.630019645664987,222870.90483497272,57929.09516502726
472,79.41788626463358,20.58211373536642,223005.42463109107,57794.57536890892
473,78.91016856873374,21.089831431266262,221579.75334100434,59220.246658995675
474,78.61526805793,21.384731942070005,220751.67270666745,60048.327293332535
475,80.73104357622883,19.268956423771172,226692.77036205056,54107.22963794942
476,80.5069445336835,19.493055466316505,226063.50025058325,54736.49974941674
477,78.64923059669664,21.35076940330336,220847.03951552417,59952.96048447584
478,80.23175223579707,19.768247764202926,225290.76027811816,55509.23972188184
479,79.81847173178274,20.181528268217264,224130.26862284594,56669.73137715408
480,79.44992260450077,20.55007739549923,223095.38267343814,57704.617326561885
481,77.57205267115346,22.427947328846543,217822.32390059892,62977.6760994011
482,79.6628618901945,20.337138109805494,223693.31618766618,57106.68381233381
483,78.97525859205825,21.024741407941747,221762.52612649958,59037.473873500436
484,79.64744454556946,20.352555454430544,223650.02428395904,57149.975716040964
485,80.72627361492741,19.273726385072592,226679.37631071615,54120.62368928387
486,79.523742656286,20.476257343713996,223302.66937885107,57497.33062114891
487,78.51864833869435,21.481351661305652,220480.36453505376,60319.635464946245
488,79.61418241682055,20.385817583179445,223556.62422643212,57243.37577356787
489,78.6268760279436,21.373123972056405,220784.26788646562,60015.73211353438
490,80.19114784623169,19.808852153768314,225176.74315221858,55623.25684778142
491,80.70860292698498,19.29139707301502,226629.75701897382,54170.242981026175
492,80.67170137740747,19.328298622592527,226526.13746776019,54273.86253223982
493,78.41934750371958,21.580652496280422,220201.52779044458,60598.47220955542
494,79.57536078475867,20.424639215241328,223447.61308360237,57352.38691639763
495,80.65224376477187,19.347756235228132,226471.5004914794,54328.499508520596
496,78.1256560871254,21.874343912874593,219376.84229264813,61423.15770735188
497,79.90603046739488,20.093969532605115,224376.13355244484,56423.86644755516
498,80.3069359194991,19.693064080500903,225501.8760619535,55298.123938046505
499,78.734265336863,21.265734663136996,221085.81706591134,59714.18293408866
500,78.82856664972772,21.17143335027228,221350.61515243544,59449.384847564565
501,79.99938694147215,20.000613058527847,224638.2785316538,56161.72146834619
502,79.14915155725255,20.85084844274745,222250.81757276517,58549.18242723482
503,79.46836655327513,20.531633446724868,223147.17328159657,57652.82671840342
504,80.4139038401287,19.586096159871303,225802.2419830814,54997.75801691864
505,79.93075681649918,20.069243183500816,224445.5651407297,56354.4348592703
506,79.31463887310386,20.68536112689614,222715.50595567565,58084.49404432436
507,79.25322251833755,20.74677748166245,222543.04883149185,58256.951168508145
508,80.36893609561216,19.631063904387844,225675.97255647893,55124.02744352106
509,79.74771423772535,20.252285762274653,223931.58157953277,56868.418420467235
510,80.35277553346627,19.64722446653373,225630.5936979733,55169.406302026706
511,79.38689804340063,20.613101956599365,222918.40970586898,57881.590294131034
512,79.71800241910763,20.281997580892366,223848.15079285426,56951.84920714577
513,81.21517330986843,18.784826690131567,228052.20665411057,52747.79334588944
514,78.84569533351575,21.15430466648425,221398.71249651225,59401.28750348775
515,80.32082595045993,19.679174049540066,225540.8792688915,55259.120731108495
516,78.2572292571692,21.7427707428308,219746.29975413112,61053.700245868895
517,81.06904026398364,18.930959736016362,227641.86506126606,53158.13493873395
518,80.33591904545656,19.664080954543437,225583.26067964203,55216.73932035795
519,79.90414246514138,20.095857534858624,224370.83204211696,56429.16795788304
520,80.9006722075075,19.099327792492502,227169.08755868106,53630.91244131894
521,81.11271423812532,18.88728576187468,227764.50158065592,53035.49841934409
522,80.55900622430799,19.440993775692007,226209.68947785685,54590.31052214313
523,78.75835830630704,21.241641693692955,221153.47012411017,59646.52987588982
524,79.58969823733482,20.410301762665185,223487.87265043615,57312.127349563845
525,79.02181430389514,20.97818569610486,221893.25456533756,58906.74543466243
526,80.03429206481205,19.96570793518795,224736.29211799224,56063.70788200776
527,81.28786353692063,18.712136463079375,228256.3208116731,52543.679188326925
528,77.34484477910914,22.65515522089086,217184.32413973848,63615.675860261515
529,79.23988332122056,20.76011667877944,222505.59236598734,58294.40763401266
530,79.31115495448078,20.688845045519216,222705.72311218205,58094.276887817956
531,80.80363762697426,19.196362373025735,226896.61445654376,53903.38554345626
532,81.20525696405363,18.794743035946368,228024.36155506258,52775.6384449374
533,79.83931715685317,20.16068284314683,224188.8025764437,56611.19742355628
534,81.72192728040756,18.278072719592444,229475.17180338444,51324.828196615585
535,79.59709363075743,20.402906369242572,223508.63891516684,57291.36108483316
536,78.72295446002194,21.27704553997806,221054.0561237416,59745.9438762584
537,81.65799155012358,18.342008449876417,229295.640272747,51504.359727253
538,79.75777308481173,20.24222691518827,223959.82682215134,56840.17317784866
539,79.60275475623327,20.397245243766733,223524.535355503,57275.46464449701
540,78.41011290379527,21.589887096204734,220175.59703385708,60624.40296614291
541,80.53087827477137,19.469121725228632,226130.706195558,54669.29380444197
542,78.94932792105914,21.050672078940863,221689.71280233405,59110.28719766594
543,81.01781166938633,18.982188330613667,227498.01516763683,53301.984832363174
544,78.98496824776235,21.015031752237647,221789.7908397167,59010.2091602833
545,79.69994247886147,20.300057521138527,223797.43848064303,57002.56151935699
546,79.13501682461303,20.864983175386968,222211.12724351342,58588.87275648657
547,79.60094449308808,20.39905550691192,223519.4521365913,57280.547863408705
548,79.78503590947462,20.214964090525385,224036.38083380472,56763.619166195276
549,81.31934215190296,18.68065784809704,228344.71276254352,52455.28723745647
550,78.8605221904655,21.139477809534498,221440.34631082715,59359.65368917284
551,80.27557914885959,19.724420851140408,225413.8262499977,55386.17375000229
552,80.78400520749784,19.21599479250216,226841.48662265396,53958.513377346055
553,76.98537942486972,23.01462057513028,216174.94542503415,64625.054574965834
554,80.22409419919299,19.77590580080701,225269.25651133392,55530.74348866609
555,80.32737682038132,19.672623179618682,225559.27411163074,55240.72588836928
556,80.86761587750641,19.13238412249359,227076.26538403798,53723.734615962
557,78.79078828143591,21.20921171856409,221244.53349427204,59555.46650572798
558,80.1300526229632,19.869947377036794,225005.1877652807,55794.81223471931
559,79.49810170234937,20.501898297650627,223230.66958019702,57569.330419802995
560,79.32798558398285,20.67201441601715,222752.98351982384,58047.016480176164
561,79.89204257893388,20.107957421066118,224336.8555616463,56463.14443835368
562,78.52428225021748,21.47571774978252,220496.1845586107,60303.8154413893
563,80.83908117180785,19.160918828192152,226996.13993043645,53803.86006956357
564,80.03790274575931,19.96209725424069,224746.43091009214,56053.56908990787
565,79.18224363918644,20.81775636081356,222343.7401388355,58456.259861164486
566,78.99494526734973,21.005054732650265,221817.80631071806,58982.19368928193
567,79.2801022139208,20.7198977860792,222618.5270166896,58181.47298331039
568,79.52436320163233,20.475636798367674,223304.41187018354,57495.58812981647
569,80.65523736332601,19.34476263667399,226479.90651621943,54320.093483780576
570,79.13175734015755,20.86824265984245,222201.97461116238,58598.02538883763
571,79.08984165091032,20.910158349089684,222084.27535575617,58715.72464424383
572,80.30274371906815,19.697256280931853,225490.10436314336,55309.89563685665
573,79.11220051095553,20.88779948904447,222147.05903476314,58652.94096523689
574,80.77552136792967,19.22447863207033,226817.6640011465,53982.33599885351
575,80.14596674853125,19.85403325146875,225049.87462987576,55750.125370124246
576,80.66210294006282,19.337897059937177,226499.18505569643,54300.814944303565
577,79.34070643868746,20.659293561312538,222788.70367983438,58011.2963201656
578,78.7943444767141,21.2056555232859,221254.51929061319,59545.480709386844
579,79.58069393360272,20.419306066397283,223462.58856555645,57337.41143444356
580,79.13655862288891,20.863441377111087,222215.45661307208,58584.54338692791
581,80.62187934770971,19.378120652290292,226386.23720836887,54413.762791631125
582,78.74617676143482,21.253823238565175,221119.264346109,59680.73565389102
583,78.86965756802174,21.130342431978264,221465.99845100503,59334.001548994944
584,78.9471747313624,21.052825268637605,221683.66664566562,59116.333354334376
585,80.59072694064724,19.409273059352756,226298.7612493375,54501.23875066251
586,80.34725784747322,19.652742152526784,225615.1000357048,55184.8999642952
587,79.06556187084608,20.934438129153918,222016.0977333358,58783.9022666642
588,80.46034717498264,19.539652825017356,225932.6548673513,54867.345132648705
589,78.42491737610463,21.57508262389537,220217.1679921018,60582.8320078982
590,80.22832322969094,19.771676770309057,225281.1316289722,55518.868371027806
591,78.03630392350198,21.963696076498024,219125.94141719356,61674.05858280643
592,79.77368073664131,20.22631926335869,224004.4955084888,56795.504491511216
593,80.5338165959289,19.466183404071103,226138.95700136834,54661.04299863167
594,78.54140351903504,21.458596480964957,220544.26108145042,60255.738918549585
595,81.16972275804224,18.83027724195776,227924.5815045826,52875.41849541741
596,79.23486605835049,20.76513394164951,222491.50389184814,58308.49610815184
597,79.58817005049413,20.411829949505872,223483.5815017875,57316.4184982125
598,78.39546757452864,21.604532425471362,220134.47294927645,60665.52705072354
599,79.40062769754064,20.599372302459358,222956.96257469413,57843.03742530587
600,78.62716519015297,21.372834809847035,220785.07985394952,60014.920146050485
601,79.44121778805034,20.558782211949662,223070.93954884534,57729.06045115464
602,78.93674591378752,21.06325408621248,221654.38252591537,59145.61747408462
603,80.65938900396469,19.34061099603531,226491.56432313286,54308.43567686715
604,79.65822334508465,20.34177665491535,223680.29115299767,57119.708847002315
605,80.67246945003845,19.32753054996155,226528.29421570798,54271.70578429199
606,79.60366138681087,20.39633861318913,223527.08117416495,57272.91882583505
607,80.17213795254303,19.827862047456975,225123.36337074082,55676.63662925918
608,78.8812826552166,21.118717344783406,221498.6416958482,59301.35830415179
609,78.74568902778559,21.254310972214412,221117.89479002194,59682.10520997809
610,81.29512229787323,18.704877702126765,228276.70341242803,52523.29658757197
611,81.25739605855797,18.742603941442027,228170.7681324308,52629.23186756919
612,78.38052033957867,21.619479660421334,220092.50111353688,60707.498886463116
613,79.4217594868607,20.578240513139306,223016.3006391048,57783.69936089523
614,79.30577932011605,20.694220679883955,222690.62833088584,58109.371669114145
615,79.39892713283945,20.601072867160553,222952.18738901318,57847.8126109868
616,78.60011016453936,21.39988983546064,220709.10934202652,60090.89065797349
617,79.64585866725358,20.354141332746423,223645.57113764805,57154.42886235194
618,80.3703243659038,19.629675634096202,225679.87081945786,55120.12918054215
619,80.14532596253898,19.854674037461024,225048.07530280948,55751.924697190516
620,78.99363200167537,21.006367998324635,221814.1186607044,58985.881339295585
621,79.67195070565229,20.328049294347707,223718.83758147166,57081.16241852834
622,78.43713510904328,21.562864890956718,220251.47538619352,60548.5246138065
623,79.69349347833673,20.306506521663266,223779.32968716955,57020.670312830465
624,79.62360225725644,20.376397742743563,223583.0751383761,57216.924861623906
625,79.60879065990405,20.391209340095955,223541.48417301054,57258.515826989445
626,80.10580435014234,19.894195649857664,224937.0986151997,55862.9013848003
627,79.66170791386375,20.33829208613625,223690.0758221294,57109.9241778706
628,79.8429082222907,20.157091777709297,224198.8862881923,56601.11371180769
629,81.22732745742844,18.772672542571556,228086.33550045907,52713.664499540944
630,77.87916910396473,22.120830896035272,218684.70684393295,62115.293156067055
631,80.54208387441817,19.457916125581832,226162.1715193662,54637.8284806338
632,78.43120275383906,21.56879724616094,220234.81733278008,60565.18266721992
633,80.04688605249373,19.953113947506267,224771.65603540238,56028.34396459765
634,78.71252329656258,21.28747670343742,221024.76541674772,59775.2345832523
635,79.50527328956892,20.49472671043108,223250.80739710951,57549.1926028905
636,79.87550917606072,20.124490823939283,224290.4297663785,56509.5702336215
637,78.26665374494857,21.73334625505143,219772.76371581558,61027.23628418442
638,81.14760631277294,18.852393687227064,227862.4785262664,52937.52147373359
639,81.60615757753374,18.393842422466264,229150.09047771472,51649.90952228529
640,81.26979982089352,18.730200179106475,228205.597897069,52594.40210293099
641,79.33558319201317,20.664416807986825,222774.31760317297,58025.68239682702
642,81.2784630695097,18.721536930490302,228229.92429918324,52570.07570081676
643,79.91461350030426,20.085386499695744,224400.23470885435,56399.76529114565
644,80.969806724938,19.030193275062004,227363.2172836259,53436.78271637409
645,77.84941636581874,22.15058363418126,218601.16115521902,62198.838844781
646,80.30428079383738,19.69571920616262,225494.42046909535,55305.57953090465
647,78.76292030062825,21.237079699371748,221166.28020416416,59633.719795835845
648,79.67748432982998,20.32251567017002,223734.37599816258,57065.62400183742
649,80.05330752964012,19.946692470359878,224789.6875432295,56010.31245677051
650,80.42327786121145,19.576722138788554,225828.56423428172,54971.43576571827
651,80.81077207207937,19.189227927920626,226916.6479783989,53883.35202160111
652,79.49623272141278,20.50376727858722,223225.42148172707,57574.578518272916
653,79.70838533838422,20.29161466161578,223821.14603018286,56978.85396981714
654,79.21148197427942,20.788518025720577,222425.8413837767,58374.15861622335
655,79.10664700804443,20.893352991955567,222131.4647985888,58668.535201411185
656,80.05517875319664,19.944821246803357,224794.94193897618,56005.058061023825
657,80.8392282420226,19.1607717579774,226996.55290359946,53803.447096400516
658,80.40654406536937,19.593455934630626,225781.57573555718,55018.424264442816
659,78.5117232791455,21.4882767208545,220460.91896784055,60339.08103215945
660,77.85878738556208,22.14121261443792,218627.4749786583,62172.525021341666
661,80.34976837433219,19.650231625667814,225622.1495951248,55177.85040487519
662,78.9466239749541,21.053376025045907,221682.12012167112,59117.87987832888
663,80.22906901360393,19.770930986396067,225283.22579019982,55516.774209800205
664,80.43316874924712,19.566831250752884,225856.3378478859,54943.662152114106
665,80.69612329076742,19.303876709232583,226594.7142004749,54205.285799525096
666,80.4208915014589,19.579108498541103,225821.86333609658,54978.136663903424
667,79.62974633122873,20.37025366877127,223600.3276980903,57199.672301909726
668,79.31578317261764,20.684216827382357,222718.71914871037,58081.28085128963
669,79.90669190020265,20.093308099797355,224377.99085576902,56422.00914423098
670,80.90360551995848,19.096394480041525,227177.3243000434,53622.6756999566
671,80.32238385336278,19.67761614663722,225545.2538602427,55254.746139757306
672,80.04758555712422,19.952414442875778,224773.62024440482,56026.379755595146
673,79.46831542668166,20.531684573318344,223147.0297181221,57652.9702818779
674,80.59909493223753,19.400905067762466,226322.258569723,54477.74143027699
675,80.07358891771112,19.92641108228888,224846.63768093285,55953.36231906715
676,78.99596019237659,21.004039807623414,221820.65622019346,58979.343779806535
677,79.23250964495499,20.767490355045013,222484.8870830336,58315.11291696643
678,79.17617893662407,20.82382106337593,222326.7104540404,58473.289545959604
679,79.98819835672086,20.011801643279142,224606.86098567216,56193.13901432786
680,79.65415384179944,20.34584615820056,223668.86398777284,57131.13601222717
681,79.37705928695678,20.62294071304322,222890.78247777463,57909.21752222537
682,79.08119357445693,20.918806425543067,222059.99155707506,58740.008442924925
683,79.99832623125283,20.001673768747168,224635.30005735793,56164.69994264207
684,80.65239865719843,19.347601342801568,226471.9354294132,54328.06457058682
685,80.47716084843829,19.522839151561712,225979.8676624147,54820.132337585295
686,79.53357939240209,20.46642060759791,223330.29093386506,57469.70906613492
687,80.16772366984011,19.832276330159885,225110.96806491102,55689.03193508898
688,80.65198080340042,19.34801919659958,226470.76209594836,54329.23790405163
689,80.15009774130746,19.849902258692538,225061.47445759136,55738.52554240863
690,80.64606905075546,19.353930949244543,226454.1618945213,54345.83810547869
691,79.74182936603732,20.258170633962678,223915.05685983278,56884.94314016724
692,79.3695490692515,20.630450930748495,222869.69378645823,57930.30621354177
693,77.56153032994145,22.438469670058552,217792.7771664756,63007.22283352439
694,79.5422765434873,20.457723456512696,223354.71253411233,57445.28746588768
695,80.15747061541094,19.842529384589056,225082.1774880739,55717.822511926075
696,79.65177831155884,20.348221688441157,223662.19349885723,57137.806501142775
697,80.48094261707261,19.519057382927386,225990.4868687399,54809.5131312601
698,78.98981807174208,21.01018192825792,221803.40914545176,58996.590854548245
699,79.73814029251047,20.261859707489535,223904.69794136944,56895.3020586306
700,79.82064301990118,20.179356980098817,224136.36559988253,56663.63440011746
701,80.35979539843785,19.640204601562147,225650.30547881348,55149.694521186524
702,77.98411359932054,22.015886400679463,218979.39098689207,61820.60901310791
703,80.2359040906944,19.764095909305595,225302.4186866699,55497.58131333008
704,78.59041478500804,21.409585214991964,220681.88471630256,60118.11528369742
705,79.91278440571324,20.08721559428676,224395.09861124278,56404.90138875724
706,80.63204112220932,19.367958877790684,226414.77147116378,54385.22852883621
707,78.75318925799861,21.246810742001387,221138.9554364601,59661.04456353992
708,79.8743119171877,20.125688082812303,224287.06786346305,56512.93213653696
709,77.61258502044733,22.387414979552673,217936.13873741607,62863.86126258393
710,80.21021911221928,19.789780887780722,225230.29526711174,55569.70473288826
711,80.02281726652761,19.97718273347239,224704.07088440954,56095.92911559047
712,78.99140986043646,21.008590139563537,221807.87888810557,58992.12111189445
713,81.00972259717271,18.99027740282729,227475.30105286097,53324.69894713901
714,80.77039825208703,19.229601747912966,226803.27829186042,53996.72170813958
715,79.07269001800603,20.92730998199397,222036.11357056093,58763.88642943905
716,78.74358185189233,21.25641814810767,221111.97784011366,59688.02215988633
717,80.03767343308576,19.962326566914243,224745.78700010478,56054.212999895215
718,81.59393740403291,18.406062595967086,229115.7762305244,51684.22376947556
719,79.4702128827701,20.5297871172299,223152.35777481843,57647.64222518159
720,80.27328180995032,19.72671819004968,225407.3753223405,55392.624677659514
721,78.3153844059721,21.684615594027903,219909.59941196966,60890.40058803034
722,79.86278277776137,20.137217222238633,224254.69403995387,56545.30596004609
723,79.06848464896838,20.93151535103162,222024.30489430323,58775.69510569675
724,80.25411895526197,19.745881044738027,225353.56602637563,55446.433973624386
725,78.55788405124574,21.442115948754264,220590.53841589805,60209.46158410197
726,80.42909434690087,19.570905653099132,225844.89692609763,54955.10307390239
727,78.83474595902284,21.16525404097716,221367.96665293613,59432.03334706389
728,80.98998202177302,19.010017978226983,227419.86951713864,53380.13048286136
729,79.10931238983785,20.890687610162146,222138.94919066472,58661.05080933528
730,78.16380424146068,21.83619575853932,219483.96231002163,61316.03768997838
731,79.24439557369176,20.75560442630824,222518.26277092646,58281.73722907351
732,79.73696950890155,20.263030491098448,223901.41038099554,56898.58961900445
733,81.48648765748176,18.51351234251824,228814.0573422088,51985.9426577912
734,80.30816480605351,19.69183519394649,225505.32677539825,55294.67322460176
735,80.00684633626392,19.99315366373608,224659.2245122291,56140.77548777093
736,79.95234301791656,20.04765698208344,224506.1791943097,56293.820805690295
737,79.70875053944754,20.291249460552464,223822.17151476868,56977.828485231345
738,81.1896056909933,18.810394309006696,227980.4127803092,52819.58721969079
739,78.99833042290615,21.00166957709385,221827.31182752046,58972.688172479524
740,80.96825526961211,19.031744730387885,227358.86079707084,53441.13920292916
741,81.25811423397863,18.74188576602137,228172.78476901198,52627.21523098801
742,79.57216169551565,20.427838304484354,223438.6300410079,57361.369958992094
743,81.72368785385491,18.276312146145088,229480.1154936246,51319.8845063754
744,81.34366316282158,18.656336837178415,228413.00616120303,52386.99383879695
745,80.08605098086502,19.913949019134975,224881.631154269,55918.368845731
746,80.34100538614783,19.658994613852173,225597.54312430308,55202.456875696924
747,80.24839596177374,19.75160403822626,225337.49586066068,55462.50413933932
748,78.05236145983952,21.947638540160483,219171.03097922937,61628.96902077063
749,79.88291444918893,20.11708555081107,224311.22377332253,56488.77622667746
750,79.64028780624048,20.35971219375952,223629.92815992323,57170.07184007676
751,79.24602819959044,20.75397180040956,222522.84718444996,58277.152815550035
752,80.54422911322528,19.455770886774715,226168.1953499366,54631.80465006337
753,78.19424901344192,21.80575098655808,219569.4512297449,61230.5487702551
754,79.29313118968737,20.706868810312628,222655.11238064215,58144.88761935786
755,80.42121905261163,19.578780947388367,225822.78309973347,54977.21690026653
756,80.84903351881503,19.150966481184966,227024.0861208326,53775.9138791674
757,80.04859393233833,19.951406067661665,224776.45176200607,56023.54823799395
758,78.98304290510555,21.01695709489445,221784.38447753637,59015.615522463624
759,79.20521778816965,20.794782211830352,222408.25154918036,58391.74845081964
760,79.66544262765613,20.334557372343866,223700.56289845842,57099.43710154158
761,78.8947179833617,21.1052820166383,221536.3680972797,59263.631902720335
762,78.52009684307511,21.47990315692489,220484.43193535492,60315.56806464508
763,79.14967148759882,20.850328512401177,222252.27753717746,58547.72246282253
764,78.61395091281156,21.38604908718844,220747.97416317486,60052.02583682512
765,77.99917815614455,22.000821843855448,219021.6922624539,61778.30773754611
766,79.16593767160191,20.83406232839809,222297.95298185817,58502.04701814181
767,79.68090079089856,20.319099209101438,223743.96942084318,57056.0305791568
768,80.28184079545929,19.71815920454071,225431.4089536497,55368.59104635032
769,78.50888699521148,21.491113004788517,220452.95468255383,60347.04531744618
770,80.19518166801176,19.804818331988244,225188.07012377703,55611.92987622298
771,79.17809891977356,20.82190108022644,222332.10176672414,58467.89823327585
772,80.33246123039594,19.667538769604064,225573.5511349518,55226.448865048194
773,79.57786159674282,20.42213840325718,223454.63536365383,57345.36463634619
774,81.2869251989118,18.713074801088197,228253.68595854432,52546.314041455684
775,80.13384445284653,19.86615554715347,225015.83522359308,55784.164776406906
776,79.69180613045879,20.308193869541213,223774.59161432827,57025.40838567171
777,81.31515679269022,18.684843207309783,228332.9602738741,52467.03972612589
778,78.17168207266334,21.828317927336656,219506.08326003866,61293.91673996132
779,80.22371069261335,19.776289307386648,225268.17962485828,55531.82037514173
780,78.52827047094758,21.471729529052425,220507.38348242082,60292.61651757917
781,79.72468575537536,20.27531424462464,223866.917601094,56933.082398906015
782,78.95761746748859,21.04238253251141,221712.98984870798,59087.01015129202
783,79.89103620250431,20.10896379749569,224334.0296566321,56465.97034336789
784,81.737460242283,18.262539757716993,229518.78836033068,51281.211639669345
785,79.71052904011154,20.28947095988846,223827.16554463317,56972.83445536681
786,78.50319774486333,21.49680225513667,220436.97926757621,60363.02073242379
787,80.48796950502259,19.51203049497741,226010.21837010345,54789.78162989653
788,80.62635595116808,19.37364404883192,226398.80751087997,54401.19248912002
789,79.6009124310971,20.3990875689029,223519.36210652065,57280.637893479354
790,80.41835193455043,19.58164806544957,225814.7322322176,54985.2677677824
791,79.69677999944224,20.303220000557758,223788.5582384338,57011.441761566195
792,79.98699082106741,20.01300917893259,224603.47022555728,56196.52977444272
793,80.4559961770803,19.544003822919706,225920.43726524146,54879.562734758554
794,79.6359963809014,20.364003619098597,223617.8778375711,57182.1221624289
795,80.16521645261228,19.834783547387715,225103.9277989353,55696.072201064715
796,79.28178312321783,20.718216876782165,222623.2470099957,58176.75299000429
797,81.14608464240635,18.85391535759365,227858.20567587705,52941.794324122944
798,79.00852093603726,20.991479063962743,221855.9267883926,58944.07321160742
799,77.32796463230734,22.672035367692658,217136.92468751903,63663.07531248095
800,80.07995598545898,19.92004401454102,224864.51640716882,55935.483592831195
801,78.86781033157042,21.132189668429575,221460.81141104974,59339.18858895025
802,79.6364369695274,20.363563030472605,223619.1150104329,57180.88498956713
803,78.93172062410873,21.068279375891265,221640.27151249733,59159.72848750266
804,79.83947761925882,20.160522380741185,224189.25315487874,56610.74684512127
805,79.5834395661004,20.416560433899605,223470.29830160993,57329.70169839004
806,77.33658194122854,22.663418058771455,217161.12209096976,63638.877909030234
807,80.457376768608,19.542623231392,225924.31396625127,54875.68603374873
808,79.97485803244142,20.025141967558582,224569.4013550955,56230.598644904494
809,81.01731637117899,18.982683628821007,227496.6243702706,53303.37562972939
810,80.10647582189253,19.89352417810747,224938.98410787422,55861.01589212578
811,79.45656054780198,20.543439452198015,223114.02201822796,57685.97798177205
812,79.63900286058016,20.360997139419837,223626.3200325091,57173.6799674909
813,79.19321628147176,20.806783718528237,222374.55131837272,58425.448681627284
814,81.08748405139167,18.91251594860833,227693.6552163078,53106.344783692206
815,79.9688591080215,20.031140891978495,224552.55637532438,56247.443624675645
816,79.45671438255128,20.543285617448717,223114.453986204,57685.546013795996
817,79.88495723301638,20.11504276698362,224316.95991031,56483.04008969001
818,79.19143065576371,20.80856934423629,222369.53728138452,58430.46271861549
819,78.68541961693388,21.314580383066115,220948.65828435036,59851.341715649636
820,79.30010548170632,20.699894518293675,222674.69619263138,58125.30380736862
821,80.81229604606501,19.187703953934985,226920.92729735054,53879.07270264944
822,78.77532179576951,21.224678204230486,221201.1036025208,59598.8963974792
823,81.23735201301379,18.76264798698621,228114.48445254273,52685.51554745729
824,80.06640147936575,19.93359852063425,224826.45535405906,55973.54464594094
825,81.00740590732572,18.99259409267428,227468.79578777065,53331.204212229335
826,78.00009687401122,21.99990312598878,219024.2720222235,61775.72797777651
827,79.73885273983599,20.26114726016401,223906.69849345947,56893.30150654054
828,79.79830806486954,20.201691935130455,224073.6490461537,56726.35095384629
829,79.89603856173085,20.103961438269152,224348.0762813402,56451.9237186598
830,79.08003789570944,20.919962104290562,222056.74641115213,58743.25358884789
831,81.22762327337877,18.772376726621232,228087.16615164757,52712.83384835244
832,80.42259243058736,19.577407569412642,225826.6395450893,54973.36045491071
833,80.01684993633347,19.98315006366653,224687.3146212244,56112.685378775604
834,80.90648660933327,19.09351339066673,227185.41439900783,53614.585600992184
835,80.13446883117915,19.86553116882085,225017.58847795107,55782.41152204895
836,79.03145851291976,20.968541487080245,221920.33550427866,58879.66449572136
837,78.1134916782137,21.886508321786295,219342.6846324241,61457.315367575895
838,79.72010749864789,20.27989250135211,223854.0618562033,56945.93814379669
839,79.57440502103323,20.42559497896677,223444.92929906133,57355.07070093867
840,80.21179926716576,19.78820073283424,225234.73234220146,55565.26765779855
841,81.18479448995781,18.81520551004219,227966.90292780154,52833.09707219846
842,79.03868993621893,20.96131006378107,221940.64134090274,58859.35865909727
843,80.40673969746669,19.59326030253331,225782.12507048645,55017.87492951355
844,79.14770446538597,20.85229553461403,222246.7541388038,58553.24586119618
845,80.24618020754873,19.753819792451267,225331.27402279683,55468.72597720318
846,80.9863049926249,19.013695007375105,227409.5444192907,53390.4555807093
847,78.21206257455535,21.787937425444653,219619.4717093514,61180.52829064861
848,78.16005552821564,21.839944471784364,219473.4359232295,61326.56407677051
849,78.42432568937608,21.575674310623924,220215.506535768,60584.49346423199
850,79.47767507013775,20.52232492986225,223173.3115969468,57626.68840305318
851,80.48417562637982,19.515824373620177,225999.56515887455,54800.43484112543
852,80.30627040063463,19.69372959936537,225500.00728498204,55299.99271501794
853,78.46585355397359,21.534146446026412,220332.11677955784,60467.883220442185
854,77.10063112252836,22.899368877471645,216498.5721920596,64301.4278079404
855,80.33533300898623,19.664666991013775,225581.61508923332,55218.38491076665
856,79.28720084435253,20.712799155647474,222638.45997094188,58161.54002905813
857,80.6250035182555,19.374996481744503,226395.00987926143,54404.9901207386
858,78.29332771628238,21.706672283717623,219847.66422732093,60952.33577267909
859,78.7622601692737,21.237739830726298,221164.42655532056,59635.57344467946
860,81.23366377363853,18.766336226361474,228104.12787637697,52695.872123623034
861,80.66200607259981,19.33799392740019,226498.91305186026,54301.086948139724
862,79.42086144988846,20.579138550111537,223013.77895128683,57786.22104871317
863,80.40268941838879,19.59731058161121,225770.75188683573,55029.24811316427
864,80.19256285085793,19.807437149142075,225180.71648520906,55619.283514790935
865,79.653104050618,20.346895949382002,223665.91617413535,57134.08382586465
866,79.75058861478523,20.24941138521477,223939.65283031692,56860.3471696831
867,79.90279254304447,20.09720745695553,224367.04146086887,56432.95853913113
868,79.41672996480749,20.583270035192513,223002.17774117942,57797.822258820575
869,79.47312639902489,20.526873600975108,223160.5389284619,57639.4610715381
870,80.78873067654315,19.211269323456847,226854.75573973317,53945.244260266816
871,80.43356861899666,19.56643138100334,225857.4606821426,54942.53931785739
872,79.44560382786835,20.554396172131646,223083.25554865436,57716.74445134563
873,79.88816142225446,20.111838577745544,224325.95727369052,56474.042726309475
874,80.11492697798998,19.88507302201002,224962.71495419584,55837.285045804136
875,80.53894125358715,19.461058746412846,226153.34704007272,54646.652959927305
876,81.17244778481147,18.827552215188533,227932.2333797506,52867.76662024941
877,79.47363292284861,20.52636707715139,223161.96124735888,57638.03875264112
878,79.39982927673601,20.600170723263986,222954.72060907472,57845.27939092529
879,79.73473034805102,20.265269651948984,223895.12281732727,56904.87718267274
880,79.92609114135554,20.073908858644458,224432.46392492636,56367.53607507366
881,79.53306521328713,20.46693478671287,223328.8471189103,57471.15288108973
882,79.76193732061405,20.238062679385948,223971.51999628425,56828.48000371575
883,79.1888843019376,20.811115698062395,222362.3871198408,58437.6128801592
884,80.10415597366497,19.895844026335027,224932.46997405123,55867.53002594878
885,78.52329695029952,21.476703049700475,220493.41783644108,60306.58216355894
886,78.45573264812712,21.544267351872875,220303.69727594094,60496.30272405906
887,81.16567869457808,18.834321305421923,227913.22577437526,52886.774225624766
888,80.16012821924558,19.83987178075442,225089.64003964158,55710.359960358386
889,80.5957865471685,19.4042134528315,226312.96862444916,54487.03137555083
890,79.27464793196076,20.725352068039243,222603.21139294578,58196.78860705423
891,79.4581756433807,20.5418243566193,223118.557206613,57681.442793386974
892,80.45132472051068,19.548675279489316,225907.319815194,54892.680184806006
893,81.74205807791688,18.25794192208312,229531.69908279058,51268.300917209424
894,77.49098530914033,22.509014690859672,217594.68674806604,63205.31325193395
895,80.90993884318254,19.090061156817455,227195.10827165656,53604.89172834344
896,78.87447865932138,21.125521340678617,221479.53607537443,59320.46392462556
897,79.64970686787748,20.350293132122516,223656.37688499998,57143.623115
898,80.93266345010723,19.067336549892772,227258.91896790112,53541.0810320989
899,80.18106048944091,19.81893951055909,225148.41785435006,55651.58214564995
900,79.18673849423156,20.813261505768438,222356.36169180222,58443.63830819777
901,79.70104255653797,20.29895744346203,223800.52749875863,56999.47250124137
902,80.49217436012867,19.507825639871328,226022.0256032413,54777.97439675871
903,79.88910234706874,20.110897652931257,224328.59939056903,56471.40060943095
904,80.14036301505213,19.85963698494787,225034.13934626637,55765.86065373363
905,80.12489493930003,19.875105060699966,224990.70498955448,55809.29501044551
906,78.75248046002599,21.247519539974007,221136.965131753,59663.03486824699
907,79.33495119094157,20.665048809058433,222772.54294416393,58027.45705583609
908,79.43431224948131,20.56568775051869,223051.5487965435,57748.45120345651
909,77.99458923468592,22.005410765314082,219008.80657099804,61791.19342900197
910,80.46065681072608,19.53934318927392,225933.5243245188,54866.475675481204
911,78.53298557350902,21.467014426490977,220520.62349041336,60279.376509586626
912,80.56317610308946,19.43682389691054,226221.3984974752,54578.601502524805
913,79.70694911569798,20.29305088430202,223817.11311687992,56982.88688312008
914,78.07016398806104,21.92983601193896,219221.0204784754,61578.9795215246
915,80.41316236705043,19.586837632949567,225800.15992667765,54999.84007332233
916,79.58158441633266,20.41841558366734,223465.0890410621,57334.91095893788
917,80.62602604607235,19.373973953927646,226397.88113737118,54402.11886262881
918,79.26555348172636,20.734446518273643,222577.6741766876,58222.325823312385
919,80.80035101850841,19.199648981491592,226887.38565997162,53912.614340028376
920,80.3968245196156,19.603175480384394,225754.28325108063,55045.71674891938
921,77.85263456445843,22.147365435541573,218610.19785699926,62189.80214300072
922,79.20638158928747,20.793618410712526,222411.51950271922,58388.48049728079
923,78.80334980439534,21.19665019560466,221279.8062507421,59520.19374925787
924,79.30481114177658,20.695188858223418,222687.90968610864,58112.09031389134
925,80.29993257106047,19.700067428939533,225482.21065953776,55317.78934046221
926,79.75081740440423,20.24918259559577,223940.29527156707,56859.70472843293
927,80.69974970620163,19.30025029379837,226604.89717501416,54195.10282498582
928,78.94881705999997,21.051182940000032,221688.2783044799,59111.721695520115
929,78.50853591994553,21.49146408005447,220451.96886320706,60348.03113679295
930,79.63184332735233,20.36815667264767,223606.21606320533,57193.783936794665
931,80.42503681359973,19.574963186400268,225833.50337258802,54966.49662741198
932,79.37787748832642,20.62212251167358,222893.07998722058,57906.9200127794
933,79.15305570516668,20.84694429483332,222261.78042010806,58538.21957989193
934,79.73106889452012,20.26893110547988,223884.84145581248,56915.15854418752
935,81.01555474770066,18.984445252299338,227491.67773154346,53308.322268456526
936,77.92931773838242,22.070682261617577,218825.52420937782,61974.475790622164
937,78.89521050936914,21.104789490630864,221537.7511103085,59262.24888969147
938,80.25472811239068,19.74527188760932,225355.27653959303,55444.723460406974
939,78.04722903513512,21.952770964864882,219156.61913065938,61643.38086934062
940,80.89547199821736,19.10452800178264,227154.48537099434,53645.51462900567
941,80.03759916136566,19.962400838634338,224745.5784451148,56054.42155488519
942,80.67295700055217,19.327042999447826,226529.6632575505,54270.33674244948
943,81.68032683164543,18.31967316835457,229358.3577432604,51441.64225673963
944,77.34544908223799,22.65455091776201,217186.02102292428,63613.978977075705
945,79.48023425165876,20.519765748341243,223180.4977786578,57619.502221342205
946,79.47292549670206,20.52707450329794,223159.9747947394,57640.02520526063
947,80.49031249609739,19.50968750390261,226016.79748904146,54783.20251095852
948,79.35863145050148,20.641368549498523,222839.03711300812,57960.96288699189
949,80.47905026527992,19.520949734720077,225985.173144906,54814.826855094
950,78.5429588387035,21.4570411612965,220548.62841907944,60251.37158092053
951,80.90995637727832,19.09004362272168,227195.15750739753,53604.84249260246
952,79.18812161266399,20.81187838733601,222360.24548836047,58439.75451163955
953,78.55785298729126,21.442147012708745,220590.4511883139,60209.548811686145
954,78.21105299070216,21.788947009297843,219616.63679789167,61183.36320210835
955,81.48161352830479,18.51838647169521,228800.37078747986,51999.62921252016
956,79.63187477033968,20.368125229660322,223606.3043551138,57193.695644886204
957,78.2993460944172,21.700653905582797,219864.56383312348,60935.436166876534
958,80.69491293824966,19.305087061750342,226591.31553060503,54208.68446939498
959,79.93781240782842,20.062187592171583,224465.37724118223,56334.62275881778
960,80.29203859498887,19.707961405011133,225460.04437472875,55339.955625271265
961,80.37884328455664,19.621156715443362,225703.79194303506,55096.20805696494
962,81.74466324981788,18.255336750182124,229539.0144054886,51260.98559451141
963,79.60712600985053,20.392873990149468,223536.80983566027,57263.19016433971
964,80.7472833187465,19.252716681253503,226738.37155904016,54061.62844095984
965,78.7183293454366,21.2816706545634,221041.06880198597,59758.931198014034
966,80.20486613695984,19.795133863040164,225215.26411258325,55584.73588741673
967,79.68164853103607,20.318351468963925,223746.0690751493,57053.93092485069
968,78.42544989755594,21.574550102444064,220218.66331233707,60581.336687662944
969,78.75833103466577,21.241668965334227,221153.3935453415,59646.60645465848
970,78.86997827795717,21.130021722042827,221466.89900450374,59333.100995496265
971,79.06006805383441,20.939931946165586,222000.67109516702,58799.328904832975
972,78.31130572343157,21.688694276568427,219898.14647139586,60901.853528604144
973,79.85396669616765,20.146033303832354,224229.93848283874,56570.06151716126
974,79.05604232256658,20.943957677433417,221989.36684176698,58810.63315823302
975,78.48806838151057,21.511931618489427,220394.4960152817,60405.503984718285
976,81.84252178665831,18.15747821334169,229813.80117693654,50986.19882306346
977,80.39929098615269,19.600709013847307,225761.20908911678,55038.790910883225
978,79.66859985407743,20.331400145922572,223709.4283902494,57090.57160975061
979,80.34346429438104,19.656535705618964,225604.44773862197,55195.552261378056
980,80.2813877434619,19.718612256538094,225430.13678364104,55369.86321635898
981,79.52305851535195,20.47694148464805,223300.74831110827,57499.25168889174
982,78.70062354916735,21.299376450832654,220991.35092606192,59808.64907393805
983,79.560894181999,20.439105818000996,223406.99086305322,57393.009136946785
984,79.00355455631039,20.99644544368961,221841.98119411958,58958.01880588045
985,79.4536696942593,20.546330305740696,223105.9045014801,57694.095498519906
986,81.30340188760448,18.69659811239552,228299.95250039338,52500.04749960663
987,79.98498212830162,20.015017871698376,224597.82981627097,56202.170183729046
988,80.21760222764304,19.78239777235696,225251.02705522167,55548.972944778325
989,80.79884002325537,19.201159976744634,226883.14278530108,53916.85721469892
990,79.82168278622012,20.178317213779877,224139.28526370612,56660.71473629387
991,78.19346114696839,21.80653885303161,219567.23890068725,61232.761099312746
992,78.03326283248511,21.966737167514893,219117.4020336182,61682.59796638181
993,79.25601602532551,20.743983974674492,222550.892999114,58249.10700088598
994,79.7629868969231,20.237013103076904,223974.46720656005,56825.532793439954
995,80.50208384285851,19.49791615714149,226049.8514307467,54750.1485692533
996,79.77472540844363,20.22527459155637,224007.4289469097,56792.57105309029
997,78.46597202673324,21.53402797326676,220332.44945106696,60467.55054893307
998,81.12605479019943,18.873945209800567,227801.96185088,52998.038149120024
999,79.68306566271252,20.316934337287478,223750.04838089674,57049.95161910329
1000,80.3146645394796,19.685335460520406,225523.5780268587,55276.42197314129
1001,79.53746188730413,20.462538112695867,223341.19297955,57458.807020450025
1002,79.2548288893324,20.7451711106676,222547.55952124536,58252.44047875464
1003,80.10564825469065,19.89435174530935,224936.66029917134,55863.33970082866
1004,80.00607456354247,19.99392543645753,224657.05737442727,56142.942625572716
1005,79.2349260128821,20.7650739871179,222491.67224417295,58308.327755827064
1006,80.84520721406273,19.154792785937275,227013.34185708812,53786.658142911874
1007,78.63718321322956,21.362816786770438,220813.2104627486,59986.78953725142
1008,79.59845864876416,20.401541351235835,223512.47188572976,57287.52811427023
1009,79.59365483588267,20.406345164117326,223498.98277915854,57301.01722084145
1010,79.88816201504599,20.111837984954008,224325.95893824915,56474.04106175083
1011,80.78660783548436,19.21339216451564,226848.79480204007,53951.20519795995
1012,81.0920033142017,18.907996685798295,227706.34530627838,53093.6546937216
1013,78.51877026852019,21.481229731479814,220480.7069140047,60319.293085995276
1014,80.63892444524156,19.361075554758443,226434.0998422383,54365.90015776169
1015,79.76644359864028,20.23355640135972,223984.1736249819,56815.82637501809
1016,78.4026683965672,21.597331603432806,220154.6928575607,60645.30714243933
1017,77.78977481948122,22.210225180518776,218433.68769310327,62366.312306896725
1018,79.77524650495587,20.224753495044126,224008.8921859161,56791.10781408388
1019,80.33507566183023,19.66492433816977,225580.89245841932,55219.10754158067
1020,78.78430748480552,21.215692515194476,221226.33541733393,59573.66458266606
1021,80.14182116220056,19.858178837799443,225038.23382345916,55761.766176540834
1022,79.16221843773016,20.83778156226984,222287.50937314628,58512.490626853745
1023,79.20529393100625,20.794706068993747,222408.4653582656,58391.53464173441
1024,80.44407775336896,19.55592224663104,225886.97033146003,54913.029668539966
1025,77.86087755224302,22.139122447756975,218633.3441666984,62166.655833301615
1026,79.77491835511205,20.22508164488795,224007.97074115463,56792.02925884536
1027,80.50965124761342,19.49034875238658,226071.1007032985,54728.89929670149
1028,79.98857135498494,20.01142864501506,224607.9083647977,56192.0916352023
1029,78.8281649637053,21.171835036294695,221349.48721808448,59450.51278191552
1030,79.98884420159405,20.01115579840595,224608.67451807606,56191.32548192394
1031,79.85309267009401,20.146907329905986,224227.484217624,56572.51578237601
1032,79.93204370463738,20.06795629536262,224449.17872262176,56350.82127737827
1033,77.98415310527194,22.015846894728057,218979.50191960362,61820.49808039636
1034,78.80357980025255,21.19642019974745,221280.45207910918,59519.54792089081
1035,79.88578046185073,20.11421953814927,224319.27153687685,56480.728463123145
1036,79.74953951000768,20.25046048999232,223936.70694410155,56863.29305589844
1037,80.25624424116855,19.743755758831455,225359.5338292013,55440.46617079871
1038,79.11998543497191,20.88001456502809,222168.91910140112,58631.0808985989
1039,80.5742366472989,19.425763352701097,226252.45650561532,54547.54349438465
1040,80.96221090648304,19.037789093516963,227341.88822540437,53458.11177459563
1041,78.0302462215717,21.9697537784283,219108.93139017335,61691.06860982667
1042,78.36065627164864,21.639343728351363,220036.7228107894,60763.27718921062
1043,79.23020000802242,20.769799991977578,222478.40162252696,58321.59837747304
1044,79.15361031435475,20.84638968564525,222263.33776270814,58536.662237291865
1045,80.02873791587578,19.97126208412422,224720.69606777918,56079.30393222082
1046,80.07757905941627,19.922420940583734,224857.84199884086,55942.15800115912
1047,79.38147090820789,20.618529091792112,222903.17031024775,57896.82968975225
1048,79.47061102472514,20.529388975274856,223153.4757574282,57646.52424257179
1049,78.73422630985388,21.26577369014612,221085.7074780697,59714.292521930314
1050,79.91396432606524,20.08603567393476,224398.41182759122,56401.588172408796
1051,81.87087344451739,18.129126555482614,229893.41263220483,50906.58736779519
1052,78.70917732004756,21.29082267995244,221015.36991469355,59784.630085306446
1053,77.82882663972565,22.171173360274352,218543.3452043496,62256.65479565038
1054,79.55576790034871,20.444232099651288,223392.59626417918,57407.403735820815
1055,77.81551253297496,22.184487467025036,218505.9591925937,62294.040807406316
1056,79.82328217926556,20.17671782073444,224143.77635937772,56656.22364062228
1057,80.58784593610639,19.41215406389361,226290.67138858672,54509.328611413264
1058,80.01041461842715,19.98958538157285,224669.24424854343,56130.755751456585
1059,80.31288965024119,19.68711034975881,225518.59413787725,55281.40586212273
1060,82.00718773698456,17.992812263015438,230276.18316545265,50523.81683454735
1061,78.75945576587002,21.240544234129985,221156.55179056298,59643.448209436996
1062,79.16069192224579,20.83930807775421,222283.22291766616,58516.777082333836
1063,79.26798194766484,20.732018052335164,222584.49330904285,58215.50669095715
1064,79.22229972727848,20.777700272721518,222456.21763419796,58343.782365802035
1065,80.61609265610355,19.383907343896453,226369.98817833874,54430.011821661275
1066,78.1154153904817,21.8845846095183,219348.08641647262,61451.9135835274
1067,79.97263059199972,20.027369408000283,224563.14670233522,56236.85329766478
1068,78.27461841453676,21.72538158546324,219795.1285080192,61004.87149198081
1069,78.7688089208415,21.231191079158506,221182.81544972293,59617.18455027708
1070,80.84403155382702,19.155968446172977,227010.04060314628,53789.95939685373
1071,80.38146568803079,19.618534311969213,225711.15565199044,55088.844348009574
1072,80.81778872969842,19.18221127030158,226936.35075299317,53863.64924700685
1073,80.04419514048728,19.955804859512725,224764.09995448825,56035.90004551175
1074,79.57403080725055,20.42596919274945,223443.87850675956,57356.12149324044
1075,79.90655683684005,20.093443163159947,224377.61159784687,56422.38840215313
1076,81.9143713308026,18.085628669197405,230015.55469689367,50784.445303106346
1077,80.11562816684344,19.884371833156564,224964.68389249637,55835.31610750363
1078,77.67617694219842,22.323823057801576,218114.7048536932,62685.29514630679
1079,79.71033092859913,20.289669071400866,223826.6092475064,56973.390752493615
1080,79.24233101388339,20.757668986116613,222512.46548698458,58287.53451301542
1081,78.96598753474508,21.034012465254918,221736.4929975642,59063.507002435785
1082,78.83583972835507,21.16416027164493,221371.037957221,59428.96204277899
1083,78.61042903306141,21.389570966938592,220738.08472483643,60061.915275163556
1084,80.95008205843334,19.04991794156666,227307.8304200808,53492.16957991921
1085,79.48233827959214,20.517661720407858,223186.40588909475,57613.59411090524
1086,79.25840123973245,20.74159876026755,222557.59068116872,58242.409318831305
1087,79.90725224833332,20.09274775166668,224379.56431331998,56420.43568667999
1088,79.33015046892295,20.66984953107705,222759.06251673566,58040.93748326434
1089,79.60323368823515,20.39676631176485,223525.8801965643,57274.1198034357
1090,81.00510373258672,18.99489626741328,227462.33128110348,53337.66871889652
1091,79.087750311078,20.912249688922003,222078.402873507,58721.59712649299
1092,79.52385334581827,20.476146654181733,223302.9801950577,57497.0198049423
1093,79.41509638377083,20.58490361622917,222997.59064562852,57802.40935437148
1094,80.86845144527666,19.131548554723338,227078.6116583369,53721.388341663114
1095,80.022876133117,19.977123866883005,224704.2361817925,56095.76381820748
1096,79.42339970039947,20.57660029960053,223020.90635872172,57779.09364127829
1097,80.24738743967978,19.752612560320216,225334.66393062082,55465.33606937918
1098,79.52792458244538,20.47207541755462,223314.41222750663,57485.58777249337
1099,82.72859904729381,17.271400952706188,232301.90612480103,48498.09387519896
1100,80.32865224714854,19.67134775285146,225562.8555099931,55237.144490006904
1101,80.12389091753035,19.876109082469654,224987.88569642522,55812.114303574795
1102,79.30467961262966,20.695320387370344,222687.54035226407,58112.459647735945
1103,79.67389527794879,20.326104722051213,223724.29794048017,57075.702059519834
1104,79.7566263372438,20.2433736627562,223956.60675498057,56843.393245019426
1105,80.03677743341055,19.96322256658945,224743.27103301682,56056.72896698317
1106,80.9086458124244,19.091354187575604,227191.47744128772,53608.52255871227
1107,79.01103011001604,20.988969889983963,221862.97254892503,58937.02745107497
1108,79.34798188226036,20.652018117739644,222809.13312538707,57990.86687461294
1109,79.1762541772484,20.823745822751604,222326.9217297135,58473.07827028651
1110,80.86621680391205,19.133783196087947,227072.33678538504,53727.66321461495
1111,80.43661466473604,19.56338533526396,225866.0139785788,54933.98602142121
1112,79.82444571450209,20.17555428549791,224147.04356632187,56652.95643367812
1113,79.40090628193292,20.59909371806708,222957.74483966758,57842.25516033238
1114,79.86639491250415,20.13360508749585,224264.83691431163,56535.16308568836
1115,81.38865423778606,18.611345762213944,228539.34109970322,52260.65890029681
1116,80.54561406456435,19.454385935435653,226172.0842932967,54627.91570670331
1117,80.74910763860625,19.250892361393753,226743.49424920633,54056.50575079365
1118,78.25380693865249,21.746193061347512,219736.68988373617,61063.31011626382
1119,78.96898018367659,21.031019816323408,221744.89635576383,59055.10364423613
1120,81.13257987736472,18.86742012263528,227820.28429564013,52979.715704359856
1121,79.32204788846667,20.67795211153333,222736.3104708144,58063.689529185605
1122,80.02203322717342,19.977966772826576,224701.86930190295,56098.13069809708
1123,79.4866191860889,20.5133808139111,223198.42667453765,57601.573325462356
1124,78.77869277919304,21.221307220806963,221210.56932397405,59589.430676025964
1125,80.91222264479381,19.087777355206185,227201.521186581,53598.478813418995
1126,79.4993573688224,20.500642631177598,223234.19549165328,57565.80450834673
1127,79.1639838109919,20.836016189008106,222292.46654126525,58507.533458734746
1128,79.40758734069459,20.59241265930541,222976.5052526704,57823.494747329605
1129,78.52983483938266,21.47016516061734,220511.7762289865,60288.22377101348
1130,80.83847235251153,19.16152764748847,226994.43036585237,53805.569634147614
1131,80.57893652747046,19.42106347252954,226265.65376913705,54534.346230862946
1132,79.77970943110108,20.220290568898918,224021.42408253186,56778.57591746813
1133,79.33626866146626,20.663731338533736,222776.2424013973,58023.75759860271
1134,79.21918225718456,20.780817742815444,222447.46377817425,58352.536221825765
1135,79.14475134685912,20.855248653140876,222238.4617819804,58561.538218019596
1136,80.264052338641,19.735947661359006,225381.45896690394,55418.54103309604
1137,79.83587966551723,20.164120334482774,224179.1501007724,56620.84989922763
1138,80.91828258676132,19.081717413238678,227218.5375036258,53581.462496374224
1139,79.46798207208565,20.532017927914353,223146.09365841647,57653.90634158353
1140,79.43651101144002,20.563488988559982,223057.72292012355,57742.277079876454
1141,81.44616038398122,18.553839616018777,228700.8183582193,52099.18164178069
1142,79.59297445477218,20.407025545227825,223497.0722690003,57302.92773099972
1143,78.90920128384934,21.09079871615066,221577.03720504895,59222.96279495104
1144,79.69941026614381,20.300589733856185,223795.94402733183,57004.05597266815
1145,79.81316014692341,20.18683985307659,224115.35369256095,56684.646307439056
1146,80.45183518622983,19.54816481377017,225908.75320293335,54891.24679706665
1147,80.40730265801457,19.592697341985428,225783.70586370493,55016.294136295066
1148,81.02513413102976,18.97486586897024,227518.57663993153,53281.42336006848
1149,77.6481027391659,22.351897260834093,218035.87249157784,62764.12750842217
1150,79.31304240968736,20.686957590312645,222711.02308640207,58088.976913597944
1151,80.57194530745184,19.42805469254816,226246.0224233248,54553.97757667523
1152,78.10118516316753,21.89881483683247,219308.1279381744,61491.872061825576
1153,79.54191621937414,20.458083780625856,223353.7007440026,57446.299255997415
1154,79.18990512311458,20.810094876885415,222365.25358570577,58434.74641429421
1155,80.59147607449933,19.408523925500674,226300.8648171941,54499.13518280592
1156,80.08709530467053,19.912904695329473,224884.56361551484,55915.43638448516
1157,79.56818566302758,20.431814336972423,223427.46534178144,57372.534658218574
1158,80.39455807713588,19.605441922864117,225747.91908059755,55052.080919402455
1159,80.52040972334616,19.479590276653838,226101.31050315604,54698.68949684396
1160,79.33425845842858,20.66574154157142,222770.59775126743,58029.40224873256
1161,79.41576418679531,20.584235813204685,222999.46583652124,57800.53416347875
1162,80.26308099753633,19.736919002463665,225378.73144108205,55421.26855891793
1163,80.41667317865536,19.58332682134464,225810.01828566426,54989.981714335736
1164,79.98283007926248,20.017169920737516,224591.78686256908,56208.21313743094
1165,80.5386049314976,19.461395068502398,226152.40264764527,54647.597352354736
1166,80.62878452727718,19.371215472722824,226405.62695259432,54394.373047405665
1167,80.35450146964756,19.64549853035244,225635.44012677038,55164.55987322963
1168,80.57325390540629,19.42674609459371,226249.69696638087,54550.303033619144
1169,80.6049624090981,19.395037590901893,226338.7344447475,54461.26555525251
1170,79.24989620260753,20.75010379739247,222533.70853692194,58266.29146307805
1171,78.63564409747264,21.364355902527365,220808.88862570317,59991.111374296845
1172,78.23936389359687,21.760636106403126,219696.13381322002,61103.866186780004
1173,81.49927307603583,18.500726923964166,228849.95879750865,51950.04120249137
1174,81.02357379083466,18.97642620916534,227514.19520466373,53285.80479533626
1175,79.23956779559084,20.760432204409156,222504.70637001906,58295.293629980966
1176,80.25134679652196,19.748653203478042,225345.78180463368,55454.21819536631
1177,80.88559148012624,19.114408519873763,227126.7408761945,53673.25912380552
1178,78.9833607090052,21.016639290994803,221785.27687088662,59014.723129113394
1179,79.60091962425656,20.399080375743438,223519.38230491243,57280.61769508755
1180,79.5529771770687,20.447022822931302,223384.7599132089,57415.24008679109
1181,79.18955300040122,20.81044699959878,222364.26482512662,58435.73517487338
1182,79.27394032471108,20.726059675288923,222601.22443178872,58198.77556821127
1183,78.87035495327368,21.129645046726324,221467.95670879248,59332.04329120753
1184,80.76474676857687,19.23525323142313,226787.40892616383,54012.591073836185
1185,79.87819686311411,20.121803136885887,224297.97679162445,56502.023208375555
1186,79.27354740418554,20.726452595814465,222600.12111095298,58199.87888904699
1187,78.59400781680918,21.40599218319082,220691.97394960016,60108.026050399836
1188,79.46333607397027,20.536663926029732,223133.04769570852,57666.95230429148
1189,79.99425596362121,20.005744036378786,224623.87074584834,56176.129254151645
1190,80.20883856781087,19.791161432189128,225226.41869841292,55573.58130158708
1191,80.3303995812287,19.669600418771296,225567.76202409022,55232.23797590978
1192,79.36913808686145,20.630861913138546,222868.53974790697,57931.46025209303
1193,80.36806236544736,19.631937634552642,225673.51912217616,55126.48087782381
1194,80.36356801537899,19.636431984621012,225660.8989871842,55139.10101281582
1195,80.89651303040316,19.103486969596844,227157.40858937206,53642.59141062792
1196,79.87042591785065,20.129574082149347,224276.15597732464,56523.84402267539
1197,79.08861117132737,20.911388828672628,222080.82016908727,58719.17983091275
1198,79.62884615090492,20.37115384909508,223597.79999174102,57202.20000825898
1199,80.67383266409894,19.32616733590106,226532.12212078983,54267.87787921018
1200,78.57579647657538,21.424203523424623,220640.83650622366,60159.16349377636
1201,79.91881821181023,20.081181788189767,224412.04153876315,56387.95846123686
1202,77.54280247806904,22.457197521930965,217740.18935841785,63059.810641582146
1203,80.39837225824907,19.60162774175093,225758.62930116337,55041.37069883665
1204,80.93226379709502,19.06773620290498,227257.79674224282,53542.20325775717
1205,79.99017351979843,20.009826480201568,224612.407243594,56187.592756406
1206,81.44051715881002,18.559482841189975,228684.97218193853,52115.027818061484
1207,80.39367102598804,19.60632897401196,225745.42824097443,55054.57175902558
1208,79.21933807113263,20.780661928867374,222447.90130374042,58352.09869625958
1209,79.41035836313321,20.589641636866787,222984.28628367806,57815.71371632194
1210,79.56894662535244,20.43105337464756,223429.60212398967,57370.39787601035
1211,79.27558670691627,20.724413293083728,222605.84747302087,58194.152526979124
1212,79.06637912783941,20.93362087216059,222018.39259097306,58781.60740902694
1213,80.32458752430767,19.675412475692326,225551.44176825593,55248.55823174407
1214,79.71932626296916,20.28067373703084,223851.8681464174,56948.131853582585
1215,79.78228867763481,20.21771132236519,224028.66660679856,56771.33339320144
1216,77.10661336950024,22.893386630499762,216515.37034155667,64284.62965844332
1217,79.14230706686455,20.857692933135453,222231.59824375564,58568.40175624436
1218,79.51828140256261,20.481718597437393,223287.3341783958,57512.66582160417
1219,79.4327368380294,20.5672631619706,223047.12504118658,57752.87495881343
1220,79.50125840647493,20.498741593525068,223239.5336053816,57560.46639461839
1221,79.71516453850991,20.28483546149009,223840.18202413584,56959.81797586415
1222,78.97063442481881,21.02936557518119,221749.54146489123,59050.45853510876
1223,81.17947385104894,18.82052614895106,227951.9625737454,52848.03742625462
1224,79.54213333566425,20.457866664335754,223354.3104065452,57445.6895934548
1225,77.70115407632109,22.29884592367891,218184.8406463096,62615.15935369041
1226,79.51759926754724,20.48240073245276,223285.41874327266,57514.581256727346
1227,79.79822815129994,20.201771848700062,224073.42464885025,56726.575351149746
1228,79.35229452821869,20.647705471781308,222821.2430352381,57978.7569647619
1229,80.21879314393829,19.781206856061715,225254.3711481787,55545.62885182131
1230,79.19908621078685,20.800913789213155,222391.03407988945,58408.965920110546
1231,80.79786043733755,19.202139562662452,226880.39210804383,53919.60789195614
1232,80.85235819038981,19.147641809610192,227033.42179861458,53766.578201385426
1233,80.10212593310222,19.897874066897785,224926.76962015103,55873.230379848974
1234,79.13906101974304,20.86093898025696,222222.48334343845,58577.51665656157
1235,78.20695543689298,21.793044563107017,219605.1308667955,61194.8691332045
1236,78.75012944428097,21.249870555719028,221130.36347954097,59669.636520459
1237,80.57699955978919,19.423000440210814,226260.21476388804,54539.78523611197
1238,80.48322601411833,19.51677398588167,225996.89864764427,54803.10135235573
1239,79.91085242943613,20.089147570563867,224389.67362185667,56410.326378143305
1240,80.15268208578162,19.84731791421838,225068.7312968748,55731.26870312521
1241,78.93153022592843,21.068469774071573,221639.736874407,59160.26312559299
1242,79.6113931374171,20.388606862582904,223548.7919298672,57251.20807013277
1243,79.45766165387802,20.54233834612198,223117.11392408947,57682.886075910545
1244,80.52068636593117,19.47931363406883,226102.08731553474,54697.91268446528
1245,79.41526688244754,20.58473311755246,222998.0694059127,57801.93059408726
1246,79.26743007434986,20.73256992565014,222582.9436487744,58217.056351225576
1247,79.85900652778312,20.140993472216877,224244.090330015,56555.909669985005
1248,79.58901593654969,20.410984063450314,223485.9567498315,57314.04325016848
1249,77.03155419158215,22.968445808417854,216304.6041699627,64495.39583003729
1250,80.10895239738302,19.89104760261698,224945.9383318515,55854.06166814851
1251,80.12024531044614,19.879754689553863,224977.64883173275,55822.351168267254
1252,78.40533183138398,21.594668168616025,220162.1717825262,60637.828217473805
1253,79.24539230186951,20.754607698130485,222521.0615836496,58278.93841635043
1254,81.03739540857082,18.962604591429184,227553.00630726683,53246.99369273317
1255,78.60656379777822,21.39343620222178,220727.23114416125,60072.76885583875
1256,81.0335555338341,18.966444466165896,227542.22393900616,53257.77606099382
1257,80.98523247126323,19.01476752873677,227406.53277930716,53393.46722069282
1258,78.72097359728625,21.279026402713754,221048.4938611798,59751.5061388202
1259,79.07473745076025,20.925262549239747,222041.8627617348,58758.137238265175
1260,80.04680785647696,19.95319214352304,224771.43646098732,56028.563539012655
1261,80.10459586701192,19.895404132988077,224933.70519456948,55866.2948054305
1262,79.34431315185049,20.655686848149514,222798.83133039618,58001.16866960381
1263,78.55932184406278,21.44067815593722,220594.57573812827,60205.42426187175
1264,80.29961337166786,19.70038662833214,225481.31434764338,55318.68565235661
1265,80.54668955104988,19.45331044895012,226175.10425934807,54624.89574065195
1266,78.6361498930847,21.363850106915294,220810.30889978184,59989.69110021816
1267,80.87039902336599,19.12960097663401,227084.0804576117,53715.919542388314
1268,80.6077164231978,19.3922835768022,226346.4677163394,54453.53228366059
1269,80.51112460863196,19.48887539136804,226075.23790103855,54724.76209896143
1270,78.54111898981027,21.458881010189728,220543.46212338726,60256.53787661274
1271,78.69213753566659,21.30786246433341,220967.5222001518,59832.47779984819
1272,80.09443007853267,19.905569921467333,224905.15966051974,55894.84033948024
1273,79.56545227043809,20.434547729561913,223419.78997539016,57380.21002460984
1274,79.38570286179754,20.61429713820246,222915.0536359275,57884.946364072486
1275,79.21450189636226,20.785498103637735,222434.32132498524,58365.67867501476
1276,80.08643220459639,19.91356779540361,224882.70163050666,55917.29836949332
1277,78.74010211924406,21.259897880755943,221102.20675083733,59697.79324916265
1278,80.06684636978095,19.933153630219053,224827.70460634492,55972.29539365505
1279,79.28552476584436,20.714475234155643,222633.75354249097,58166.24645750903
1280,78.6993745405152,21.300625459484806,220987.8437097667,59812.156290233324
1281,80.55582769369491,19.44417230630509,226200.7641638953,54599.2358361047
1282,79.63145634766012,20.36854365233988,223605.1294242296,57194.87057577039
1283,80.44378251407247,19.556217485927533,225886.1412995155,54913.85870048452
1284,79.49372236819937,20.50627763180063,223218.37240990382,57581.62759009618
1285,77.94167612542118,22.058323874578818,218860.22656018275,61939.77343981728
1286,80.71706462073632,19.282935379263677,226653.51745502758,54146.48254497239
1287,78.89909056737682,21.100909432623183,221548.6463131941,59251.3536868059
1288,79.99143105413864,20.008568945861356,224615.93840002135,56184.06159997865
1289,80.61593452355369,19.38406547644631,226369.54414213877,54430.455857861234
1290,81.26458457229249,18.73541542770751,228190.9534789973,52609.04652100269
1291,79.44291908661998,20.55708091338002,223075.7167952289,57724.2832047711
1292,78.56766669192298,21.43233330807702,220618.00807091972,60181.99192908025
1293,79.37646391391326,20.623536086086744,222889.11067026842,57910.889329731566
1294,81.461051876328,18.538948123672,228742.63366872905,52057.36633127097
1295,79.59590528963078,20.404094710369222,223505.30205328323,57294.697946716784
1296,80.09629021533058,19.903709784669417,224910.38292464826,55889.617075351714
1297,82.3210653998561,17.678934600143904,231157.5516427959,49642.44835720406
1298,81.31369534296724,18.686304657032764,228328.85652305197,52471.143476948026
1299,78.91998605558568,21.08001394441432,221607.32084408458,59192.67915591541
1300,79.88461591211079,20.11538408788921,224316.0014812071,56483.9985187929
1301,79.49088531371821,20.50911468628179,223210.40596092073,57589.59403907926
1302,79.68703661513076,20.312963384869235,223761.1988152872,57038.801184712785
1303,79.28705641042191,20.71294358957809,222638.05440046472,58161.94559953528
1304,78.10452995021835,21.89547004978165,219317.52010021312,61482.479899786864
1305,80.22520608069185,19.774793919308152,225272.3786745827,55527.621325417305
1306,79.41825349454135,20.581746505458653,223006.4558126721,57793.544187327905
1307,78.90708198754287,21.092918012457133,221571.08622102038,59228.91377897962
1308,79.32451857076849,20.67548142923151,222743.2481467179,58056.75185328213
1309,80.35163416184645,19.648365838153552,225627.3887264648,55172.61127353521
1310,80.5800741313981,19.419925868601894,226268.8481609659,54531.15183903411
1311,78.79048952427881,21.20951047572119,221243.6945841749,59556.30541582512
1312,78.74285511854784,21.257144881452163,221109.93717288232,59690.06282711768
1313,79.33291849677525,20.66708150322475,222766.8351389449,58033.164861055106
1314,79.86681192436113,20.13318807563887,224266.00788360604,56533.99211639396
1315,79.17869355382194,20.821306446178056,222333.771499132,58466.22850086799
1316,80.81505340796204,19.18494659203796,226928.66996955744,53871.33003044257
1317,80.20173727223613,19.79826272776387,225206.47826043906,55593.52173956093
1318,79.54456397762667,20.455436022373334,223361.1356491757,57438.8643508243
1319,79.84943018644024,20.150569813559756,224217.19996352424,56582.80003647579
1320,78.66040954242202,21.339590457577984,220878.42999512103,59921.57000487899
1321,78.80599275752516,21.19400724247484,221287.22766313067,59512.772336869326
1322,78.88453081872558,21.11546918127442,221507.76253898145,59292.237461018536
1323,79.41833370429488,20.58166629570512,223006.68104166005,57793.318958339965
1324,80.89206475920138,19.107935240798625,227144.91784383747,53655.082156162534
1325,78.91756679903182,21.082433200968183,221600.52757168136,59199.47242831864
1326,81.12739864481269,18.872601355187314,227805.73539463402,52994.26460536597
1327,80.42611701211659,19.573882987883408,225836.5365700234,54963.46342997659
1328,78.92854221878875,21.07145778121125,221631.34655035887,59168.65344964117
1329,79.83276149996112,20.167238500038877,224170.39429189084,56629.60570810917
1330,79.62418908745951,20.375810912540487,223584.7229575863,57215.277042413705
1331,79.84622827770916,20.15377172229084,224208.20900380734,56591.7909961927
1332,80.14322357881014,19.856776421189863,225042.1718092989,55757.828190701126
1333,79.74425547592811,20.255744524071886,223921.86937640616,56878.130623593854
1334,79.79270675434125,20.207293245658747,224057.92056619027,56742.07943380973
1335,80.59684555937561,19.40315444062439,226315.9423307267,54484.05766927328
1336,79.09373891609341,20.906261083906585,222095.2188763903,58704.78112360968
1337,79.41896676596268,20.58103323403732,223008.4586788232,57791.54132117679
1338,79.54381295015013,20.456187049849873,223359.02676402155,57440.973235978454
1339,78.04868786540045,21.951312134599547,219160.71552604449,61639.28447395553
1340,78.46518753184846,21.534812468151543,220330.24658943046,60469.75341056955
1341,80.68523351070309,19.314766489296915,226564.13569805428,54235.86430194574
1342,78.77749369870192,21.222506301298083,221207.202305955,59592.79769404498
1343,78.6208797955686,21.379120204431402,220767.43046595663,60032.56953404339
1344,78.12572719745118,21.874272802548816,219377.04197044292,61422.95802955709
1345,78.93409218293077,21.06590781706923,221646.93084966962,59153.06915033038
1346,79.08419671251634,20.915803287483655,222068.42436874588,58731.57563125412
1347,78.47772499785079,21.522275002149215,220365.451793965,60434.548206035
1348,81.56557131766714,18.434428682332864,229036.12426000932,51763.87573999069
1349,77.77540013793416,22.224599862065844,218393.32358731912,62406.67641268087
1350,77.14700866296378,22.852991337036215,216628.8003256023,64171.19967439769
1351,80.82986273803637,19.17013726196363,226970.25456840615,53829.74543159388
1352,77.72319223977615,22.276807760223846,218246.72380929143,62553.27619070857
1353,78.58028111881453,21.419718881185474,220653.4293816312,60146.570618368816
1354,82.19138467223071,17.80861532776929,230793.40815962382,50006.591840376175
1355,78.77248594954253,21.227514050457472,221193.1405463154,59606.85945368458
1356,80.7915646002248,19.208435399775198,226862.71339743125,53937.28660256876
1357,78.47631746676149,21.523682533238514,220361.49944666628,60438.50055333374
1358,81.38354391266292,18.616456087337085,228524.99130675747,52275.00869324253
1359,79.56569476896642,20.434305231033576,223420.47091125773,57379.52908874228
1360,80.21103671462632,19.788963285373683,225232.5910946707,55567.4089053293
1361,78.52559279725426,21.474407202745738,220499.86457468997,60300.13542531004
1362,80.71311643390216,19.286883566097842,226642.43094639725,54157.569053602754
1363,80.01536100869677,19.98463899130323,224683.13371242053,56116.86628757944
1364,80.58245190777417,19.41754809222583,226275.5249570299,54524.475042970094
1365,81.49077884440754,18.509221155592456,228826.10699509637,51973.89300490363
1366,80.97275959444866,19.02724040555134,227371.50894121185,53428.49105878816
1367,79.60413338834283,20.39586661165717,223528.40655446664,57271.59344553335
1368,80.15440364884937,19.845596351150633,225073.56544596903,55726.43455403096
1369,80.6805187309176,19.319481269082402,226550.8965964166,54249.10340358339
1370,78.11818306639734,21.881816933602664,219355.8580504437,61444.1419495563
1371,80.8543363089663,19.145663691033704,227038.97635557738,53761.02364442261
1372,80.27656700654691,19.723432993453088,225416.60015438372,55383.39984561628
1373,78.95770513745659,21.042294862543415,221713.2360259781,59086.76397402192
1374,79.26039047725295,20.739609522747045,222563.1764601263,58236.823539873694
1375,79.35017212974132,20.649827870258676,222815.28334031365,57984.716659686324
1376,78.14929811209198,21.850701887908016,219443.2290987543,61356.77090124573
1377,79.53546113448287,20.464538865517127,223335.57486562792,57464.42513437207
1378,80.58788849879429,19.412111501205715,226290.79090461438,54509.209095385646
1379,79.72009384988728,20.279906150112723,223854.02353048348,56945.97646951652
1380,79.6723754858206,20.327624514179405,223720.03036418423,57079.96963581577
1381,79.625477194081,20.374522805919,223588.33996097947,57211.66003902054
1382,81.94089669641767,18.059103303582333,230090.0379235408,50709.96207645919
1383,78.5101041414051,21.489895858594906,220456.3724290655,60343.6275709345
1384,80.03460511595627,19.965394884043732,224737.17116560522,56062.82883439477
1385,81.26027975772277,18.73972024227723,228178.86555968554,52621.13444031446
1386,79.42820054331428,20.571799456685724,223034.3871256265,57765.61287437351
1387,78.86763871947468,21.132361280525316,221460.32952428493,59339.67047571508
1388,80.6633660476701,19.336633952329905,226502.7318618576,54297.26813814239
1389,79.3465869832252,20.653413016774806,222805.21624889632,57994.78375110368
1390,80.92990658642184,19.070093413578164,227251.17769467251,53548.82230532748
1391,79.33394264493649,20.666057355063515,222769.71094698165,58030.28905301835
1392,80.88589678110372,19.114103218896275,227127.59816133927,53672.40183866074
1393,80.10280893985528,19.89719106014472,224928.68750311364,55871.31249688638
1394,80.80658991620692,19.193410083793083,226904.90448470903,53895.095515290974
1395,78.46542577983077,21.534574220169233,220330.9155897648,60469.0844102352
1396,78.47304906139827,21.52695093860173,220352.32176440634,60447.678235593645
1397,80.56495179145101,19.43504820854899,226226.38463039443,54573.615369605555
1398,80.15828472148189,19.84171527851811,225084.46349792116,55715.536502078845
1399,79.04525295068358,20.954747049316424,221959.07028551947,58840.92971448052
1400,79.5325166128989,20.467483387101097,223327.30664902012,57472.6933509799
1401,79.7613854052251,20.2386145947749,223969.9702178721,56830.029782127895
1402,79.73818166200884,20.26181833799116,223904.81410692082,56895.185893079186
1403,78.4480631062397,21.5519368937603,220282.1612023211,60517.8387976789
1404,81.34723834109637,18.65276165890363,228423.0452617986,52376.95473820137
1405,79.88994566968847,20.110054330311527,224330.96744048526,56469.03255951475
1406,80.2379600916186,19.762039908381396,225308.19193726502,55491.808062734985
1407,79.36636713233538,20.633632867664616,222860.75890759774,57939.241092402255
1408,78.87396956482175,21.12603043517825,221478.10653801946,59321.89346198052
1409,80.5158984322578,19.4841015677422,226088.64279777987,54711.35720222014
1410,78.94057022070668,21.059429779293325,221665.12117974434,59134.878820255675
1411,81.06972686270161,18.930273137298386,227643.79303046613,53156.20696953384
1412,79.37648990070471,20.623510099295288,222889.18364117882,57910.81635882118
1413,79.981665262253,20.018334737746997,224588.51605640643,56211.48394359359
1414,81.2936950962438,18.706304903756205,228272.6958302526,52527.304169747404
1415,79.17849006857573,20.821509931424274,222333.20011256065,58466.79988743932
1416,80.97321018477989,19.026789815220113,227372.7741988619,53427.225801138105
1417,79.24229095264002,20.75770904735998,222512.35299501318,58287.64700498681
1418,80.27651273313492,19.723487266865078,225416.44775464287,55383.55224535712
1419,78.68168853394187,21.318311466058134,220938.18140330876,59861.81859669125
1420,80.8647554355302,19.1352445644698,227068.2332629688,53731.7667370312
1421,80.0701000201668,19.929899979833195,224836.84085662838,55963.159143371624
1422,81.3562388599837,18.643761140016295,228448.31871883426,52351.68128116574
1423,79.79821479806651,20.20178520193349,224073.38715297077,56726.61284702922
1424,79.14777969006828,20.852220309931724,222246.96536971172,58553.03463028829
1425,80.15086898753329,19.849131012466714,225063.64011699345,55736.35988300657
1426,78.20608276531256,21.79391723468744,219602.68040499766,61197.319595002315
1427,79.5091605746255,20.490839425374503,223261.72289354837,57538.27710645163
1428,79.44330774340403,20.556692256595966,223076.80814347853,57723.19185652147
1429,81.35613950667275,18.643860493327253,228448.03973473705,52351.96026526294
1430,79.08921820338433,20.910781796615666,222082.5247151032,58717.475284896806
1431,80.12289739734922,19.87710260265078,224985.0958917566,55814.9041082434
1432,79.29215652980585,20.70784347019415,222652.37553569482,58147.624464305176
1433,79.2413428697633,20.7586571302367,222509.69077829533,58290.30922170465
1434,79.68679126842996,20.313208731570043,223760.50988175132,57039.4901182487
1435,78.32674235488524,21.67325764511476,219941.49253251776,60858.50746748225
1436,79.30203956615648,20.69796043384352,222680.1271017674,58119.87289823257
1437,80.222919336709,19.777080663291002,225265.95749747887,55534.04250252114
1438,79.82420047977038,20.175799520229617,224146.3549471952,56653.645052804786
1439,78.72939279315757,21.270607206842428,221072.13496318646,59727.86503681352
1440,78.25443851685853,21.745561483141472,219738.46335533875,61061.53664466125
1441,79.31943813914955,20.680561860850446,222728.98229473195,58071.01770526807
1442,77.14998340174203,22.850016598257966,216637.15339209163,64162.84660790836
1443,78.78038580944413,21.219614190555873,221215.32335291913,59584.67664708087
1444,79.63619770451665,20.363802295483353,223618.44315428272,57181.55684571728
1445,78.27528045161633,21.724719548383675,219796.98750813864,61003.01249186138
1446,81.10172160303495,18.898278396965054,227733.63426132215,53066.36573867786
1447,79.5798526768769,20.420147323123103,223460.22631667033,57339.77368332967
1448,79.65386817975056,20.34613182024944,223668.06184873957,57131.938151260416
1449,79.58582824054446,20.41417175945554,223477.00569944887,57322.994300551145
1450,79.45574445867278,20.544255541327217,223111.7304399532,57688.269560046814
1451,79.87983995773321,20.12016004226679,224302.59060131485,56497.40939868514
1452,79.39245979086826,20.60754020913174,222934.0270927581,57865.97290724189
1453,78.66900509384274,21.330994906157258,220902.56630351042,59897.43369648961
1454,79.77426840784086,20.225731592159136,224006.14568921714,56793.854310782845
1455,80.39478763382506,19.60521236617494,225748.56367578078,55051.436324219234
1456,79.3834094276841,20.6165905723159,222908.61367293698,57891.38632706301
1457,79.01480315504021,20.985196844959788,221873.56725935292,58926.43274064708
1458,80.08152179969717,19.91847820030283,224868.91321354968,55931.08678645034
1459,79.77297184216432,20.227028157835676,224002.5049327974,56797.49506720259
1460,80.45280697846306,19.54719302153694,225911.48199552426,54888.518004475736
1461,81.02412736554682,18.975872634453182,227515.74964245546,53284.25035754456
1462,79.03314870212958,20.96685129787042,221925.08155557985,58874.91844442017
1463,80.14795874609759,19.852041253902414,225055.468159042,55744.53184095797
1464,78.78251701138407,21.217482988615927,221221.30776796647,59578.69223203352
1465,80.10203201222458,19.897967987775417,224926.5058903266,55873.4941096734
1466,80.33176499541996,19.66823500458004,225571.59610713925,55228.40389286075
1467,78.86108131298208,21.13891868701792,221441.91632685368,59358.08367314631
1468,80.31190016325826,19.688099836741742,225515.81565842917,55284.18434157083
1469,79.42904196154643,20.57095803845357,223036.74982802238,57763.25017197763
1470,80.02282181384611,19.977178186153893,224704.08365327987,56095.91634672014
1471,77.6745810228585,22.325418977141496,218110.22351218667,62689.77648781332
1472,80.09985515418403,19.900144845815973,224920.39327294874,55879.60672705124
1473,80.25856650263833,19.74143349736167,225366.05473940843,55433.9452605916
1474,77.9524080657139,22.047591934286103,218890.36184852463,61909.638151475374
1475,80.84594102267432,19.154058977325676,227015.40239166952,53784.5976083305
1476,79.28622531378159,20.713774686218414,222635.7206810987,58164.279318901274
1477,79.90842473141049,20.09157526858951,224382.85664580064,56417.14335419934
1478,80.37760944205897,19.62239055794103,225700.32731330156,55099.672686698425
1479,79.34216666751934,20.657833332480664,222792.80400239426,58007.195997605704
1480,78.72238325875672,21.27761674124328,221052.45219058887,59747.54780941111
1481,80.12300216140166,19.876997838598342,224985.39006921585,55814.609930784136
1482,80.50381599022099,19.496184009779014,226054.71530054053,54745.28469945947
1483,78.4167266635084,21.5832733364916,220194.16847113156,60605.83152886844
1484,79.92956758184947,20.07043241815053,224442.2257698333,56357.774230166695
1485,79.38898756785694,20.611012432143056,222924.2770905423,57875.72290945767
1486,80.06173522992353,19.938264770076472,224813.35252562526,55986.647474374746
1487,80.78833783171856,19.211662168281435,226853.65263146575,53946.34736853425
1488,79.34891927620284,20.651080723797165,222811.76532757757,57988.23467242243
1489,80.95469615847115,19.04530384152885,227320.786812987,53479.213187013
1490,79.74898988610809,20.25101011389191,223935.16360019153,56864.83639980848
1491,78.7949662347209,21.205033765279097,221256.26518709632,59543.73481290367
1492,78.72082353131582,21.279176468684184,221048.0724759348,59751.92752406517
1493,80.63212438656936,19.36787561343064,226415.00527748675,54384.994722513264
1494,79.31237163681472,20.687628363185283,222709.1395561757,58090.860443824306
1495,79.91982468844532,20.080175311554683,224414.86772515444,56385.13227484554
1496,78.96526532150457,21.034734678495425,221734.46502278483,59065.53497721518
1497,78.13219286939231,21.867807130607687,219395.19757725362,61404.802422746376
1498,80.42205500660816,19.57794499339184,225825.1304585557,54974.8695414443
1499,80.36249494044772,19.637505059552282,225657.88579277718,55142.11420722282
1500,79.26866680160629,20.731333198393713,222586.41637891042,58213.583621089565
1501,80.22578860668395,19.77421139331605,225274.01440756852,55525.98559243147
1502,78.54021875168787,21.459781248312126,220540.93425473955,60259.06574526042
1503,79.76530085207474,20.234699147925255,223980.96479262586,56819.03520737415
1504,80.00778928779637,19.99221071220363,224661.8723201322,56138.12767986777
1505,78.96493201496862,21.035067985031375,221733.5290980319,59066.4709019681
1506,79.99432465447846,20.00567534552154,224624.0636297755,56175.936370224474
1507,79.7188372178374,20.281162782162596,223850.49490768742,56949.505092312604
1508,78.46012358364982,21.539876416350182,220316.0270228887,60483.97297711132
1509,80.1217819476069,19.878218052393095,224981.96370888018,55818.0362911198
1510,79.54495742367567,20.45504257632433,223362.24044568127,57437.759554318734
1511,77.07097339167701,22.929026608322985,216415.29328382906,64384.70671617094
1512,81.92540394922997,18.074596050770026,230046.53428943775,50753.46571056223
1513,79.58098686655708,20.419013133442917,223463.41112129227,57336.58887870774
1514,80.64337113607039,19.356628863929615,226446.58615008564,54353.41384991436
1515,79.97161809541643,20.02838190458357,224560.30361192932,56239.696388070675
1516,80.03134968692332,19.96865031307668,224728.0299208807,56071.9700791193
1517,79.69537401824341,20.304625981756587,223784.6102432275,57015.38975677249
1518,79.70957403106944,20.290425968930563,223824.48387924297,56975.516120757005
1519,78.5211628822621,21.478837117737896,220487.425373392,60312.57462660798
1520,79.85780191960743,20.142198080392575,224240.70779025764,56559.29220974235
1521,81.71876988071097,18.281230119289035,229466.30582503637,51333.694174963646
1522,78.30899066330173,21.691009336698272,219891.64578255123,60908.354217448774
1523,79.44385535599356,20.556144644006437,223078.34583962994,57721.65416037005
1524,80.67442639932668,19.325573600673323,226533.78932930928,54266.21067069072
1525,80.04109548117715,19.958904518822848,224755.39611114544,56044.60388885456
1526,79.83859312181062,20.161406878189382,224186.7694860442,56613.23051395579
1527,79.67083098505671,20.32916901494329,223715.69340603924,57084.30659396076
1528,78.77193887122237,21.228061128777625,221191.60435039242,59608.39564960759
1529,78.11326380692141,21.88673619307859,219342.0447698353,61457.955230164676
1530,80.1003642728891,19.899635727110905,224921.82287827256,55878.17712172745
1531,81.09624178196722,18.903758218032777,227718.24692376397,53081.75307623602
1532,79.2057910880217,20.794208911978302,222409.86137516494,58390.13862483507
1533,79.32609457017882,20.673905429821176,222747.67355306214,58052.326446937856
1534,79.7739670833748,20.2260329166252,224005.29957011642,56794.70042988357
1535,79.92992708312741,20.07007291687259,224443.2352494218,56356.76475057819
1536,80.86748442737562,19.132515572624385,227075.89627207073,53724.10372792927
1537,79.16201329947101,20.837986700528987,222286.9333449146,58513.0666550854
1538,78.61682409572758,21.38317590427242,220756.04206080304,60043.95793919696
1539,79.6792641895723,20.320735810427706,223739.37384431902,57060.62615568098
1540,79.58733059447138,20.412669405528618,223481.22430927565,57318.77569072434
1541,78.75142280826236,21.24857719173764,221133.9952456007,59666.004754399284
1542,79.84467689317836,20.15532310682164,224203.8527160448,56596.14728395516
1543,80.59839587840901,19.401604121590992,226320.2956265725,54479.70437342751
1544,78.99015942092828,21.00984057907172,221804.36765396662,58995.63234603338
1545,80.20208108166025,19.797918918339747,225207.443677302,55592.55632269797
1546,79.84907311135187,20.15092688864813,224216.19729667602,56583.80270332398
1547,78.33691557927871,21.66308442072129,219970.05894661462,60829.94105338538
1548,80.9271547430113,19.0728452569887,227243.45051837573,53556.549481624264
1549,79.49863438643115,20.50136561356885,223232.16535709868,57567.83464290133
1550,80.31520562154367,19.68479437845633,225525.09738529465,55274.90261470536
1551,78.94475594959904,21.055244050400958,221676.8747064741,59123.125293525896
1552,79.94306287082104,20.056937129178962,224480.12054126547,56319.87945873453
1553,79.53898319954973,20.461016800450267,223345.46482433565,57454.53517566432
1554,78.62829228013662,21.37170771986338,220788.2447226236,60011.75527737639
1555,78.39772404445281,21.602275955547185,220140.80911682348,60659.19088317655
1556,79.58774426162798,20.412255738372025,223482.38588665135,57317.61411334865
1557,80.62659735232761,19.373402647672393,226399.48536533595,54400.514634664054
1558,79.6478688087018,20.3521311912982,223651.21561483465,57148.78438516533
1559,77.64502471803787,22.354975281962126,218027.22940825036,62772.77059174965
1560,78.78069876997496,21.21930123002504,221216.20214608966,59583.79785391034
1561,77.6725626911313,22.327437308868696,218104.5560366967,62695.4439633033
1562,78.96227632425605,21.037723675743948,221726.071918511,59073.928081489
1563,80.08390526024208,19.916094739757924,224875.60597075976,55924.394029240226
1564,78.42446898304848,21.575531016951516,220215.90890440013,60584.09109559987
1565,80.1290426414093,19.8709573585907,225002.35173707732,55797.64826292268
1566,79.50007593497187,20.499924065028125,223236.213225401,57563.78677459898
1567,79.05192122622844,20.948078773771556,221977.79480324948,58822.20519675051
1568,78.9677967833639,21.032203216636105,221741.57336768584,59058.42663231416
1569,79.60019091822251,20.39980908177749,223517.3360983688,57282.66390163119
1570,79.20354482571074,20.796455174289264,222403.55387059576,58396.44612940422
1571,80.4286864474388,19.571313552561193,225843.75154440815,54956.24845559184
1572,78.82677170151447,21.173228298485526,221345.57493785265,59454.42506214735
1573,79.10756422771146,20.892435772288536,222134.0403514138,58665.95964858618
1574,79.67463947489287,20.32536052510713,223726.38764549917,57073.612354500816
1575,77.81141900097481,22.18858099902519,218494.46455473726,62305.53544526272
1576,79.44141570935264,20.55858429064736,223071.4953118622,57728.50468813781
1577,79.77324763970132,20.226752360298676,224003.27937228134,56796.72062771868
1578,79.42708074863349,20.572919251366514,223031.2427421628,57768.757257837184
1579,77.76673996235141,22.23326003764859,218369.00581428275,62430.99418571725
1580,80.36253695795294,19.63746304204706,225658.00377793185,55141.99622206812
1581,79.4087998752558,20.591200124744205,222979.91004971828,57820.08995028173
1582,80.51619397516176,19.483806024838245,226089.4726822542,54710.52731774581
1583,80.8223941880956,19.1776058119044,226949.28288017245,53850.71711982755
1584,79.61746094492126,20.382539055078738,223565.8303333389,57234.16966666111
1585,80.12859793748554,19.871402062514463,225001.10300845938,55798.89699154062
1586,81.91702673230142,18.082973267698577,230023.0110643024,50776.98893569759
1587,80.08935851634115,19.91064148365885,224890.91871388594,55909.08128611407
1588,79.47756270082222,20.52243729917778,223172.9960639088,57627.003936091205
1589,80.28628872764257,19.71371127235743,225443.89874722034,55356.10125277964
1590,80.21046510880065,19.789534891199352,225230.98602551222,55569.0139744878
1591,80.0722544506874,19.927745549312604,224842.8904975302,55957.10950246979
1592,79.50767767346987,20.49232232653013,223257.55890710338,57542.441092896624
1593,80.43520612602376,19.564793873976242,225862.05880187472,54937.94119812525
1594,79.37844559534926,20.621554404650738,222894.67523174075,57905.324768259234
1595,80.05918281742626,19.94081718257374,224806.1853513329,55993.81464866709
1596,80.0164180149037,19.983581985096293,224686.1017858496,56113.898214150395
1597,79.6491204486412,20.3508795513588,223654.73021978448,57145.26978021549
1598,79.8512091604743,20.148790839525702,224222.19532261183,56577.804677388165
1599,81.37598735133288,18.62401264866712,228503.77248254273,52296.227517457264
1600,78.84799649958518,21.15200350041482,221405.17417083518,59394.8258291648
1601,81.40597470023343,18.59402529976657,228587.97695825546,52212.02304174453
1602,80.32529297888841,19.674707021111587,225553.42268471868,55246.577315281305
1603,81.41181488541875,18.58818511458125,228604.37619825584,52195.62380174416
1604,79.6932312435384,20.306768756461594,223778.59333185584,57021.40666814418
1605,79.453377003037,20.546622996962995,223105.08262452792,57694.9173754721
1606,80.20671022336737,19.793289776632633,225220.44230721556,55579.55769278444
1607,80.25939999558874,19.740600004411263,225368.3951876132,55431.604812386824
1608,80.5834198361822,19.416580163817798,226278.24289999963,54521.75710000037
1609,81.06103593525545,18.938964064744553,227619.38890619727,53180.61109380273
1610,80.66431853928347,19.33568146071653,226505.406458308,54294.59354169201
1611,80.01623855921825,19.98376144078175,224685.59787428487,56114.40212571512
1612,79.77599038110988,20.224009618890122,224010.98099015656,56789.019009843425
1613,79.41600421856884,20.583995781431156,223000.13984574133,57799.86015425867
1614,77.67124783880874,22.32875216119126,218100.86393137492,62699.13606862507
1615,79.32735298262767,20.672647017372327,222751.2071752185,58048.79282478149
1616,79.11625494579387,20.88374505420613,222158.4438877892,58641.55611221076
1617,78.38520494248051,21.614795057519487,220105.65547848528,60694.34452151472
1618,81.3810536438167,18.6189463561833,228517.9986318373,52282.00136816267
1619,80.35023430914349,19.649765690856512,225623.4579400749,55176.54205992507
1620,79.40507763886995,20.594922361130045,222969.45800994686,57830.54199005314
1621,79.61401348804272,20.385986511957285,223556.14987442392,57243.85012557609
1622,79.94154693887913,20.058453061120872,224475.86380437258,56324.136195627405
1623,80.55555627011233,19.444443729887666,226200.0020064754,54599.99799352462
1624,80.17954764182424,19.820452358175757,225144.16977824247,55655.830221757526
1625,80.61212540295601,19.38787459704399,226358.84813150048,54441.1518684995
1626,78.87138862964618,21.128611370353823,221470.85927204648,59329.14072795349
1627,78.80584025621727,21.194159743782734,221286.79943945806,59513.200560541925
1628,79.01552152385952,20.98447847614048,221875.58443899752,58924.415561002475
1629,80.57823614635966,19.421763853640343,226263.68709897794,54536.31290102206
1630,80.57892926455553,19.421070735444474,226265.63337487192,54534.36662512808
1631,79.42642568283058,20.573574317169417,223029.40331738826,57770.59668261173
1632,80.69803445769534,19.301965542304657,226600.08075720852,54199.91924279147
1633,78.95430687099214,21.04569312900786,221703.69369374594,59096.30630625403
1634,79.75199651241346,20.248003487586544,223943.606206857,56856.39379314303
1635,79.57029911339089,20.429700886609112,223433.3999104016,57366.60008959838
1636,79.00365362662019,20.996346373379808,221842.2593835495,58957.74061645048
1637,79.80906409159647,20.19093590840353,224103.8519692029,56696.1480307971
1638,78.58094828617295,21.419051713827045,220655.30278757366,60144.69721242632
1639,80.75580011139107,19.244199888608932,226762.28671278612,54037.71328721389
1640,81.17675262905394,18.823247370946063,227944.32138238347,52855.67861761653
1641,79.97571970234034,20.024280297659658,224571.82092417168,56228.17907582833
1642,80.65262014774912,19.34737985225088,226472.55737487954,54327.44262512047
1643,78.54674640123123,21.453253598768768,220559.26389465728,60240.736105342694
1644,79.52842355606944,20.47157644393056,223315.813345443,57484.18665455704
1645,79.88391649055453,20.116083509445474,224314.0375054771,56485.962494522886
1646,79.45039239940553,20.54960760059447,223096.70185753072,57703.29814246927
1647,79.3867536247434,20.613246375256594,222918.0041782795,57881.99582172053
1648,80.55750701677962,19.442492983220376,226205.4797031172,54594.52029688282
1649,80.31353293671386,19.686467063286145,225520.40048629252,55279.599513707464
1650,78.21998034960932,21.780019650390685,219641.70482170297,61158.29517829704
1651,79.45206025901916,20.547939740980837,223101.3852073258,57698.61479267423
1652,79.77878146656859,20.22121853343141,224018.81835812458,56781.18164187542
1653,79.68885419477512,20.311145805224882,223766.30257892853,57033.69742107147
1654,79.5985943789697,20.401405621030307,223512.85301614692,57287.14698385306
1655,78.68118539177057,21.31881460822943,220936.76858009177,59863.23141990822
1656,79.33350873158412,20.666491268415882,222768.49251828823,58031.507481711764
1657,79.50674021255685,20.49325978744315,223254.92651685962,57545.07348314037
1658,78.55834957940941,21.44165042059059,220591.8456189816,60208.154381018394
1659,80.50244410854785,19.49755589145215,226050.86305680237,54749.136943197605
1660,80.09310856086122,19.906891439138775,224901.44883889833,55898.551161101685
1661,79.54273360594262,20.457266394057385,223355.99596548686,57444.00403451316
1662,79.80563665098177,20.194363349018232,224094.2277159568,56705.7722840432
1663,79.4453896481411,20.554610351858898,223082.6541319802,57717.345868019795
1664,78.66705113321368,21.332948866786325,220897.079582064,59902.920417935995
1665,78.711799191454,21.288200808545994,221022.73212960284,59777.26787039717
1666,80.56967853055912,19.430321469440884,226239.65731381,54560.34268618999
1667,81.1651724898688,18.834827510131205,227911.80435155157,52888.195648448425
1668,79.16474687530498,20.835253124695015,222294.60922585643,58505.390774143554
1669,80.0293180376191,19.970681962380894,224722.32504963447,56077.67495036554
1670,79.93015298098683,20.069847019013167,224443.86957061104,56356.130429388984
1671,79.94974951939736,20.050250480602642,224498.89665046777,56301.103349532226
1672,79.16329924623122,20.83670075376878,222290.5442834173,58509.45571658272
1673,79.69909426980263,20.30090573019737,223795.0567096058,57004.94329039422
1674,79.7643784526346,20.235621547365398,223978.37469499797,56821.62530500204
1675,79.73072551795643,20.26927448204357,223883.87725442165,56916.12274557834
1676,79.78734298581722,20.21265701418278,224042.85910417477,56757.140895825236
1677,78.6510117830588,21.348988216941194,220852.04108682915,59947.95891317086
1678,79.21411870784726,20.785881292152737,222433.24533163515,58366.754668364854
1679,82.2048617991067,17.795138200893305,230831.2519318916,49968.74806810837
1680,80.42126299697304,19.57873700302696,225822.9064955003,54977.09350449973
1681,79.36794896520117,20.632051034798835,222865.20069428487,57934.7993057151
1682,78.37024619618037,21.629753803819625,220063.65131887447,60736.34868112551
1683,78.58262718912287,21.417372810877126,220660.01714705705,60139.982852942936
1684,81.7612805652416,18.238719434758394,229585.67582719843,51214.32417280156
1685,79.01716767770856,20.982832322291443,221880.2068390056,58919.793160994384
1686,80.66216751645447,19.337832483545526,226499.36638620417,54300.63361379581
1687,78.84877032791374,21.15122967208626,221407.3470807818,59392.652919218206
1688,79.56029328596766,20.43970671403234,223405.30354699717,57394.69645300282
1689,80.63444261632546,19.365557383674542,226421.5148666419,54378.48513335812
1690,78.62551071773571,21.374489282264292,220780.4340954019,60019.56590459812
1691,80.16086995774492,19.83913004225508,225091.72284134774,55708.27715865227
1692,77.6640672059089,22.335932794091093,218080.7007141922,62719.29928580778
1693,79.59678792890745,20.403212071092554,223507.7805043721,57292.2194956279
1694,80.07220753218284,19.927792467817156,224842.75875036942,55957.24124963056
1695,79.55804363193276,20.44195636806724,223398.98651846725,57401.013481532784
1696,79.77389902256412,20.226100977435877,224005.10845536005,56794.89154463993
1697,79.55130148011803,20.448698519881972,223380.05455617144,57419.94544382856
1698,79.56751141323421,20.432488586765785,223425.57204836168,57374.42795163834
1699,79.1402352521044,20.859764747895596,222225.78058790916,58574.21941209084
1700,79.44915462909287,20.550845370907126,223093.2261984928,57706.773801507166
1701,79.19690509593129,20.803094904068715,222384.90950937502,58415.09049062499
1702,80.66719084894855,19.33280915105145,226513.4719038475,54286.52809615249
1703,78.00554448932513,21.994455510674868,219039.56892602495,61760.43107397507
1704,79.37315278141892,20.626847218581077,222879.81301022434,57920.18698977564
1705,79.97844109342239,20.02155890657761,224579.46259033008,56220.53740966991
1706,79.5885740449661,20.411425955033906,223484.71591826476,57315.284081735226
1707,78.89230555100124,21.107694448998757,221529.59398721147,59270.406012788524
1708,78.47792269459667,21.52207730540333,220366.00692642745,60433.99307357255
1709,80.2296856516291,19.770314348370903,225284.95730977453,55515.04269022547
1710,79.73220422340125,20.267795776598746,223888.0294593107,56911.970540689304
1711,79.91543445506379,20.08456554493621,224402.53994981913,56397.460050180875
1712,80.35803720682118,19.64196279317882,225645.36847675388,55154.631523246135
1713,78.39370295075257,21.60629704924743,220129.5178857132,60670.48211428682
1714,81.19470602556072,18.80529397443928,227994.73451977453,52805.26548022547
1715,78.92460921379603,21.075390786203968,221620.30267233925,59179.697327660746
1716,79.14896256749905,20.851037432500945,222250.2868895373,58549.71311046267
1717,80.29741596212808,19.702584037871915,225475.14402165567,55324.855978344334
1718,79.55458714316357,20.445412856836427,223389.28069800333,57410.71930199665
1719,81.698423922879,18.301576077121,229409.17437544424,51390.82562455576
1720,78.59139620188391,21.40860379811609,220684.64053489003,60115.35946510998
1721,79.29822526968977,20.701774730310234,222669.41655728885,58130.58344271116
1722,78.61478614813271,21.38521385186729,220750.31950395665,60049.68049604338
1723,77.63757947478977,22.362420525210226,218006.3231652097,62793.67683479028
1724,79.53123245031269,20.468767549687314,223323.70072047802,57476.29927952197
1725,79.85241790457246,20.147582095427538,224225.58947603946,56574.41052396054
1726,78.2817974385341,21.7182025614659,219815.28720740374,60984.71279259627
1727,80.19627588136919,19.80372411863081,225191.1426748847,55608.8573251153
1728,82.50646717596592,17.493532824034077,231678.15983011233,49121.84016988767
1729,79.72945113956797,20.27054886043203,223880.2987999069,56919.70120009312
1730,80.64807036678918,19.351929633210815,226459.78158994403,54340.21841005595
1731,79.6632632110428,20.336736788957197,223694.44309660819,57105.556903391815
1732,78.15373102659308,21.84626897340692,219455.67672267335,61344.32327732665
1733,79.24375412291852,20.756245877081483,222516.4615771552,58283.53842284479
1734,79.71013899062052,20.28986100937948,223826.07028566243,56973.92971433759
1735,79.73412654293936,20.265873457060636,223893.42733257374,56906.572667426255
1736,80.36883616462845,19.631163835371552,225675.69195027667,55124.30804972332
1737,80.43098516378787,19.569014836212133,225850.2063399163,54949.793660083706
1738,79.02738669116344,20.972613308836557,221908.90182878694,58891.09817121305
1739,79.91598248138504,20.084017518614957,224404.07880772918,56395.92119227079
1740,78.85002959382045,21.14997040617955,221410.88309944782,59389.11690055221
1741,80.80572667904174,19.19427332095826,226902.4805147492,53897.519485250814
1742,79.52447218486517,20.475527815134825,223304.7178951014,57495.28210489859
1743,80.97429441459045,19.025705585409554,227375.81871617,53424.18128382999
1744,79.48233254083974,20.517667459160265,223186.38977467795,57613.610225322045
1745,81.69551715737532,18.30448284262468,229401.0121779099,51398.9878220901
1746,79.62263285195675,20.37736714804325,223580.35304829455,57219.64695170544
1747,78.6480329776511,21.3519670223489,220843.6766012443,59956.32339875569
1748,79.60553182800744,20.394468171992557,223532.3333730449,57267.666626955084
1749,78.31911915318655,21.68088084681345,219920.0865821478,60879.91341785217
1750,78.56239449451373,21.437605505486275,220603.20374059453,60196.79625940547
1751,80.49140377177955,19.508596228220455,226019.86179115696,54780.138208843055
1752,79.94142868433363,20.05857131566637,224475.5317456088,56324.468254391184
1753,79.62184596430512,20.378154035694877,223578.1434677688,57221.85653223119
1754,78.21828328488465,21.78171671511535,219636.9394639561,61163.06053604388
1755,79.60790865700962,20.392091342990383,223539.00750888302,57260.992491116995
1756,80.64368445569914,19.356315544300855,226447.4659516032,54352.5340483968
1757,80.33071569495979,19.669284305040208,225568.64967144708,55231.350328552915
1758,80.58946692948349,19.410533070516507,226295.22313798964,54504.776862010374
1759,79.6610393807282,20.338960619271802,223688.19858108478,57111.801418915216
1760,81.04066169509622,18.95933830490378,227562.17803983018,53237.82196016983
1761,79.81035792096442,20.18964207903558,224107.4850420681,56692.5149579319
1762,80.48331205072517,19.516687949274825,225997.1402384363,54802.8597615637
1763,80.43770592802812,19.562294071971877,225869.078245903,54930.92175409703
1764,81.63362956673923,18.36637043326077,229227.23182340377,51572.76817659623
1765,78.96929352345661,21.030706476543386,221745.7762138662,59054.223786133836
1766,80.07770060824423,19.92229939175577,224858.1833079498,55941.816692050204
1767,78.90843362501279,21.09156637498721,221574.8816190359,59225.1183809641
1768,79.62811633023549,20.371883669764514,223595.75065530124,57204.24934469878
1769,79.48148471986426,20.518515280135745,223184.00909337885,57615.990906621126
1770,78.82170906621849,21.17829093378151,221331.35905794153,59468.64094205848
1771,79.88272824099168,20.117271759008318,224310.70090070466,56489.29909929532
1772,79.37260017170664,20.627399828293363,222878.26128215226,57921.738717847744
1773,79.98272088568913,20.017279114310867,224591.48024701508,56208.51975298492
1774,79.53585093156192,20.464149068438076,223336.6694158259,57463.33058417413
1775,78.14961004810974,21.850389951890264,219444.10501509212,61355.894984907885
1776,80.03465222820475,19.96534777179525,224737.30345679895,56062.69654320103
1777,80.97196771273711,19.02803228726289,227369.2853373658,53430.7146626342
1778,80.81446713104495,19.18553286895505,226927.0237039742,53872.97629602581
1779,81.45709591968911,18.54290408031089,228731.52534248703,52068.47465751298
1780,81.5459699480753,18.454030051924704,228981.0836141954,51818.91638580458
1781,79.38663140537268,20.613368594627318,222917.6609862865,57882.3390137135
1782,78.25322061327317,21.74677938672683,219735.04348207108,61064.95651792891
1783,80.44620506790999,19.553794932090014,225892.94383069122,54907.05616930877
1784,79.91068731888014,20.089312681119864,224389.2099914154,56410.79000858458
1785,80.2858000807766,19.714199919223404,225442.52662682068,55357.473373179346
1786,80.50957330322036,19.490426696779636,226070.88183544276,54729.11816455723
1787,80.13159007834165,19.868409921658355,225009.50493998337,55790.495060016634
1788,79.93796592525028,20.062034074749718,224465.8083181028,56334.191681897195
1789,79.28845846070192,20.711541539298082,222641.991357651,58158.008642349
1790,79.3505013165928,20.649498683407202,222816.20769699255,57983.792303007445
1791,79.8810173243545,20.118982675645498,224305.89664678744,56494.10335321256
1792,78.76420411436152,21.23579588563848,221169.88515312716,59630.114846872835
1793,78.33967780890124,21.660322191098757,219977.81528739468,60822.18471260529
1794,78.97032885700969,21.02967114299031,221748.68343048322,59051.3165695168
1795,78.81071986160153,21.189280138398473,221300.5013713771,59499.49862862291
1796,80.86735330999655,19.132646690003455,227075.5280944703,53724.471905529674
1797,79.28996615731056,20.71003384268944,222646.22496972803,58153.77503027197
1798,79.39692766650529,20.60307233349471,222946.57288754685,57853.42711245314
1799,80.82363172740365,19.17636827259635,226952.75789054943,53847.24210945057
1800,80.1447642955243,19.855235704475703,225046.4981418322,55753.5018581678
1801,80.62639189504252,19.373608104957484,226398.90844127937,54401.091558720655
1802,80.62606531747457,19.37393468252543,226397.9914114686,54402.00858853139
1803,80.2599332964688,19.7400667035312,225369.8926964844,55430.107303515615
1804,79.56434456931038,20.43565543068962,223416.67955062352,57383.320449376486
1805,80.3691599072743,19.630840092725705,225676.6010196262,55123.398980373815
1806,80.0572491228055,19.9427508771945,224800.75553683785,55999.24446316215
1807,79.93122297575628,20.068777024243715,224446.87411592365,56353.12588407636
1808,80.53602050590672,19.46397949409328,226145.14558058608,54654.854419413925
1809,80.37686759769042,19.62313240230958,225698.24421431468,55101.75578568532
1810,78.60937543023428,21.39062456976572,220735.12620809785,60064.87379190215
1811,80.15248086604986,19.847519133950144,225068.166271868,55731.83372813204
1812,80.04549884796418,19.954501152035817,224767.76076508343,56032.239234916575
1813,80.36036895637648,19.639631043623524,225651.91602950514,55148.08397049486
1814,80.90216218974172,19.097837810258284,227173.27142879472,53626.728571205276
1815,81.29090876402779,18.70909123597221,228264.87180939005,52535.128190609954
1816,79.32148037695322,20.678519623046782,222734.71689848462,58065.28310151538
1817,78.47621085167063,21.52378914832937,220361.20007149116,60438.79992850887
1818,80.59007278008472,19.409927219915275,226296.92436647794,54503.07563352209
1819,79.87991245857972,20.120087541420276,224302.79418369188,56497.205816308124
1820,79.49866737055238,20.501332629447617,223232.25797651111,57567.7420234889
1821,80.93409033660065,19.065909663399353,227262.9256651746,53537.074334825404
1822,80.24888490265563,19.751115097344368,225338.86880665703,55461.131193343
1823,79.32975107690227,20.67024892309773,222757.94102394156,58042.05897605844
1824,80.04147141393646,19.958528586063537,224756.4517303336,56043.548269666404
1825,78.78986101359669,21.210138986403308,221241.9297261795,59558.07027382047
1826,79.24338010441093,20.75661989558907,222515.41133318588,58284.58866681413
1827,77.85978597177635,22.140214028223653,218630.27900874795,62169.720991252056
1828,81.50324880873193,18.496751191268075,228861.12265491925,51938.87734508075
1829,80.15028175202777,19.849718247972234,225061.99115969395,55738.00884030606
1830,79.66528081853876,20.33471918146124,223700.10853845684,57099.89146154314
1831,79.0097331835891,20.990266816410895,221859.3307795182,58940.66922048178
1832,78.83318034838965,21.166819651610354,221363.5704182781,59436.429581721895
1833,80.1927590239501,19.807240976049897,225181.26733925188,55618.73266074812
1834,80.40368027364211,19.59631972635789,225773.53420838705,55026.46579161295
1835,78.5869361571853,21.413063842814694,220672.11672937634,60127.88327062367
1836,79.94593231158765,20.054067688412346,224488.17793093814,56311.82206906186
1837,80.1469212383698,19.8530787616302,225052.55483734238,55747.44516265763
1838,80.85280553712627,19.147194462873728,227034.67794825058,53765.32205174941
1839,80.05562864108788,19.94437135891212,224796.20522417477,56003.79477582524
1840,82.29006264397182,17.709937356028178,231070.4959042729,49729.50409572708
1841,79.99799131063192,20.002008689368083,224634.3596002544,56165.64039974558
1842,80.40636070050134,19.593639299498662,225781.0608470078,55018.93915299222
1843,78.77013248694578,21.229867513054216,221186.53202334378,59613.46797665624
1844,79.0108959876878,20.989104012312197,221862.59593342734,58937.40406657268
1845,79.88342176281152,20.116578237188477,224312.64830997476,56487.351690025265
1846,80.19004341548721,19.80995658451279,225173.64191068808,55626.358089311936
1847,80.89460179666365,19.10539820333635,227152.04184503155,53647.95815496843
1848,79.22133327225023,20.778666727749766,222453.50382847863,58346.49617152137
1849,80.30160866127066,19.698391338729337,225486.91712084803,55313.082879151974
1850,80.21361471027929,19.786385289720712,225239.83010646424,55560.169893535756
1851,79.97384351306523,20.026156486934767,224566.5525846872,56233.4474153128
1852,78.96783381809888,21.03216618190112,221741.67736122166,59058.32263877834
1853,80.01896582060112,19.981034179398875,224693.25602424794,56106.74397575206
1854,80.8345184841036,19.165481515896403,226983.32790336292,53816.67209663708
1855,80.39567439054531,19.60432560945469,225751.05368865124,55048.94631134876
1856,80.33217727633833,19.667822723661672,225572.75379195804,55227.246208041965
1857,80.51544077207241,19.48455922792759,226087.35768797933,54712.642312020675
1858,79.94959060508877,20.050409394911227,224498.45041908926,56301.549580910745
1859,79.03862248551893,20.96137751448107,221940.45193933716,58859.54806066286
1860,79.66791537227174,20.332084627728264,223707.50636533904,57092.493634660954
1861,79.6903103287798,20.309689671220198,223770.39140321367,57029.60859678632
1862,79.16113265443028,20.838867345569724,222284.46049364022,58515.5395063598
1863,78.6069282002732,21.393071799726798,220728.25438636716,60071.745613632855
1864,80.741263013174,19.258736986825994,226721.4665409926,54078.53345900736
1865,79.12037488009753,20.87962511990247,222170.01266331386,58629.98733668612
1866,79.76345076367194,20.23654923632806,223975.7697443908,56824.2302556092
1867,79.78587343248624,20.21412656751376,224038.73259842137,56761.267401578625
1868,80.52612437472098,19.47387562527902,226117.3572442165,54682.64275578352
1869,79.99127464786085,20.00872535213915,224615.49921119327,56184.50078880674
1870,79.70204458508918,20.297955414910817,223803.34119493043,56996.658805069565
1871,80.32194211418783,19.678057885812166,225544.01345663943,55255.98654336056
1872,79.93380877098085,20.066191229019154,224454.13502891423,56345.86497108578
1873,78.95308418168891,21.046915818311092,221700.26038218243,59099.73961781759
1874,79.10221327465162,20.897786725348382,222119.01487522174,58680.98512477826
1875,80.22562894184104,19.774371058158962,225273.56606868963,55526.433931310356
1876,78.10236632607105,21.89763367392895,219311.4446436075,61488.55535639248
1877,77.42631249728443,22.573687502715572,217413.0854923747,63386.914507625304
1878,80.35734199949728,19.64265800050272,225643.41633458837,55156.58366541164
1879,79.47048429396354,20.529515706036463,223153.11989744962,57646.88010255038
1880,79.45124340010746,20.548756599892542,223099.0914675017,57700.908532498266
1881,80.57310300758196,19.426896992418037,226249.27324529015,54550.72675470986
1882,78.8127337443425,21.187266255657505,221306.15635411371,59493.84364588627
1883,80.51222732039463,19.48777267960537,226078.3343156681,54721.66568433191
1884,80.7988206106001,19.201179389399897,226883.08827456506,53916.911725434955
1885,78.5513938546434,21.448606145356607,220572.31394383864,60227.68605616136
1886,79.61667572771056,20.383324272289443,223563.62544341123,57236.37455658878
1887,78.82701091360566,21.172989086394338,221346.24664540472,59453.75335459526
1888,80.38509838356946,19.614901616430544,225721.35626106302,55078.643738937
1889,81.05358478670198,18.946415213298025,227598.46608105916,53201.53391894084
1890,78.47622626260554,21.523773737394464,220361.24334539636,60438.75665460364
1891,79.38188741723748,20.61811258276252,222904.33986760283,57895.660132397184
1892,79.15191734214797,20.848082657852032,222258.58389675152,58541.416103248484
1893,79.55454271305842,20.445457286941576,223389.15593826806,57410.84406173196
1894,80.39250313754772,19.60749686245228,225742.148810234,55057.851189765985
1895,80.55039744285992,19.449602557140082,226185.51601955068,54614.483980449324
1896,78.98660636413207,21.013393635867928,221794.39067048286,59005.609329517145
1897,79.86389175929158,20.136108240708424,224257.80806009073,56542.19193990928
1898,80.96270245899693,19.03729754100307,227343.26850486337,53456.7314951366
1899,80.04999624702353,19.95000375297647,224780.3894616421,56019.61053835789
1900,79.20688904360223,20.79311095639777,222412.94443443508,58387.05556556492
1901,78.03327107623038,21.966728923769622,219117.42518205493,61682.57481794509
1902,81.28389699434123,18.716103005658766,228245.18276011018,52554.81723988984
1903,79.07307189030075,20.926928109699247,222037.1858679645,58762.81413203551
1904,80.36468732096542,19.635312679034584,225664.04199727092,55135.95800272908
1905,80.19852274712589,19.801477252874108,225197.4518739295,55602.548126070506
1906,79.93998126022183,20.060018739778172,224471.4673787029,56328.53262129712
1907,79.7607837009159,20.239216299084106,223968.28063217184,56831.71936782818
1908,79.37710608253953,20.622893917460473,222890.913879771,57909.086120229
1909,79.72177976615204,20.27822023384796,223858.75758335495,56941.242416645044
1910,79.25492282508121,20.74507717491879,222547.82329282805,58252.176707171944
1911,79.06030988341541,20.939690116584586,222001.35015263048,58798.64984736954
1912,79.0893764200057,20.910623579994294,222082.96898737602,58717.031012623964
1913,79.99900830363642,20.000991696363585,224637.21531661105,56162.78468338896
1914,80.1371404700123,19.862859529987702,225025.09043979453,55774.90956020548
1915,79.35737884734154,20.642621152658464,222835.51980333505,57964.48019666497
1916,78.99272111307278,21.007278886927224,221811.56088550834,58988.439114491666
1917,80.56730877232326,19.43269122767674,226233.0030326837,54566.99696731633
1918,77.8518020871378,22.1481979128622,218607.86026068294,62192.13973931705
1919,79.7794982851865,20.220501714813494,224020.83118480368,56779.1688151963
1920,79.43987388174911,20.560126118250892,223067.16585995146,57732.834140048515
1921,78.85278891037359,21.14721108962641,221418.63126032904,59381.36873967097
1922,79.7629175613767,20.237082438623304,223974.27251234575,56825.72748765425
1923,79.69931781017404,20.300682189825963,223795.6844109687,57004.31558903128
1924,79.38587823071984,20.61412176928016,222915.54607186132,57884.45392813868
1925,81.01971856936248,18.98028143063752,227503.36974276986,53296.63025723012
1926,78.34050345098166,21.659496549018343,219980.13369035648,60819.86630964352
1927,80.02621759537463,19.973782404625368,224713.61900781194,56086.38099218806
1928,80.30798168796906,19.69201831203094,225504.81257981714,55295.18742018285
1929,81.12668018879592,18.873319811204084,227803.71797013894,52996.282029861046
1930,78.78127568408783,21.21872431591217,221217.8221209186,59582.1778790814
1931,79.5413968020092,20.458603197990797,223352.24222004184,57447.75777995816
1932,79.82322763555639,20.176772364443607,224143.62320064235,56656.37679935763
1933,80.78619137493719,19.21380862506281,226847.62538082362,53952.37461917637
1934,78.23484519140861,21.76515480859139,219683.44529747538,61116.554702524605
1935,80.83714237600307,19.162857623996928,226990.69579181666,53809.30420818334
1936,79.21957192813561,20.780428071864392,222448.55797420477,58351.44202579523
1937,80.48378572609346,19.51621427390654,225998.47031887044,54801.52968112958
1938,79.39234568789885,20.607654312101147,222933.70669162,57866.29330837998
1939,78.31070796241362,21.689292037586384,219896.46795845745,60903.532041542545
1940,80.277201045601,19.722798954398996,225418.38053604763,55381.61946395238
1941,80.80181831762125,19.198181682378745,226891.50583588047,53908.49416411953
1942,80.3645670052983,19.635432994701702,225663.7041508776,55136.29584912238
1943,79.80532271754808,20.19467728245192,224093.346190875,56706.65380912501
1944,79.11403557396798,20.885964426032018,222152.21189170209,58647.78810829794
1945,79.16439502696363,20.835604973036368,222293.6212357139,58506.37876428611
1946,78.92954943698695,21.070450563013054,221634.17481905935,59165.82518094065
1947,79.56161568554556,20.43838431445444,223409.01684501194,57390.98315498808
1948,78.02147709063343,21.978522909366575,219084.30767049867,61715.69232950131
1949,78.2118223770716,21.7881776229284,219618.79723481703,61181.20276518296
1950,81.81807884368261,18.181921156317387,229745.1653930608,51054.83460693919
1951,80.24184879292247,19.758151207077532,225319.11141052627,55480.8885894737
1952,79.89689367120171,20.10310632879829,224350.4774287344,56449.5225712656
1953,81.35273480871402,18.64726519128598,228438.47934286893,52361.52065713107
1954,77.28912090520464,22.71087909479536,217027.8515018146,63772.14849818539
1955,78.6168280776104,21.383171922389593,220756.05324193003,60043.946758069986
1956,79.5539549146745,20.446045085325494,223387.50540040602,57412.49459959396
1957,78.66576967976123,21.334230320238774,220893.48126076953,59906.518739230494
1958,79.28288104472054,20.71711895527946,222626.32997357528,58173.67002642473
1959,77.13733371170457,22.86266628829543,216601.63306246643,64198.366937533574
1960,80.23128320145109,19.76871679854891,225289.44322967468,55510.55677032532
1961,80.7579600983063,19.2420399016937,226768.3519560441,54031.64804395591
1962,80.75859595024255,19.24140404975745,226770.13742828107,54029.86257171894
1963,78.53253996510179,21.46746003489821,220519.37222200583,60280.62777799416
1964,79.90464530868476,20.095354691315237,224372.24402678682,56427.75597321318
1965,79.66730049880537,20.332699501194625,223705.77980064548,57094.22019935453
1966,79.16549798018589,20.83450201981411,222296.71832836195,58503.28167163807
1967,79.36949077783895,20.630509222161052,222869.53010417178,57930.46989582821
1968,80.7036360250436,19.296363974956407,226615.8099583224,54184.19004167759
1969,80.25948335807442,19.74051664192558,225368.62926947296,55431.37073052705
1970,78.7646880431827,21.2353119568173,221171.244025257,59628.75597474297
1971,78.83020569626457,21.16979430373543,221355.21759511094,59444.78240488906
1972,81.07640525850057,18.92359474149943,227662.54596586962,53137.45403413041
1973,78.83743069269869,21.16256930730131,221375.50538509793,59424.4946149021
1974,80.17506561325578,19.824934386744218,225131.58424202222,55668.41575797778
1975,79.46871471118475,20.531285288815255,223148.15090900677,57651.8490909932
1976,81.31986499344458,18.680135006555417,228346.18090159236,52453.81909840765
1977,79.90574069072522,20.094259309274776,224375.31985955642,56424.680140443576
1978,80.28218296655247,19.71781703344753,225432.36977007933,55367.63022992066
1979,78.35443211807255,21.645567881927448,220019.2453875477,60780.75461245227
1980,78.57046435858193,21.42953564141807,220625.86391889805,60174.13608110197
1981,79.90641277015048,20.09358722984952,224377.20705858254,56422.79294141746
1982,78.63446560689336,21.365534393106643,220805.57942415655,59994.420575843455
1983,80.1161983874489,19.883801612551096,224966.28507195652,55833.71492804347
1984,79.18207662338274,20.81792337661726,222343.27115845875,58456.72884154123
1985,78.49160501678728,21.508394983212725,220404.4268871387,60395.57311286131
1986,78.67638545794614,21.32361454205386,220923.29036591278,59876.709634087216
1987,78.57233642066213,21.427663579337874,220631.12066921924,60168.879330780765
1988,79.26655802825564,20.733441971744355,222580.49494334188,58219.50505665812
1989,79.74260878182972,20.257391218170284,223917.24545937785,56882.75454062215
1990,79.57589180464858,20.424108195351423,223449.10418745322,57350.895812546776
1991,78.81782535682387,21.182174643176126,221320.45360196143,59479.54639803857
1992,79.4116406730586,20.5883593269414,222987.88700994855,57812.11299005145
1993,79.74737177652588,20.25262822347412,223930.6199484847,56869.38005151533
1994,79.5065375169685,20.493462483031493,223254.35734764754,57545.64265235247
1995,79.52609645407821,20.473903545921786,223309.27884305164,57490.72115694835
1996,81.11925778651144,18.88074221348856,227782.8758645241,53017.12413547587
1997,78.15757639915456,21.842423600845436,219466.47452882602,61333.525471174
1998,80.22557262198893,19.77442737801107,225273.40792254492,55526.59207745507
1999,78.54608392546302,21.453916074536977,220557.40366270015,60242.59633729983
2000,80.12378012839508,19.876219871604917,224987.5746005334,55812.42539946661
2001,79.54931956502077,20.450680434979233,223374.48933857828,57425.51066142174
2002,77.75049191244273,22.249508087557274,218323.3812901392,62476.61870986082
2003,78.79917689492505,21.200823105074946,221268.08872094957,59531.91127905044
2004,79.21083627474931,20.78916372525069,222424.0282594961,58375.97174050393
2005,79.01319532713036,20.98680467286964,221869.05247858205,58930.94752141795
2006,78.64669775006631,21.35330224993369,220839.9272821862,59960.072717813804
2007,80.1441186587589,19.8558813412411,225044.68519379498,55755.31480620502
2008,80.69198847161286,19.30801152838714,226583.10362828893,54216.89637171107
2009,79.53923075743866,20.46076924256134,223346.15996688776,57453.84003311224
2010,78.60727413719012,21.392725862809883,220729.22577722985,60070.77422277017
2011,79.92270778545472,20.07729221454528,224422.96346155685,56377.03653844315
2012,78.74408972770208,21.255910272297925,221113.40395538742,59686.59604461256
2013,82.48675437113305,17.513245628866954,231622.8062741416,49177.19372585841
2014,78.78690503359836,21.21309496640164,221233.6293343442,59566.37066565578
2015,79.03045127864443,20.969548721355565,221917.50719043356,58882.49280956643
2016,79.64631361927998,20.35368638072002,223646.8486429382,57153.151357061826
2017,78.6355374283083,21.364462571691703,220808.5890986897,59991.410901310315
2018,80.27639131951437,19.723608680485626,225416.10682519636,55383.893174803656
2019,80.22455841290466,19.775441587095344,225270.56002343626,55529.43997656373
2020,80.14512112479932,19.854878875200683,225047.50011843647,55752.499881563526
2021,78.82774815821281,21.172251841787187,221348.3168282616,59451.68317173839
2022,80.0338742877887,19.966125712211294,224735.1190001107,56064.88099988932
2023,79.64393454976178,20.35606545023822,223640.1682157311,57159.83178426891
2024,80.52140070806982,19.47859929193018,226104.09318826004,54695.906811739944
2025,80.1756346896679,19.824365310332098,225133.18220858747,55666.81779141252
2026,80.4354829922847,19.564517007715295,225862.83624233544,54937.16375766457
2027,79.64726102575122,20.35273897424878,223649.50896030944,57150.491039690554
2028,79.81839549080576,20.181604509194244,224130.05453818257,56669.94546181741
2029,79.76526313982458,20.234736860175417,223980.85889662744,56819.141103372545
2030,79.4597815516142,20.5402184483858,223123.06659693268,57676.93340306732
2031,79.12856861013965,20.871431389860348,222193.02065727214,58606.97934272787
2032,80.86126813215819,19.138731867841813,227058.44091510022,53741.55908489979
2033,80.35660258361146,19.643397416388538,225641.34005478097,55158.659945219035
2034,80.49438974967484,19.505610250325162,226028.24641708695,54771.75358291306
2035,80.08203962343278,19.917960376567223,224870.36726259923,55929.63273740076
2036,80.08628268550481,19.913717314495187,224882.28178089752,55917.71821910248
2037,80.57547512105026,19.42452487894974,226255.93413990914,54544.065860090894
2038,79.44074220847453,20.559257791525468,223069.6041213965,57730.39587860351
2039,78.7296736359488,21.2703263640512,221072.92356974425,59727.07643025573
2040,79.73612943879628,20.263870561203717,223899.05146413998,56900.948535860014
2041,80.53013104214945,19.46986895785055,226128.60796635563,54671.392033644384
2042,79.2557585403894,20.744241459610606,222550.16998141343,58249.83001858656
2043,78.92854574208323,21.07145425791677,221631.3564437697,59168.64355623032
2044,81.20245644685636,18.79754355314364,228016.49770277267,52783.50229722733
2045,79.31272920863927,20.68727079136073,222710.14361785905,58089.856382140955
2046,79.40819940696572,20.59180059303428,222978.22393475974,57821.77606524028
2047,81.32027259857844,18.67972740142156,228347.32545680826,52452.67454319174
2048,78.31599632081502,21.684003679184983,219911.31766884855,60888.682331151445
2049,80.54761816907337,19.452381830926626,226177.71181875805,54622.288181241966
2050,79.43761903994321,20.562380960056785,223060.83426416054,57739.16573583947
2051,80.96021612990218,19.03978387009782,227336.28689276535,53463.71310723466
2052,79.2046866032928,20.7953133967072,222406.75998204618,58393.24001795384
2053,79.56789651738545,20.43210348261455,223426.65342081833,57373.346579181685
2054,80.07161469858858,19.928385301411424,224841.09407363672,55958.90592636327
2055,78.10651615220233,21.89348384779767,219323.09735538415,61476.90264461585
2056,79.90889851268983,20.09110148731017,224384.18702363304,56415.812976366964
2057,80.16875813739858,19.831241862601416,225113.87284981523,55686.127150184766
2058,79.54243860466661,20.457561395333386,223355.16760190387,57444.83239809613
2059,79.81456936107166,20.185430638928338,224119.31076588924,56680.68923411076
2060,79.81514909491267,20.18485090508733,224120.93865851476,56679.061341485256
2061,80.02054757756116,19.97945242243884,224697.69759779173,56102.30240220829
2062,79.52280591539204,20.47719408460796,223300.03901042085,57499.960989579165
2063,79.4048198209463,20.5951801790537,222968.73405721723,57831.26594278278
2064,80.76193283702533,19.238067162974673,226779.50740636713,54020.49259363285
2065,78.07101870245255,21.928981297547452,219223.42051648677,61576.579483513226
2066,79.07664053251283,20.923359467487174,222047.20661529602,58752.793384704
2067,78.95418159149752,21.045818408502484,221703.34190892504,59096.65809107495
2068,81.00063217870893,18.999367821291074,227449.77515781467,53350.224842185344
2069,78.64038141271877,21.359618587281233,220822.19100691428,59977.80899308572
2070,77.32359126854472,22.676408731455282,217124.64428207357,63675.355717926446
2071,80.66615554965446,19.333844450345538,226510.56478342973,54289.43521657026
2072,81.07800146913846,18.921998530861543,227667.02812534076,53132.971874659255
2073,80.21668559787709,19.78331440212291,225248.45315883888,55551.54684116112
2074,79.18779504567104,20.812204954328962,222359.32848824427,58440.67151175572
2075,79.97794932835501,20.02205067164499,224578.08171402087,56221.91828597915
2076,79.3782827468779,20.6217172531221,222894.21795323316,57905.782046766835
2077,80.99277817408883,19.007221825911174,227427.7211128414,53372.278887158594
2078,77.28663723266814,22.71336276733186,217020.87734933215,63779.12265066786
2079,79.68425061992654,20.315749380073456,223753.37574075375,57046.624259246266
2080,80.16257473186657,19.83742526813343,225096.50984708132,55703.49015291869
2081,79.36938681091259,20.630613189087413,222869.23816504257,57930.76183495742
2082,80.24923944968467,19.750760550315334,225339.86437471455,55460.13562528545
2083,79.61005098138443,20.389949018615567,223545.0231557275,57254.976844272474
2084,81.17640288242323,18.823597117576767,227943.33929384444,52856.66070615554
2085,79.65796718256665,20.34203281743335,223679.57184864715,57120.42815135284
2086,77.80737513872154,22.19262486127846,218483.1093895301,62316.8906104699
2087,78.6730717990822,21.326928200917806,220913.9856118228,59886.01438817721
2088,79.95252637917251,20.04747362082749,224506.6940727164,56293.3059272836
2089,80.54900732910968,19.450992670890315,226181.61258014,54618.387419860024
2090,79.30095305932849,20.699046940671508,222677.0761905944,58122.923809405576
2091,80.3169860383003,19.6830139616997,225530.09679554723,55269.90320445277
2092,79.58480488080359,20.41519511919641,223474.13210529648,57325.86789470354
2093,77.91452328120822,22.08547671879178,218783.98137363268,62016.01862636733
2094,79.7220774958212,20.277922504178804,223859.59360826592,56940.40639173405
2095,78.55697208075017,21.44302791924983,220587.97760274645,60212.02239725353
2096,78.96635268346981,21.033647316530192,221737.51833518324,59062.48166481676
2097,80.44830315458017,19.551696845419826,225898.83525806112,54901.16474193888
2098,79.81272949427385,20.187270505726147,224114.14441992098,56685.855580079005
2099,80.19609013895287,19.80390986104713,225190.62111017967,55609.37888982033
2100,78.62987203587825,21.37012796412175,220792.68067674612,60007.31932325386
2101,77.50799310604228,22.492006893957722,217642.44464176672,63157.55535823331
2102,80.18534269514497,19.814657304855032,225160.44228796707,55639.55771203294
2103,78.82282159895952,21.17717840104048,221334.48304987836,59465.516950121644
2104,80.36486027168034,19.635139728319658,225664.52764287838,55135.47235712164
2105,80.49650774160823,19.503492258391773,226034.1937384359,54765.806261564096
2106,78.89731927704491,21.102680722955085,221543.67252994212,59256.327470057906
2107,80.73954822061708,19.26045177938292,226716.65140349275,54083.34859650723
2108,79.48482696524366,20.515173034756344,223193.3941184042,57606.605881595824
2109,79.93369670188451,20.066303298115486,224453.82033889173,56346.17966110827
2110,79.35387165440524,20.64612834559476,222825.67160556992,57974.328394430086
2111,80.35789825936142,19.64210174063858,225644.97831228687,55155.021687713146
2112,79.61711937100272,20.382880628997285,223564.87119377562,57235.12880622437
2113,80.33032869286522,19.669671307134777,225567.56296956554,55232.43703043444
2114,80.16488180520894,19.835118194791065,225102.9881090267,55697.01189097334
2115,79.14855104680906,20.85144895319094,222249.13133943983,58550.86866056017
2116,80.92463095254088,19.07536904745912,227236.3637147348,53563.63628526522
2117,82.49212126696321,17.50787873303679,231637.87651763269,49162.12348236733
2118,80.02456041693249,19.975439583067512,224708.96565074642,56091.034349253605
2119,81.6105019851078,18.389498014892197,229162.28957418268,51637.710425817335
2120,79.57201548762394,20.427984512376057,223438.21948924806,57361.78051075192
2121,79.9357680928493,20.0642319071507,224459.63680472085,56340.36319527916
2122,81.6112240174405,18.388775982559494,229164.31704097294,51635.68295902708
2123,79.17004926698634,20.82995073301366,222309.49834169765,58490.50165830235
2124,78.95549708257357,21.044502917426428,221707.0358078666,59092.96419213337
2125,78.70246729426339,21.297532705736614,220996.52816229156,59803.47183770845
2126,79.93187596763369,20.068124032366313,224448.70771711538,56351.29228288463
2127,79.07005198020947,20.92994801979053,222028.7059604282,58771.294039571796
2128,79.53826218877647,20.46173781122353,223343.44022608435,57456.55977391564
2129,80.03478812976932,19.965211870230675,224737.68506839228,56062.314931607725
2130,79.42056157816704,20.57943842183296,223012.93691149305,57787.06308850694
2131,77.75325386913235,22.24674613086765,218331.1368645236,62468.8631354764
2132,80.80613525880071,19.19386474119929,226903.6278067124,53896.37219328759
2133,82.2034010515544,17.796598948445606,230827.15015276475,49972.849847235266
2134,79.96077981025574,20.039220189744256,224529.86970719812,56270.13029280188
2135,80.41822526947028,19.581774730529716,225814.37655667256,54985.62344332743
2136,80.62801833145028,19.371981668549722,226403.47547471238,54396.52452528762
2137,80.63359482455242,19.366405175447582,226419.1342673432,54380.865732656806
2138,80.44244895821264,19.557551041787363,225882.39667466105,54917.603325338954
2139,79.87160873153728,20.12839126846272,224279.47731815669,56520.52268184333
2140,78.47293823944483,21.52706176055517,220352.0105763611,60447.98942363892
2141,80.57966132076866,19.420338679231335,226267.68898871838,54532.31101128159
2142,78.49479613072918,21.505203869270815,220413.38753508756,60386.61246491242
2143,79.7942035837626,20.205796416237405,224062.12366320536,56737.87633679462
2144,79.76943075041585,20.23056924958415,223992.56154716772,56807.438452832306
2145,79.30341786517414,20.69658213482586,222683.99736540898,58116.002634591
2146,79.28754793311005,20.712452066889952,222639.434596173,58160.565403826986
2147,79.66746644899992,20.332533551000083,223706.24578879174,57093.754211208245
2148,79.31506459648455,20.684935403515453,222716.70138692862,58083.2986130714
2149,80.71089631294012,19.289103687059878,226636.19684673584,54163.80315326415
2150,81.03361910132071,18.96638089867929,227542.40243650856,53257.597563491436
2151,79.98198463037123,20.01801536962877,224589.4128420824,56210.5871579176
2152,79.89146372414663,20.108536275853368,224335.23013740376,56464.76986259625
2153,77.60584624358248,22.394153756417523,217917.21625197958,62882.78374802041
2154,79.02490423560599,20.975095764394013,221901.9310935816,58898.0689064184
2155,79.65462144882106,20.34537855117894,223670.17702828953,57129.822971710484
2156,80.42096346602389,19.579036533976108,225822.06541259508,54977.93458740491
2157,79.84914574673276,20.15085425326724,224216.4012568256,56583.598743174385
2158,80.16422814691238,19.83577185308762,225101.15263652994,55698.84736347008
2159,80.00456163855272,19.995438361447285,224652.80908105604,56147.19091894396
2160,80.12821230492436,19.87178769507564,225000.0201522276,55799.97984777238
2161,79.67810656025607,20.32189343974393,223736.12322119903,57063.87677880097
2162,78.74089258001962,21.25910741998038,221104.42636469507,59695.57363530493
2163,79.59304025088305,20.40695974911695,223497.2570244796,57302.74297552041
2164,80.40128255050065,19.598717449499347,225766.80140180583,55033.198598194154
2165,80.51169470233161,19.48830529766839,226076.83872414718,54723.16127585282
2166,78.80922095128035,21.190779048719648,221296.2924311952,59503.70756880476
2167,79.88972839403722,20.11027160596278,224330.35733045652,56469.64266954349
2168,78.31055794748171,21.689442052518288,219896.04671652862,60903.95328347136
2169,80.43519685878972,19.564803141210277,225862.03277948155,54937.96722051846
2170,79.51877943763192,20.48122056236808,223288.73266087042,57511.26733912956
2171,79.88533341788727,20.114666582112733,224318.01623742742,56481.98376257261
2172,78.61664395382775,21.383356046172253,220755.5362223483,60044.463777651705
2173,79.209870687192,20.790129312808006,222421.31688963514,58378.683110364866
2174,79.8728882705897,20.127111729410302,224283.0702638159,56516.9297361841
2175,80.170219375529,19.829780624471,225117.9760064854,55682.023993514595
2176,81.15032316089437,18.849676839105626,227870.10743579137,52929.89256420864
2177,80.18316096461328,19.81683903538672,225154.31598863407,55645.68401136591
2178,81.15166695684871,18.848333043151285,227873.88081483118,52926.11918516881
2179,78.95011296132098,21.049887038679017,221691.91719538934,59108.082804610654
2180,79.82970858213196,20.170291417868043,224161.82169862656,56638.17830137344
2181,80.36034700532034,19.639652994679665,225651.8543909395,55148.145609060506
2182,79.82541588819015,20.17458411180985,224149.7678140379,56650.232185962086
2183,81.10291389305443,18.897086106945565,227736.98221169683,53063.01778830317
2184,79.47569597370536,20.524304026294644,223167.75429416465,57632.24570583535
2185,79.1582990159429,20.8417009840571,222276.50363676768,58523.49636323232
2186,78.22347095902296,21.77652904097704,219651.50645293645,61148.493547063554
2187,80.84004300766551,19.159956992334486,226998.84076552477,53801.15923447524
2188,79.8170880944977,20.182911905502294,224126.38336934958,56673.6166306504
2189,80.39298017754084,19.607019822459165,225743.48833853466,55056.51166146535
2190,81.26848364504524,18.731516354954763,228201.902075287,52598.097924713016
2191,79.01564923312377,20.984350766876233,221875.94304661153,58924.056953388455
2192,78.54645455493944,21.453545445060556,220558.44439027,60241.55560973001
2193,80.7379237501143,19.262076249885695,226712.08989032096,54087.910109679025
2194,79.13676250419208,20.863237495807923,222216.02911177135,58583.970888228636
2195,79.9010467863491,20.0989532136509,224362.13937606828,56437.860623931716
2196,77.92076536578787,22.079234634212128,218801.50914713234,61998.49085286763
2197,80.4551228831882,19.544877116811804,225917.98505599244,54882.014944007555
2198,79.90188230318547,20.098117696814526,224364.4855073448,56435.5144926552
2199,79.92269775115778,20.077302248842216,224422.93528525106,56377.064714748936
2200,79.28461669870569,20.71538330129431,222631.20368996556,58168.79631003443
2201,80.10113214119036,19.898867858809638,224923.97905246253,55876.02094753748
2202,81.05140303809146,18.948596961908535,227592.33973096084,53207.66026903915
2203,79.64031127216819,20.35968872783181,223629.99405224825,57170.005947751735
2204,79.27836433304307,20.721635666956928,222613.64704718493,58186.35295281506
2205,78.44171846431344,21.55828153568656,220264.34544779212,60535.65455220787
2206,78.0500543749757,21.9499456250243,219164.55268493178,61635.44731506819
2207,79.26429990145866,20.735700098541344,222574.1541232959,58225.84587670407
2208,80.29199526197691,19.708004738023092,225459.92269563116,55340.077304368824
2209,79.09136539108978,20.90863460891022,222088.55401818012,58711.44598181989
2210,80.75575530859825,19.244244691401747,226762.1609065439,54037.83909345609
2211,82.47190226863069,17.528097731369314,231581.10157031496,49218.898429685025
2212,77.8637657721283,22.136234227871697,218641.45428813627,62158.54571186371
2213,80.24522718712822,19.754772812871778,225328.59794145604,55471.40205854396
2214,79.1946161086137,20.8053838913863,222378.4820329873,58421.51796701271
2215,80.71131557851211,19.288684421487886,226637.374144462,54162.625855538005
2216,80.2563223692422,19.7436776307578,225359.7532128321,55440.246787167904
2217,80.88835719753995,19.111642802460054,227134.50701069215,53665.49298930785
2218,79.1476118018586,20.852388198141398,222246.49393961896,58553.506060381034
2219,78.99974026605963,21.000259733940368,221831.27066709546,58968.72933290452
2220,78.97015306505672,21.02984693494328,221748.18980667926,59051.810193320736
2221,80.06022396419237,19.939776035807625,224809.1088914522,55990.89110854781
2222,78.73603141262981,21.263968587370186,221090.7762066645,59709.22379333548
2223,80.85370620996919,19.14629379003081,227037.20703759347,53762.792962406515
2224,80.70216530226162,19.29783469773838,226611.68016875064,54188.319831249384
2225,80.34780969585825,19.652190304141754,225616.64962596996,55183.35037403004
2226,79.47842770777368,20.521572292226324,223175.4250034285,57624.57499657151
2227,78.25225833331706,21.74774166668294,219732.3413999543,61067.658600045674
2228,80.06984173929085,19.93015826070915,224836.1156039287,55963.8843960713
2229,79.6477235848295,20.352276415170493,223650.80782620126,57149.19217379876
2230,80.48051741668036,19.519482583319643,225989.29290603843,54810.707093961566
2231,78.49348306347459,21.506516936525415,220409.70044223662,60390.29955776339
2232,80.08916952729113,19.910830472708867,224890.38803263352,55909.611967366494
2233,79.0747488299118,20.925251170088202,222041.89471439234,58758.10528560763
2234,79.03710360649461,20.96289639350539,221936.18692703685,58863.81307296315
2235,79.28832451198605,20.711675488013952,222641.6152296568,58158.38477034317
2236,79.69311955826402,20.306880441735984,223778.27971960534,57021.72028039464
2237,79.05405787871061,20.94594212128939,221983.7945234194,58816.20547658058
2238,80.93361326655166,19.06638673344834,227261.58605247707,53538.413947522946
2239,78.60646439262108,21.393535607378922,220726.95201448,60073.04798552001
2240,78.54776572794702,21.452234272052976,220562.12616407522,60237.87383592481
2241,80.55850259211105,19.441497407888946,226208.27527864784,54591.72472135215
2242,79.9529486734555,20.047051326544505,224507.87987506302,56292.12012493699
2243,80.1920286471868,19.807971352813198,225179.21644130052,55620.78355869946
2244,79.49681406756469,20.503185932435315,223227.05390172164,57572.94609827837
2245,78.12681966956825,21.87318033043175,219380.10963214765,61419.890367852335
2246,79.51770427490385,20.48229572509615,223285.71360393002,57514.28639606998
2247,80.0668487066655,19.933151293334504,224827.71116831672,55972.28883168329
2248,80.5117256032902,19.488274396709798,226076.9254940389,54723.07450596108
2249,79.980293875842,20.019706124158006,224584.66520336433,56215.33479663565
2250,78.4930557737401,21.506944226259904,220408.50061266217,60391.49938733781
2251,79.98956803105102,20.01043196894898,224610.7070311913,56189.29296880869
2252,79.64627511540853,20.353724884591472,223646.74052406714,57153.25947593285
2253,80.4663254883437,19.5336745116563,225949.4419712691,54850.558028730935
2254,78.88751360092077,21.11248639907923,221516.13819138551,59283.861808614485
2255,80.20361885719075,19.796381142809253,225211.76175099163,55588.23824900838
2256,80.39584172520877,19.60415827479123,225751.52356438624,55048.47643561379
2257,78.6442079187962,21.355792081203802,220832.9358359797,59967.06416402031
2258,81.31116741522133,18.688832584778666,228321.7581019415,52478.2418980585
2259,78.98904380682089,21.010956193179112,221801.23500955306,58998.76499044695
2260,80.50848950226597,19.491510497734026,226067.83852236287,54732.16147763716
2261,78.32009319936984,21.679906800630164,219922.8217038305,60877.17829616951
2262,79.81153814419994,20.188461855800057,224110.79910891343,56689.20089108656
2263,79.82410798042925,20.175892019570753,224146.09520904534,56653.904790954664
2264,78.10579014034455,21.894209859655447,219321.0587140875,61478.94128591249
2265,80.23579079061044,19.764209209389563,225302.10054003412,55497.89945996586
2266,76.86974129855875,23.13025870144125,215850.23356635295,64949.766433647055
2267,80.66909895561822,19.330901044381775,226518.82986737596,54281.17013262406
2268,79.26714425814187,20.73285574185813,222582.14107686238,58217.85892313763
2269,79.63939641788764,20.36060358211236,223627.4251414285,57172.57485857149
2270,79.60645990038718,20.39354009961282,223534.9394002872,57265.0605997128
2271,78.8151183514857,21.184881648514306,221312.85233097183,59487.14766902817
2272,81.1447432452529,18.855256754747103,227854.43903267014,52945.560967329875
2273,80.00776514587882,19.99223485412118,224661.80452962773,56138.19547037226
2274,78.71340655025514,21.286593449744856,221027.24559311644,59772.75440688357
2275,78.26542633820274,21.734573661797256,219769.3171576733,61030.682842326714
2276,79.60759098965356,20.39240901034644,223538.11549894718,57261.88450105282
2277,78.90008420619853,21.099915793801472,221551.43645100546,59248.563548994556
2278,80.4804351303384,19.519564869661593,225989.06184599025,54810.93815400975
2279,79.1105193536296,20.8894806463704,222142.3383449919,58657.66165500807
2280,79.51856373385813,20.48143626614187,223288.12696467363,57511.87303532634
2281,79.61758226183717,20.38241773816283,223566.1709912388,57233.82900876121
2282,81.10522666376566,18.894773336234337,227743.47647185397,53056.52352814605
2283,77.5439185683208,22.456081431679195,217743.32333984482,63056.67666015518
2284,79.89857866651396,20.101421333486044,224355.20889557118,56444.79110442882
2285,80.04249669862953,19.957503301370465,224759.33072975173,56040.66927024828
2286,78.47013120504624,21.529868794953757,220344.12842376984,60455.87157623014
2287,79.0969609359567,20.9030390640433,222104.2663081664,58695.73369183359
2288,79.97013868142045,20.02986131857955,224556.14941742865,56243.85058257135
2289,79.1753275659436,20.824672434056396,222324.31980516965,58475.68019483034
2290,78.60683713177912,21.393162868220884,220727.99866603577,60072.00133396423
2291,78.87854599121006,21.12145400878994,221490.95714331785,59309.04285668214
2292,78.87609202293929,21.12390797706071,221484.06640041355,59315.933599586446
2293,80.52241316660715,19.47758683339285,226106.9361718329,54693.0638281671
2294,81.1148283966252,18.8851716033748,227770.43813772354,53029.56186227646
2295,80.09437964629406,19.90562035370594,224905.0180467937,55894.98195320628
2296,78.49937295860447,21.500627041395532,220426.23926776135,60373.76073223865
2297,79.01349956967509,20.98650043032491,221869.90679164766,58930.093208352344
2298,80.17499991527478,19.825000084725218,225131.39976209158,55668.60023790844
2299,79.62878942566962,20.371210574330377,223597.6407072803,57202.3592927197
2300,79.43000709508729,20.56999290491271,223039.4599230051,57760.5400769949
2301,79.68483850823709,20.315161491762908,223755.02653112978,57044.973468870245
2302,79.60958487731155,20.390415122688452,223543.71433549083,57256.28566450915
2303,78.69034047492889,21.309659525071112,220962.47605360032,59837.52394639967
2304,81.49557792180771,18.50442207819229,228839.58280443604,51960.41719556394
2305,80.7086317685376,19.2913682314624,226629.8380060536,54170.16199394644
2306,80.80646459660929,19.19353540339071,226904.5525872789,53895.447412721136
2307,77.41442218158859,22.58557781841141,217379.69748590078,63420.3025140992
2308,80.78341502048069,19.21658497951931,226839.82937750977,53960.17062249024
2309,78.75648933324186,21.24351066675814,221148.22204774315,59651.77795225685
2310,79.61304993263843,20.386950067361568,223553.4442108487,57246.55578915126
2311,79.7948526827833,20.2051473172167,224063.9463332555,56736.05366674451
2312,78.86173794125368,21.13826205874632,221443.76013904033,59356.23986095967
2313,81.09859191502281,18.90140808497719,227724.84609738406,53075.15390261595
2314,79.88636561102854,20.113634388971462,224320.9146357681,56479.08536423192
2315,80.36460149695037,19.63539850304963,225663.80100343665,55136.198996563355
2316,78.86117735082976,21.138822649170237,221442.18600112997,59357.81399887004
2317,80.58920826446047,19.410791735539533,226294.496806605,54505.50319339501
2318,78.75999420336817,21.240005796631834,221158.0637230578,59641.93627694222
2319,79.69341959097619,20.30658040902381,223779.12221146113,57020.87778853888
2320,79.34914403711777,20.650855962882233,222812.3964562267,57987.6035437733
2321,78.46329670554091,21.536703294459087,220324.9371491589,60475.06285084107
2322,79.29920151716661,20.70079848283339,222672.15786020382,58127.842139796194
2323,78.6937146982793,21.306285301720706,220971.95087276824,59828.049127231745
2324,81.9850275051347,18.014972494865304,230213.9572344182,50586.04276558181
2325,80.52940482469957,19.47059517530043,226126.5687477564,54673.43125224362
2326,78.6147869592732,21.385213040726796,220750.32178163916,60049.67821836085
2327,77.88232894692429,22.11767105307571,218693.57968296338,62106.42031703661
2328,80.40226780398926,19.59773219601074,225769.56799360184,55030.432006398165
2329,79.83461217120265,20.16538782879735,224175.59097673703,56624.40902326295
2330,78.61223745645657,21.38776254354343,220743.16277773003,60056.83722226998
2331,79.94902968267856,20.050970317321443,224496.8753489614,56303.124651038604
2332,80.01242223756223,19.987577762437766,224674.88164307474,56125.118356925246
2333,79.66227062147527,20.337729378524728,223691.65590510255,57108.344094897446
2334,80.2355938497134,19.764406150286604,225301.5475299952,55498.45247000479
2335,79.27347560824336,20.72652439175664,222599.91950794734,58200.08049205268
2336,77.7266384204199,22.273361579580097,218256.40068453908,62543.59931546092
2337,81.24476073834873,18.75523926165127,228135.28815328324,52664.71184671677
2338,81.4618707352415,18.538129264758496,228744.93302455815,52055.06697544185
2339,79.03621526816306,20.963784731836938,221933.69247300187,58866.30752699815
2340,79.842313862893,20.157686137107007,224197.2173270035,56602.7826729965
2341,80.40970024016083,19.59029975983917,225790.4382743716,55009.56172562839
2342,80.84034649020172,19.159653509798275,226999.69294448645,53800.30705551354
2343,80.17786944748627,19.822130552513727,225139.45740854146,55660.542591458536
2344,79.08615035614089,20.91384964385911,222073.91020004364,58726.089799956346
2345,80.11838779014843,19.881612209851568,224972.4329147368,55827.56708526322
2346,78.81747037384817,21.182529626151833,221319.45680976566,59480.54319023436
2347,78.7439866050885,21.256013394911506,221113.1143870885,59686.8856129115
2348,79.41593728968772,20.58406271031228,222999.95190944313,57800.04809055687
2349,79.56738997850069,20.432610021499315,223425.23105962994,57374.76894037008
2350,78.30594075818217,21.694059241817826,219883.08164897555,60916.918351024455
2351,80.0840245937819,19.915975406218095,224875.9410593396,55924.05894066043
2352,78.73594789049586,21.264052109504135,221090.54167651237,59709.45832348765
2353,79.61261925014747,20.387380749852525,223552.23485441413,57247.7651455859
2354,77.42363879196726,22.576361208032736,217405.57772784407,63394.422272155905
2355,79.28916687775369,20.710833122246314,222643.98059273235,58156.01940726766
2356,80.38134882429631,19.61865117570369,225710.827498624,55089.17250137597
2357,79.41403811890311,20.585961881096893,222994.61903787992,57805.38096212007
2358,79.82777771168345,20.172222288316547,224156.39981440714,56643.60018559285
2359,78.30485389763255,21.695146102367445,219880.02974455222,60919.970255447784
2360,79.6530414387075,20.346958561292496,223665.74035989068,57134.25964010934
2361,79.57748438426438,20.42251561573562,223453.57615101436,57346.42384898565
2362,78.79509223433826,21.204907765661744,221256.61899402185,59543.38100597817
2363,79.59588589176276,20.404114108237238,223505.24758406985,57294.75241593014
2364,79.29104910354918,20.708950896450816,222649.2658827661,58150.7341172339
2365,79.39892101217727,20.60107898782273,222952.17020219378,57847.829797806204
2366,78.55879393312844,21.44120606687156,220593.09336422465,60206.90663577534
2367,79.3525573995002,20.6474426004998,222821.98117779655,57978.01882220343
2368,78.85818191453524,21.141818085464763,221433.77481601492,59366.225183985065
2369,79.68898972806039,20.311010271939608,223766.68315639358,57033.31684360643
2370,79.55460090385593,20.445399096144072,223389.31933802745,57410.68066197256
2371,80.28093461795774,19.71906538204226,225428.86440722534,55371.135592774655
2372,78.57963044720177,21.420369552798235,220651.60229574254,60148.39770425744
2373,80.53163224975768,19.468367750242322,226132.82335731955,54667.176642680446
2374,79.2768098695292,20.723190130470797,222609.282113638,58190.71788636201
2375,80.15357028675797,19.84642971324203,225071.22536521638,55728.77463478362
2376,80.6367155855008,19.363284414499205,226427.89736408624,54372.102635913776
2377,80.1608788048833,19.839121195116704,225091.74768411228,55708.25231588769
2378,79.95251288001654,20.047487119983458,224506.65616708645,56293.34383291354
2379,79.27208684963314,20.72791315036686,222596.01987376987,58203.98012623013
2380,78.30592343384771,21.69407656615229,219883.03300224437,60916.96699775564
2381,79.34959883333016,20.650401166669837,222813.67352399108,57986.32647600891
2382,80.95615426241598,19.04384573758402,227324.88116886409,53475.11883113593
2383,79.6261548795553,20.3738451204447,223590.2429017913,57209.757098208705
2384,78.56062612943686,21.439373870563145,220598.2381714587,60201.76182854131
2385,78.92157096441017,21.078429035589835,221611.77126806372,59188.228731936295
2386,81.27978462808673,18.72021537191327,228233.63523566752,52566.364764332466
2387,80.01563822122128,19.98436177877872,224683.91212518938,56116.08787481062
2388,78.35610323420418,21.643896765795816,220023.93788164534,60776.06211835466
2389,80.40723846023984,19.59276153976016,225783.52559635346,55016.47440364653
2390,81.39428515048128,18.60571484951872,228555.15270255145,52244.84729744856
2391,79.16895218118746,20.831047818812536,222306.41772477442,58493.58227522558
2392,79.07948303038384,20.92051696961616,222055.18834931782,58744.81165068215
2393,78.47278517968135,21.527214820318648,220351.58078454522,60448.41921545476
2394,79.76821755238969,20.231782447610314,223989.15488711023,56810.84511288979
2395,79.47348775207949,20.526512247920508,223161.55360783922,57638.44639216078
2396,79.36082379613391,20.639176203866086,222845.19321954405,57954.806780455954
2397,80.8004152499066,19.199584750093393,226887.56602173776,53912.43397826224
2398,78.90048396624726,21.099516033752735,221552.5589772223,59247.44102277771
2399,80.66094040774615,19.339059592253847,226495.9206649512,54304.079335048795
2400,79.06860085960969,20.93139914039031,222024.63121378399,58775.368786216
2401,78.71182714369299,21.288172856307014,221022.81061948993,59777.189380510055
2402,79.76242606818431,20.23757393181569,223972.89239946153,56827.10760053848
2403,79.85503673511883,20.14496326488117,224232.94315221364,56567.056847786334
2404,79.85286328343379,20.14713671656621,224226.8400998821,56573.1599001179
2405,79.24494356915261,20.75505643084739,222519.8015421805,58280.1984578195
2406,78.69059066828186,21.309409331718143,220963.17859653546,59836.82140346452
2407,80.51695594016725,19.48304405983275,226091.61227998964,54708.38772001039
2408,80.13410840821157,19.865891591788426,225016.57641025813,55783.42358974187
2409,80.95252531517762,19.047474684822376,227314.69108501877,53485.30891498121
2410,79.5134059035895,20.4865940964105,223273.6437772793,57526.35622272072
2411,79.90684460660258,20.093155393397424,224378.41965534003,56421.58034465998
2412,81.66477850857092,18.33522149142908,229314.69805206713,51485.30194793285
2413,78.94405278393137,21.05594721606863,221674.90021727927,59125.09978272072
2414,80.87167047705717,19.128329522942835,227087.65069957654,53712.34930042346
2415,79.81659962067117,20.18340037932883,224125.01173484465,56674.988265155334
2416,79.64898837380888,20.351011626191124,223654.35935365534,57145.64064634466
2417,78.49998654742323,21.500013452576766,220427.96222516446,60372.037774835524
2418,79.27581518320736,20.724184816792643,222606.48903444625,58193.51096555376
2419,79.16675103858404,20.83324896141596,222300.23691634397,58499.76308365601
2420,79.08283394869106,20.91716605130894,222064.5977279245,58735.40227207549
2421,78.48174547746396,21.51825452253604,220376.7413007188,60423.25869928122
2422,81.41286304574295,18.587136954257048,228607.3194324462,52192.680567553805
2423,80.31174799684797,19.68825200315203,225515.3883751491,55284.61162485092
2424,78.57970693703874,21.420293062961264,220651.81707920477,60148.182920795225
2425,79.42771767839618,20.572282321603822,223033.03124093649,57766.96875906352
2426,80.84831750704339,19.15168249295661,227022.07555977782,53777.924440222174
2427,80.89105230087756,19.10894769912244,227142.0748608642,53657.9251391358
2428,78.24330860742243,21.756691392577565,219707.2105696422,61092.78943035779
2429,80.01381039441108,19.98618960558892,224678.77958750632,56121.22041249366
2430,80.3225641406512,19.677435859348805,225545.76010694855,55254.23989305146
2431,79.89656221496256,20.103437785037443,224349.54669961485,56450.45330038517
2432,78.92150832361294,21.07849167638706,221611.59537270514,59188.40462729484
2433,79.41996519013941,20.580034809860592,223011.26225391147,57788.73774608853
2434,80.03492879118429,19.965071208815715,224738.08004564547,56061.91995435451
2435,78.81509224833702,21.184907751662976,221312.7790333304,59487.22096666964
2436,81.77884487567796,18.22115512432204,229634.9964109037,51165.0035890963
2437,77.40490773121145,22.595092268788548,217352.98090924177,63447.019090758244
2438,79.15743544478798,20.84256455521202,222274.07872896467,58525.92127103531
2439,78.33833803923086,21.661661960769138,219974.05321416026,60825.946785839755
2440,79.69716033207902,20.302839667920978,223789.6262124779,57010.37378752213
2441,80.21890796247912,19.781092037520878,225254.6935586414,55545.30644135861
2442,77.79443526308526,22.205564736914738,218446.7742187434,62353.22578125661
2443,80.28316871873164,19.716831281268355,225435.13776219846,55364.86223780153
2444,79.29412105086071,20.70587894913929,222657.89191081686,58142.10808918314
2445,80.78920140024113,19.210798599758874,226856.0775318771,53943.922468122924
2446,80.17872847291416,19.82127152708584,225141.86955194297,55658.130448057
2447,79.26349644897105,20.736503551028946,222571.89802871074,58228.10197128927
2448,81.68965525627092,18.310344743729075,229384.55195960874,51415.448040391275
2449,77.3326219571785,22.667378042821497,217150.00245575723,63649.99754424278
2450,79.62914669493028,20.370853305069716,223598.64391936426,57201.35608063572
2451,79.30644930032055,20.69355069967945,222692.50963530008,58107.49036469991
2452,79.17198790253012,20.82801209746988,222314.94203030458,58485.05796969542
2453,79.07287831843705,20.92712168156295,222036.64231817122,58763.35768182878
2454,79.84172653189961,20.15827346810039,224195.56810157408,56604.43189842594
2455,78.40983606355528,21.590163936444725,220174.8196664632,60625.18033353679
2456,78.4795409236682,21.520459076331804,220370.55091366026,60429.44908633971
2457,80.476934452503,19.523065547496998,225979.23194262842,54820.76805737158
2458,79.41268849478699,20.58731150521301,222990.8292933618,57809.17070663816
2459,79.12949801423392,20.870501985766083,222195.63042396886,58604.36957603113
2460,80.01468419370869,19.98531580629131,224681.233215934,56118.76678406603
2461,79.8104191889527,20.189580811047307,224107.65708257916,56692.34291742083
2462,79.1657188867148,20.8342811132852,222297.33863389515,58502.661366104854
2463,79.34800412491009,20.65199587508991,222809.19558274752,57990.80441725248
2464,78.91595688335869,21.08404311664131,221596.00692847118,59203.993071528836
2465,79.18257605965461,20.817423940345392,222344.67357551015,58455.32642448985
2466,80.53065289446887,19.469347105531128,226130.0733276686,54669.92667233142
2467,80.9382009163631,19.0617990836369,227274.4681731476,53525.53182685243
2468,79.00582327233762,20.994176727662378,221848.35174872406,58951.64825127594
2469,79.4659717930579,20.534028206942097,223140.4487949066,57659.55120509339
2470,80.5410054095633,19.458994590436703,226159.14319005373,54640.85680994628
2471,79.85117687092213,20.14882312907787,224222.10465354932,56577.89534645068
2472,79.56506455476976,20.434935445230238,223418.7012697935,57381.29873020647
2473,80.70932915274742,19.290670847252585,226631.79626091477,54168.203739085235
2474,79.94615120045003,20.053848799549968,224488.7925708637,56311.207429136295
2475,80.45651437110583,19.543485628894175,225921.89235406514,54878.10764593484
2476,79.77770552827599,20.222294471724013,224015.79712339898,56784.20287660102
2477,80.11390605618729,19.88609394381271,224959.84820577392,55840.15179422608
2478,78.95461156416026,21.04538843583974,221704.549272162,59095.450727838004
2479,78.81297817393424,21.18702182606576,221306.84271240735,59493.157287592665
2480,77.59733430318016,22.402665696819838,217893.3147233299,62906.68527667009
2481,79.57734545053242,20.42265454946758,223453.18602509506,57346.81397490493
2482,78.57542937981262,21.42457062018738,220639.8056985138,60160.19430148619
2483,78.66043602130004,21.339563978699957,220878.50434781052,59921.49565218949
2484,80.22285699974321,19.777143000256785,225265.78245527897,55534.21754472103
2485,78.90551915737043,21.094480842629565,221566.6977938962,59233.302206103814
2486,79.00594758959201,20.99405241040799,221848.70083157436,58951.29916842563
2487,79.4023723770211,20.597627622978905,222961.86163467524,57838.13836532476
2488,79.0344727730319,20.965527226968106,221928.79954667354,58871.20045332644
2489,78.25176183842511,21.74823816157489,219730.9472422977,61069.05275770227
2490,78.5913093987576,21.408690601242398,220684.39679171136,60115.60320828863
2491,78.99474885786427,21.005251142135734,221817.25479288286,58982.74520711715
2492,78.70323026096841,21.29676973903159,220998.67057279928,59801.32942720073
2493,80.05851432364311,19.94148567635689,224804.30822078983,55995.69177921016
2494,79.84193346590767,20.158066534092328,224196.14917226872,56603.85082773128
2495,78.065594512188,21.934405487812,219208.1893902239,61591.810609776076
2496,80.77276841290924,19.227231587090756,226809.93370344915,53990.06629655085
2497,81.13879278375381,18.861207216246186,227837.7301367807,52962.26986321928
2498,78.92491307856454,21.075086921435457,221621.15592460922,59178.84407539079
2499,79.58604238079134,20.41395761920866,223477.6070052621,57322.39299473788
2500,78.38163289533827,21.61836710466173,220095.62517010988,60704.37482989012
2501,80.33862883451948,19.661371165480517,225590.8697673307,55209.1302326693
2502,78.37311278449319,21.626887215506812,220071.70069885685,60728.29930114317
2503,79.01463031895408,20.985369681045924,221873.08193562302,58926.91806437698
2504,80.43117815393714,19.56882184606286,225850.7482562555,54949.25174374449
2505,80.81068092498333,19.18931907501667,226916.3920373532,53883.6079626468
2506,79.39698959359401,20.603010406405986,222946.746778812,57853.253221188
2507,79.57618389807499,20.423816101925013,223449.92438579455,57350.075614205445
2508,78.69256752176102,21.30743247823898,220968.72960110495,59831.270398895045
2509,79.63384246145078,20.366157538549217,223611.82963175382,57188.17036824618
2510,79.14776131930404,20.85223868069596,222246.91378460574,58553.08621539426
2511,79.77480138924587,20.225198610754134,224007.6423010024,56792.35769899761
2512,79.97937819195154,20.02062180804846,224582.0939629999,56217.90603700009
2513,79.99832417453379,20.001675825466208,224635.29428209088,56164.70571790913
2514,79.77426534370227,20.225734656297732,224006.13708511597,56793.86291488404
2515,80.50900947821604,19.490990521783957,226069.29861483065,54730.70138516935
2516,79.38479984842502,20.61520015157498,222912.51797437744,57887.48202562256
2517,78.37896063991093,21.62103936008907,220088.12147686986,60711.87852313015
2518,80.52388391140975,19.476116088590246,226111.06602323859,54688.9339767614
2519,79.94793397082657,20.05206602917343,224493.798590081,56306.20140991903
2520,79.76400101377907,20.235998986220935,223977.31484669162,56822.68515330837
2521,81.03291508221774,18.96708491778226,227540.4255508674,53259.574449132604
2522,79.81442875764118,20.18557124235882,224118.91595145644,56681.08404854356
2523,80.08795314639677,19.91204685360323,224886.97243508213,55913.027564917866
2524,79.84258351046198,20.157416489538022,224197.97449737723,56602.02550262275
2525,77.88974196028761,22.11025803971239,218714.3954244876,62085.60457551241
2526,79.16424281981675,20.83575718018325,222293.1938380454,58506.80616195459
2527,80.5007757757543,19.499224224245694,226046.1783783181,54753.82162168193
2528,77.30884442154378,22.691155578456218,217083.23513569497,63716.764864305034
2529,78.7063965268426,21.293603473157404,221007.561447374,59792.438552625994
2530,78.98179561162112,21.018204388378877,221780.88207743215,59019.11792256784
2531,79.5883774860191,20.4116225139809,223484.16398074164,57315.83601925837
2532,79.84922902891833,20.15077097108167,224216.63511320268,56583.364886797324
2533,78.51609645566761,21.483903544332392,220473.19884751464,60326.801152485394
2534,79.90541941205373,20.09458058794627,224374.4177090469,56425.58229095312
2535,77.21851491521817,22.781485084781835,216829.5898819326,63970.4101180674
2536,79.44336154514748,20.556638454852518,223076.95921877414,57723.04078122586
2537,80.22168827868786,19.778311721312136,225262.50068655552,55537.49931344449
2538,80.86997582702887,19.130024172971133,227082.89212229708,53717.10787770291
2539,78.57971907442266,21.420280925577345,220651.8511609788,60148.148839021196
2540,78.77399494377829,21.22600505622171,221197.37780212943,59602.62219787056
2541,79.17924241618225,20.820757583817752,222335.31270463974,58464.68729536024
2542,79.38225341313846,20.617746586861543,222905.3675840928,57894.632415907196
2543,79.51828840370642,20.48171159629358,223287.35383760763,57512.64616239237
2544,80.13142428044735,19.868575719552652,225009.03937949616,55790.960620503836
2545,80.13867212741042,19.861327872589584,225029.39133376844,55770.608666231565
2546,81.76303272604683,18.23696727395317,229590.59589473953,51209.40410526047
2547,79.21152959212397,20.788470407876034,222425.97509468408,58374.024905315935
2548,79.29754005594405,20.702459944055946,222667.4924770909,58132.50752290909
2549,79.9779905327004,20.022009467299597,224578.19741582274,56221.80258417726
2550,79.25719439150515,20.742805608494848,222554.20185134647,58245.798148653535
2551,79.90835438191786,20.09164561808214,224382.65910442534,56417.340895574656
2552,79.78584194119655,20.21415805880345,224038.6441708799,56761.355829120075
2553,80.41518255198,19.584817448020004,225805.83260595985,54994.167394040145
2554,81.06386997497164,18.936130025028362,227627.34688972036,53172.653110279614
2555,81.43481975537328,18.565180244626717,228668.97387308817,52131.026126911835
2556,78.78581791253816,21.214182087461836,221230.57669840718,59569.42330159279
2557,78.61286249021605,21.387137509783955,220744.91787252668,60055.08212747332
2558,79.59865791040986,20.401342089590145,223513.03141243086,57286.96858756915
2559,79.76567873106534,20.234321268934664,223982.02587683147,56817.97412316853
2560,79.55125531598759,20.44874468401241,223379.92492729315,57420.075072706866
2561,79.8096382026115,20.190361797388505,224105.46407293307,56694.53592706693
2562,79.11117392450355,20.888826075496453,222144.17638000596,58655.82361999405
2563,79.57186727964809,20.42813272035191,223437.80332125185,57362.19667874815
2564,78.72309547937056,21.276904520629444,221054.4521060725,59745.54789392749
2565,81.0215107282666,18.978489271733395,227508.40212497264,53291.597875027364
2566,80.04936203332255,19.950637966677448,224778.60858956975,56021.39141043027
2567,80.31617950617162,19.683820493828378,225527.8320533299,55272.16794667006
2568,78.40858201502685,21.59141798497315,220171.29829819538,60628.70170180462
2569,80.8199984743765,19.180001525623496,226942.55571604922,53857.444283950776
2570,78.97780504458652,21.022194955413482,221769.67656519893,59030.32343480105
2571,78.5401087369545,21.459891263045506,220540.62533336823,60259.37466663176
2572,79.39787027429315,20.602129725706845,222949.21973021515,57850.78026978487
2573,80.071221513362,19.928778486637995,224839.9900095205,55960.009990479506
2574,79.87902728699132,20.120972713008683,224300.30862187163,56499.69137812838
2575,80.41482246655997,19.58517753344003,225804.82148610038,54995.178513899606
2576,79.50941498729682,20.49058501270318,223262.43728432947,57537.562715670545
2577,81.67265746538304,18.32734253461696,229336.82216279558,51463.17783720443
2578,79.07951842227462,20.920481577725383,222055.28772974713,58744.71227025289
2579,79.41226668320786,20.58773331679214,222989.64484644769,57810.3551535523
2580,78.61737680491557,21.382623195084435,220757.5940682029,60042.405931797104
2581,78.35676186977963,21.643238130220368,220025.7873303412,60774.212669658795
2582,78.73882914143995,21.26117085856005,221098.63222916337,59701.36777083663
2583,80.57819319329225,19.42180680670775,226263.56648676464,54536.43351323536
2584,79.40502815651216,20.59497184348784,222969.31906348615,57830.68093651383
2585,79.29821822755306,20.701781772446935,222669.396782969,58130.603217030985
2586,78.41346432463995,21.586535675360054,220185.00782358897,60614.992176411026
2587,79.60452624944678,20.395473750553222,223529.50970844657,57270.49029155342
2588,77.56481739982476,22.43518260017524,217802.00725870792,62997.99274129208
2589,79.56942630119516,20.430573698804835,223430.94905375602,57369.050946243995
2590,79.37980465550555,20.620195344494448,222898.49147265957,57901.508527340455
2591,80.43723773654547,19.56276226345453,225867.7635642197,54932.2364357803
2592,79.50521597344583,20.49478402655417,223250.64645343588,57549.35354656411
2593,79.08511490830202,20.914885091697982,222071.00266251207,58728.99733748795
2594,80.05315846471188,19.946841535288115,224789.26896891097,56010.731031089046
2595,79.33319802845958,20.666801971540423,222767.6200639145,58032.37993608549
2596,79.10354774710527,20.896452252894733,222122.76207387162,58677.23792612841
2597,78.32340132293818,21.67659867706182,219932.11091481042,60867.88908518958
2598,79.81233375742299,20.18766624257701,224113.03319084377,56686.96680915625
2599,79.77187202364698,20.228127976353022,223999.41664240073,56800.58335759925
2600,79.50727810940703,20.492721890592975,223256.43693121494,57543.563068785035
2601,80.63238769510961,19.367612304890386,226415.74464786777,54384.25535213221
2602,80.32672499862858,19.673275001371422,225557.44379614905,55242.55620385096
2603,79.19329328255183,20.806706717448165,222374.76753740554,58425.232462594446
2604,80.05205509811279,19.94794490188721,224786.1707155007,56013.82928449933
2605,78.70550080656767,21.29449919343233,221005.04626484204,59794.95373515798
2606,79.9154156665436,20.084584333456405,224402.4871916544,56397.51280834558
2607,79.67139974589216,20.32860025410784,223717.29048646518,57082.70951353482
2608,79.80336258661853,20.196637413381467,224087.84214322484,56712.15785677518
2609,80.41911011868412,19.580889881315883,225816.861213265,54983.13878673499
2610,80.56078538285414,19.439214617145865,226214.68535505442,54585.314644945596
2611,79.45565798646146,20.54434201353854,223111.48762598378,57688.51237401621
2612,79.53156137143813,20.46843862856187,223324.62433099828,57475.37566900172
2613,79.00148732422888,20.998512675771124,221836.17640643468,58963.82359356533
2614,77.52837351580246,22.471626484197543,217699.6728323733,63100.32716762668
2615,80.45483535096663,19.545164649033367,225917.17766551432,54882.82233448569
2616,79.89364774058075,20.106352259419253,224341.36285555072,56458.6371444493
2617,80.2545255511102,19.745474448889794,225354.70774751747,55445.29225248251
2618,79.24721887250644,20.752781127493563,222526.19059399806,58273.809406001914
2619,78.4146136359115,21.585386364088507,220188.23508963946,60611.76491036053
2620,79.46159369399032,20.538406306009676,223128.1550927248,57671.8449072752
2621,80.13753039383084,19.862469606169157,225026.18534587702,55773.81465412298
2622,79.47889017860817,20.521109821391832,223176.72362153174,57623.27637846826
2623,80.64183290305547,19.358167096944527,226442.26679177978,54357.73320822024
2624,80.62106993157407,19.37893006842593,226383.96436786,54416.03563214002
2625,80.48092235007812,19.519077649921883,225990.42995901933,54809.57004098067
2626,78.52734654639598,21.472653453604025,220504.78910227987,60295.210897720106
2627,79.99655997140552,20.003440028594483,224630.34039970668,56169.659600293315
2628,80.24859799638713,19.751402003612867,225338.06317385507,55461.93682614493
2629,80.32775871311851,19.672241286881487,225560.34646643678,55239.65353356322
2630,79.99057491770698,20.00942508229302,224613.5343689212,56186.46563107883
2631,79.01511441775972,20.98488558224028,221874.44128506928,58925.55871493071
2632,80.75374880461445,19.246251195385554,226756.52664335736,54043.47335664266
2633,78.94108810874995,21.058911891250048,221666.5754093699,59133.42459063011
2634,80.07502196740919,19.924978032590815,224850.661684485,55949.338315515
2635,80.09103463839529,19.908965361604714,224895.62526461398,55904.37473538604
2636,79.38445193390979,20.615548066090213,222911.5410304187,57888.458969581305
2637,79.28113449770831,20.718865502291692,222621.42566956492,58178.57433043506
2638,79.70550652242609,20.29449347757391,223813.06231497249,56986.93768502753
2639,79.84755984215397,20.15244015784603,224211.94803676836,56588.05196323162
2640,79.72624619292998,20.273753807070023,223871.29930974735,56928.700690252634
2641,80.21000485512248,19.789995144877523,225229.6936331839,55570.306366816105
2642,78.32740748780184,21.672592512198165,219943.36022574757,60856.63977425243
2643,80.33279254380301,19.66720745619699,225574.48146299887,55225.51853700112
2644,81.26656774415443,18.73343225584557,228196.52222558562,52603.47777441438
2645,79.94921217523975,20.05078782476025,224497.38778807322,56302.61221192677
2646,80.93101187431574,19.068988125684257,227254.2813430786,53545.71865692144
2647,79.20453112424997,20.795468875750032,222406.32339689392,58393.67660310608
2648,79.59422228118308,20.40577771881692,223500.5761655621,57299.42383443793
2649,79.63371368298641,20.36628631701359,223611.46802182583,57188.53197817417
2650,80.15719453462631,19.842805465373687,225081.40225323068,55718.597746769316
2651,79.49174983466888,20.50825016533112,223212.83353575022,57587.1664642498
2652,79.2857860178687,20.714213982131298,222634.4871381753,58165.51286182472
2653,80.57829717842182,19.42170282157818,226263.85847700847,54536.1415229915
2654,81.20398277753466,18.796017222465338,228020.78363931735,52779.216360682665
2655,78.11912012299169,21.88087987700831,219358.48930536068,61441.51069463932
2656,80.0275947338734,19.9724052661266,224717.4860127165,56082.5139872835
2657,78.50592508668302,21.49407491331698,220444.63764340593,60355.36235659406
2658,78.52325258098526,21.476747419014742,220493.2932474066,60306.70675259338
2659,77.94019987362873,22.05980012637127,218856.0812451495,61943.91875485054
2660,80.4741945926213,19.525805407378698,225971.53841608058,54828.46158391942
2661,79.04027303426801,20.95972696573199,221945.08668022457,58854.91331977541
2662,81.49030196643439,18.509698033565613,228824.76792174776,51975.23207825224
2663,79.14716903543915,20.85283096456085,222245.2506515131,58554.74934848687
2664,80.81584210914133,19.18415789085867,226930.88464246882,53869.11535753118
2665,79.19898841662507,20.80101158337493,222390.7594738832,58409.24052611678
2666,77.91038759045762,22.089612409542383,218772.36835400498,62027.63164599504
2667,78.88657765681445,21.113422343185547,221513.510060335,59286.489939665
2668,78.90623223014262,21.09376776985738,221568.7001022405,59231.29989775953
2669,78.42906417722803,21.570935822771972,220228.8122096563,60571.187790343705
2670,79.81510092750518,20.184899072494815,224120.80340443453,56679.19659556549
2671,80.6461679007456,19.353832099254404,226454.43946529363,54345.560534706354
2672,78.52381851621362,21.476181483786377,220494.88239352783,60305.11760647218
2673,78.99842474383686,21.001575256163136,221827.57668069392,58972.423319306065
2674,79.73554208261598,20.26445791738402,223897.40216798568,56902.5978320143
2675,79.42321838778271,20.57678161221729,223020.39723289385,57779.60276710614
2676,80.67233026179443,19.32766973820557,226527.90337511874,54272.09662488126
2677,81.97309958621055,18.02690041378945,230180.46363807924,50619.53636192075
2678,78.20431337770447,21.795686622295534,219597.71196459414,61202.28803540588
2679,78.58131029721739,21.418689702782615,220656.31931458644,60143.680685413565
2680,80.12153942541629,19.878460574583713,224981.28270656895,55818.71729343108
2681,80.8698906987299,19.130109301270096,227082.6530820336,53717.3469179664
2682,79.76063702426538,20.239362975734622,223967.86876413718,56832.131235862835
2683,78.29961943134009,21.70038056865991,219865.33136320297,60934.66863679702
2684,80.7737587643424,19.226241235657596,226812.71461027348,53987.285389726494
2685,79.57766780403924,20.422332195960763,223454.09119374215,57345.90880625785
2686,79.41494851337436,20.585051486625645,222997.17542555518,57802.824574444836
2687,80.48015662512694,19.519843374873062,225988.27980335645,54811.72019664356
2688,79.54287381469413,20.457126185305867,223356.3896716611,57443.61032833888
2689,80.35864138896957,19.641358611030427,225647.06502022658,55152.93497977343
2690,80.48879575802438,19.51120424197562,226012.53848853245,54787.46151146754
2691,79.46162216104688,20.538377838953124,223128.2350282196,57671.7649717804
2692,79.59412293389678,20.405877066103216,223500.29719838218,57299.702801617816
2693,79.33118881348702,20.668811186512983,222761.97818827155,58038.02181172846
2694,79.3867964693367,20.6132035306633,222918.12448589748,57881.87551410249
2695,81.36912677816049,18.630873221839508,228484.50799307466,52315.49200692536
2696,80.24665000498618,19.75334999501382,225332.5932140012,55467.40678599883
2697,80.04587311767432,19.95412688232568,224768.81171442947,56031.18828557052
2698,80.85434378800016,19.145656211999835,227038.9973567045,53761.00264329552
2699,80.21838547180164,19.78161452819836,225253.226404819,55546.77359518101
2700,79.97699096823732,20.023009031762683,224575.39063881038,56224.60936118961
2701,79.83714909873926,20.16285090126074,224182.71466925985,56617.28533074016
2702,79.3896368045512,20.610363195448798,222926.10014717976,57873.899852820236
2703,79.28311621048681,20.71688378951319,222626.99031904698,58173.009680953
2704,79.60987734548686,20.390122654513135,223544.53558612714,57255.46441387285
2705,80.15340734626932,19.84659265373068,225070.76782832423,55729.23217167579
2706,80.21700042163937,19.78299957836063,225249.33718396336,55550.66281603664
2707,81.60728818598257,18.39271181401743,229153.26522623905,51646.734773760945
2708,79.49400169017643,20.505998309823568,223219.15674601542,57580.8432539846
2709,80.00277126128545,19.997228738714554,224647.78170168953,56152.21829831044
2710,79.00525795319403,20.994742046805968,221846.76433256883,58953.23566743117
2711,78.83913135735652,21.16086864264348,221380.2808514571,59419.719148542914
2712,79.09888157748236,20.90111842251764,222109.65946957047,58690.340530429516
2713,80.70423548766095,19.295764512339048,226617.49324935194,54182.50675064804
2714,78.62713092111268,21.37286907888732,220784.9836264844,60015.016373515595
2715,79.58344738881857,20.41655261118143,223470.32026780254,57329.67973219746
2716,79.29459040175708,20.705409598242923,222659.20984813388,58140.79015186611
2717,79.74520490077273,20.254795099227266,223924.53536136984,56875.46463863013
2718,79.7546898426789,20.2453101573211,223951.16907824232,56848.8309217577
2719,78.93886153429058,21.06113846570942,221660.32318828796,59139.67681171203
2720,80.1531719811493,19.8468280188507,225070.10692306721,55729.8930769328
2721,80.77614446392595,19.223855536074055,226819.41365470405,53980.58634529593
2722,79.57432407687058,20.42567592312942,223444.7020078526,57355.29799214739
2723,79.8496312416993,20.1503687583007,224217.76452669164,56582.23547330838
2724,79.90781769391013,20.092182306089867,224381.15208449966,56418.847915500344
2725,78.18687463533338,21.813125364666618,219548.74397601612,61251.2560239839
2726,78.54944797621536,21.45055202378464,220566.84991721273,60233.15008278725
2727,79.50640561175345,20.49359438824655,223253.9869578037,57546.01304219631
2728,80.1273027883595,19.8726972116405,224997.46622971346,55802.533770286536
2729,80.42447050010483,19.57552949989517,225831.91316429438,54968.08683570562
2730,80.3547820510122,19.645217948987806,225636.22799924226,55163.772000757745
2731,78.31798274317708,21.682017256822917,219916.89554284126,60883.10445715874
2732,78.36045267712254,21.639547322877462,220036.1511173601,60763.84888263988
2733,81.5780846980292,18.4219153019708,229071.261832066,51728.738167933996
2734,80.36373794395689,19.63626205604311,225661.37614663097,55138.62385336902
2735,79.60750501834369,20.392494981656313,223537.8740915091,57262.1259084909
2736,80.1146609061235,19.885339093876496,224961.9678243948,55838.032175605214
2737,78.69856014884923,21.301439851150775,220985.55689796864,59814.44310203138
2738,80.05572525942863,19.944274740571373,224796.47652847558,56003.5234715244
2739,78.52502499703066,21.474975002969344,220498.27019166207,60301.72980833796
2740,78.63772160066151,21.362278399338493,220814.72225465754,59985.27774534248
2741,79.7159447436485,20.284055256351493,223842.372840165,56957.627159835014
2742,79.24602633116822,20.753973668831776,222522.84193792037,58277.15806207965
2743,81.59032335305271,18.40967664694729,229105.62797537202,51694.372024628006
2744,82.35100525587245,17.64899474412755,231241.62275848986,49558.37724151017
2745,80.05333297231357,19.94666702768643,224789.7589862565,56010.24101374351
2746,80.00944737352879,19.990552626471214,224666.52822486882,56133.471775131184
2747,77.76702058668427,22.232979413315732,218369.7938074094,62430.206192590595
2748,79.76697314131029,20.233026858689712,223985.66058079927,56814.33941920071
2749,79.88450067105052,20.115499328949483,224315.67788430984,56484.322115690156
2750,79.96882947740765,20.031170522592348,224552.47317256068,56247.5268274393
2751,78.70440990767958,21.295590092320424,221001.98302076425,59798.01697923575
2752,80.00228033830761,19.997719661692386,224646.40318996776,56153.59681003223
2753,78.15661033397073,21.843389666029267,219463.7618177898,61336.23818221019
2754,81.97260395763361,18.02739604236639,230179.07191303515,50620.92808696484
2755,79.17555306770258,20.82444693229742,222324.95301410888,58475.04698589114
2756,79.37175065615398,20.628249343846022,222875.87584248034,57924.12415751968
2757,79.82414212896923,20.17585787103077,224146.19109814562,56653.80890185438
2758,80.22691804471856,19.77308195528144,225277.18586956972,55522.81413043028
2759,78.31153877753371,21.688461222466287,219898.80088731466,60901.19911268537
2760,79.46851273158879,20.53148726841121,223147.58375030133,57652.416249698676
2761,80.93039839136432,19.06960160863568,227252.55868295103,53547.44131704897
2762,79.57776898382338,20.422231016176625,223454.37530657602,57345.624693423975
2763,79.61961685423898,20.380383145761016,223571.88412670308,57228.11587329693
2764,80.20244394483346,19.797556055166538,225208.46259709238,55591.53740290764
2765,82.54085850116374,17.45914149883626,231774.73067126778,49025.26932873222
2766,79.0094696003876,20.990530399612396,221858.59063788838,58941.409362111604
2767,78.27585550200514,21.724144497994857,219798.60224963044,61001.39775036959
2768,79.7797481134548,20.2202518865452,224021.53270258108,56778.467297418916
2769,78.13649679653484,21.863503203465157,219407.28300466982,61392.71699533016
2770,78.60008306020895,21.399916939791055,220709.03323306673,60090.966766933285
2771,78.61697880279664,21.383021197203362,220756.47647825294,60043.52352174706
2772,80.56751410121508,19.43248589878492,226233.57959621196,54566.42040378803
2773,79.9593156300014,20.0406843699986,224525.75828904394,56274.24171095606
2774,80.27430482259764,19.725695177402358,225410.24794185418,55389.75205814581
2775,79.888760920913,20.111239079087,224327.64066592368,56472.35933407632
2776,80.20054307260052,19.799456927399476,225203.1249478623,55596.8750521377
2777,80.36874694578688,19.63125305421312,225675.44142376957,55124.55857623044
2778,80.59033916328737,19.409660836712632,226297.67237051093,54502.32762948905
2779,78.39255047259704,21.607449527402963,220126.28172705247,60673.718272947524
2780,78.92784617176186,21.072153828238143,221629.3920503073,59170.60794969268
2781,79.5952909318883,20.4047090681117,223503.57693674235,57296.42306325764
2782,80.68961452608575,19.310385473914252,226576.4375892488,54223.56241075123
2783,78.46612033371859,21.533879666281408,220332.86589708182,60467.13410291818
2784,81.01792502245337,18.98207497754663,227498.33346304906,53301.66653695094
2785,78.58979915352549,21.41020084647451,220680.15602309955,60119.84397690045
2786,78.28363031023534,21.71636968976466,219820.43391114083,60979.56608885915
2787,80.79322339668029,19.20677660331971,226867.37129787827,53932.62870212174
2788,81.02541207254205,18.974587927457947,227519.35709969807,53280.642900301944
2789,79.90785557986175,20.092144420138254,224381.2584682518,56418.74153174823
2790,80.32976262664162,19.670237373358376,225565.97345560967,55234.02654439034
2791,79.6120829158267,20.387917084173296,223550.7288276414,57249.271172358596
2792,80.04614511627342,19.953854883726578,224769.57548649577,56030.42451350422
2793,79.14947607108532,20.850523928914683,222251.72880760755,58548.271192392436
2794,79.62803133860557,20.371968661394433,223595.51199880443,57204.48800119558
2795,79.81226175574072,20.18773824425928,224112.83101011993,56687.16898988006
2796,78.50172842127763,21.498271578722367,220432.85340694757,60367.146593052414
2797,79.32426778966953,20.675732210330466,222742.54395339204,58057.45604660793
2798,80.22838699756957,19.771613002430428,225281.31068917539,55518.68931082461
2799,79.52505687007536,20.47494312992464,223306.35969117162,57493.64030882837
2800,80.29044233072777,19.70955766927223,225455.5620646836,55344.4379353164
2801,79.06498676577554,20.935013234224456,222014.48283829773,58785.517161702286
2802,80.71314105021331,19.28685894978669,226642.50006899898,54157.49993100103
2803,81.01299118072401,18.987008819275985,227484.47923547303,53315.52076452694
2804,81.08718496878593,18.912815031214066,227692.8153923509,53107.184607649084
2805,81.12497419837015,18.875025801629846,227798.9275490234,53001.0724509766
2806,80.00019025284185,19.999809747158153,224640.53422997988,56159.46577002012
2807,80.45027534572122,19.549724654278776,225904.3731707852,54895.62682921479
2808,80.33639893108067,19.663601068919334,225584.6081984745,55215.391801525504
2809,79.9581619904395,20.041838009560493,224522.51886915416,56277.48113084586
2810,80.01918712455212,19.98081287544788,224693.87744574234,56106.122554257665
2811,79.95223035681485,20.04776964318515,224505.8628419361,56294.137158063924
2812,80.65854524047514,19.341454759524865,226489.19503525418,54310.804964745825
2813,79.71783746392035,20.282162536079653,223847.68759868835,56952.31240131163
2814,79.92337341234888,20.07662658765112,224424.83254187566,56375.16745812433
2815,79.70765010212664,20.292349897873365,223819.08148677158,56980.91851322841
2816,80.3795448382702,19.620455161729794,225705.76190586272,55094.238094137254
2817,80.06612027380943,19.93387972619057,224825.66572885687,55974.334271143125
2818,79.2057204792941,20.7942795207059,222409.66310585785,58390.33689414217
2819,80.64082373348798,19.359176266512023,226439.43304363423,54360.566956365765
2820,79.67848579406738,20.321514205932615,223737.18810974123,57062.811890258796
2821,78.93340748262425,21.066592517375753,221645.0082112089,59154.99178879112
2822,79.27621640993885,20.723783590061146,222607.61567910828,58192.38432089171
2823,80.17833773079992,19.821662269200075,225140.77234808618,55659.22765191384
2824,80.64470252249856,19.355297477501438,226450.32468317595,54349.67531682405
2825,78.29620319761081,21.703796802389192,219855.73857889112,60944.261421108866
2826,80.5185168135746,19.481483186425393,226095.99521251748,54704.00478748252
2827,79.29423497320568,20.705765026794325,222658.21180476155,58141.788195238434
2828,77.99878956541211,22.00121043458789,219020.6010996772,61779.398900322776
2829,80.45365954371339,19.546340456286615,225913.8759987472,54886.12400125281
2830,80.68870775562911,19.31129224437089,226573.89137780655,54226.108622193424
2831,79.99120888478313,20.008791115216866,224615.314548471,56184.68545152899
2832,79.50038094714279,20.499619052857213,223237.06969957697,57562.93030042304
2833,78.95961717417683,21.040382825823173,221718.6050250885,59081.39497491148
2834,79.79458106524751,20.205418934752487,224063.183631215,56736.816368784974
2835,79.61041771600111,20.38958228399889,223546.0529465311,57253.9470534689
2836,79.14364137765766,20.85635862234234,222235.3449884627,58564.65501153731
2837,78.44113543931394,21.55886456068606,220262.70831359352,60537.29168640646
2838,79.96129480474387,20.038705195256128,224531.3158117208,56268.68418827922
2839,80.61101340836107,19.388986591638925,226355.7256506779,54444.27434932212
2840,80.06537759483867,19.934622405161335,224823.580286307,55976.419713693
2841,81.64415712724328,18.355842872756725,229256.79321329913,51543.20678670087
2842,80.47260826915858,19.527391730841416,225967.0840197973,54832.91598020271
2843,77.60166354218377,22.398336457816228,217905.47122645203,62894.528773547965
2844,78.29564115072806,21.70435884927194,219854.16035124438,60945.83964875563
2845,78.74392974024938,21.256070259750615,221112.95471062028,59687.045289379705
2846,80.86457892807725,19.13542107192275,227067.7376300409,53732.26236995909
2847,80.54889335023326,19.451106649766743,226181.292527455,54618.707472545015
2848,78.93004772153314,21.069952278466857,221635.57400206506,59164.425997934944
2849,79.07479204314045,20.925207956859552,222042.0160571384,58757.983942861625
2850,80.11305939845157,19.88694060154843,224957.470790852,55842.52920914801
2851,80.05612033082082,19.943879669179182,224797.58588894483,56002.41411105517
2852,80.29664434179084,19.703355658209162,225472.97731174866,55327.02268825134
2853,79.06528289308581,20.934717106914192,222015.31436378494,58784.685636215065
2854,81.09274330192684,18.907256698073155,227708.42319181055,53091.576808189464
2855,79.90159796378174,20.09840203621826,224363.68708229915,56436.31291770087
2856,79.32435484693269,20.675645153067308,222742.78841018703,58057.21158981297
2857,80.57634788068634,19.423652119313658,226258.38484896725,54541.61515103275
2858,79.09807952810415,20.90192047189585,222107.40731491646,58692.59268508354
2859,79.22797711307196,20.772022886928042,222472.15973350607,58327.840266493935
2860,78.71289870466795,21.28710129533205,221025.81956270762,59774.18043729238
2861,78.70237184429162,21.29762815570838,220996.26013877086,59803.739861229136
2862,79.29010533147704,20.709894668522963,222646.61577078752,58153.38422921248
2863,81.3677435074059,18.632256492594095,228480.6237687958,52319.37623120418
2864,79.29089774506906,20.70910225493094,222648.8408681539,58151.15913184611
2865,79.57992059049805,20.42007940950195,223460.41701811852,57339.58298188148
2866,78.46882772916534,21.53117227083466,220340.46826349627,60459.53173650375
2867,79.61482573462071,20.38517426537929,223558.43066281494,57241.56933718505
2868,77.81869572188815,22.181304278111853,218514.89758706192,62285.10241293808
2869,79.96554105216921,20.034458947830785,224543.23927449115,56256.76072550885
2870,80.78075696041306,19.219243039586942,226832.36554483988,53967.6344551601
2871,79.91701929656314,20.08298070343686,224406.9901847493,56393.00981525071
2872,80.41474877980905,19.585251220190955,225804.6145737038,54995.38542629623
2873,80.29259640904579,19.707403590954215,225461.61071660055,55338.38928339942
2874,79.23255880828923,20.767441191710773,222485.02513367616,58314.97486632385
2875,80.311497313084,19.688502686915996,225514.68445513988,55285.3155448601
2876,79.83818638911838,20.161813610881623,224185.6273806444,56614.37261935561
2877,79.79274158557595,20.207258414424047,224058.0183722973,56741.98162770271
2878,79.07610961931367,20.92389038068633,222045.7158110328,58754.28418896721
2879,78.54487284715837,21.455127152841627,220554.00295482072,60245.99704517927
2880,79.8467096087596,20.153290391240404,224209.56058139697,56590.439418603004
2881,80.37761470843058,19.622385291569415,225700.34210127307,55099.65789872693
2882,78.15324387090712,21.84675612909288,219454.3087895072,61345.69121049279
2883,78.27790409499936,21.722095905000643,219804.3546987582,60995.645301241806
2884,80.59363075064165,19.40636924935835,226306.91514780177,54493.084852198226
2885,79.84087601236426,20.159123987635738,224193.17984271885,56606.82015728114
2886,80.32738856075925,19.672611439240754,225559.30707861198,55240.692921388036
2887,78.73846792509212,21.261532074907876,221097.61793365868,59702.3820663413
2888,80.88141691833461,19.118583081665392,227115.0187066836,53684.98129331642
2889,80.19298418478411,19.80701581521589,225181.89959087377,55618.10040912621
2890,79.80597206069461,20.194027939305386,224095.16954643046,56704.83045356955
2891,79.52992748676976,20.470072513230235,223320.0363828495,57479.96361715051
2892,80.37744945412373,19.622550545876265,225699.87806717947,55100.12193282053
2893,77.97480048274268,22.02519951725732,218953.23975554144,61846.760244458565
2894,79.97505178683684,20.024948213163157,224569.94541743788,56230.05458256212
2895,78.51292363372592,21.48707636627408,220464.2895635024,60335.71043649761
2896,77.24919986580008,22.75080013419992,216915.75322316663,63884.24677683339
2897,78.46041939926393,21.539580600736073,220316.8576731331,60483.14232686687
2898,78.80812586883557,21.191874131164425,221293.21743969028,59506.78256030973
2899,80.74065693491144,19.259343065088558,226719.76467323132,54080.23532676869
2900,79.49672393082474,20.503276069175257,223226.8007977559,57573.199202244126
2901,80.92212797543175,19.07787202456825,227229.33535501233,53570.66464498766
2902,79.93341535365883,20.06658464634117,224453.030313074,56346.96968692601
2903,78.38210318946945,21.617896810530553,220096.9457560302,60703.05424396979
2904,79.26889961004554,20.731100389954463,222587.07010500788,58212.92989499212
2905,79.7677044446805,20.232295555319496,223987.71408066287,56812.28591933712
2906,79.81021921085714,20.18978078914286,224107.09554408686,56692.90445591312
2907,78.24290734702622,21.757092652973782,219706.08383044964,61093.91616955036
2908,79.35237121587704,20.647628784122958,222821.45837418275,57978.541625817226
2909,79.87109637492537,20.128903625074628,224278.03862079044,56521.96137920955
2910,78.65429097667685,21.345709023323153,220861.24906250858,59938.75093749143
2911,79.78797711708896,20.212022882911043,224044.6397447858,56755.3602552142
2912,80.27143155587521,19.72856844412479,225402.1798088976,55397.82019110241
2913,81.30113733675705,18.69886266324295,228293.59364161378,52506.40635838623
2914,79.95754053201426,20.042459467985736,224520.77381389606,56279.22618610396
2915,77.58871022949727,22.411289770502734,217869.09832442834,62930.90167557166
2916,79.01779723812736,20.982202761872642,221881.9746446616,58918.02535533844
2917,79.69077575433565,20.309224245664353,223771.69831817452,57028.30168182549
2918,79.49462094074589,20.50537905925411,223220.89560161444,57579.10439838558
2919,80.71350123165105,19.28649876834895,226643.51145847616,54156.48854152383
2920,80.51214119241547,19.48785880758453,226078.09246830264,54721.90753169736
2921,80.11648209292119,19.88351790707881,224967.08171692266,55832.918283077335
2922,80.4508991285114,19.549100871488605,225906.12475286,54893.87524713999
2923,81.7739848365377,18.226015163462307,229621.34942099784,51178.65057900216
2924,79.22641468050497,20.773585319495027,222467.77242285796,58332.22757714205
2925,78.24534427946558,21.754655720534416,219712.92673673935,61087.07326326067
2926,79.16231760814159,20.837682391858408,222287.78784366156,58512.21215633844
2927,79.08166015921636,20.918339840783645,222061.30172707955,58738.698272920454
2928,80.61741344271208,19.382586557287922,226373.6969471355,54426.3030528645
2929,79.00334880510573,20.99665119489427,221841.4034447369,58958.596555263095
2930,79.8182521891812,20.181747810818806,224129.6521472208,56670.347852779196
2931,80.98150981219824,19.01849018780176,227396.07955265266,53403.92044734733
2932,79.74318280093077,20.256817199069232,223918.8573050136,56881.142694986396
2933,80.37236779867072,19.627632201329277,225685.6087786674,55114.3912213326
2934,81.09556735359591,18.90443264640409,227716.35312889732,53083.64687110268
2935,79.57088348732103,20.429116512678974,223435.04083239747,57364.95916760253
2936,81.17183327459965,18.82816672540035,227930.5078350758,52869.49216492419
2937,80.15591432875564,19.844085671244358,225077.80743514583,55722.19256485415
2938,79.65839016669342,20.341609833306578,223680.7595880751,57119.24041192488
2939,80.38404719678896,19.615952803211044,225718.4045285834,55081.595471416585
2940,78.77186158979231,21.22813841020769,221191.38734413678,59608.612655863195
2941,80.56692296545882,19.433077034541185,226231.91968700837,54568.08031299163
2942,79.90520439965834,20.094795600341655,224373.81395424064,56426.18604575936
2943,79.42046257776477,20.579537422235234,223012.65891836345,57787.34108163655
2944,78.79953807103473,21.200461928965268,221269.1029034655,59530.89709653449
2945,79.34891741517484,20.65108258482516,222811.76010181094,57988.23989818906
2946,80.35075632409877,19.649243675901232,225624.92375806934,55175.07624193064
2947,80.19617149493298,19.803828505067017,225190.8495577718,55609.1504422282
2948,79.79700257532484,20.20299742467516,224069.98323151213,56730.01676848788
2949,79.33168080671543,20.668319193284574,222763.35970525694,58036.64029474308
2950,79.72062042828415,20.27937957171585,223855.50216262188,56944.49783737815
2951,78.80940657183322,21.19059342816678,221296.81365370768,59503.18634629232
2952,79.58310092193726,20.41689907806274,223469.34738879983,57330.6526112002
2953,80.00844240472024,19.991557595279758,224663.70627245444,56136.29372754558
2954,78.0197099807337,21.980290019266306,219079.3456259002,61720.65437409981
2955,79.72831295319538,20.271687046804615,223877.10277257263,56922.89722742736
2956,79.40781619341695,20.59218380658305,222977.14787111478,57822.85212888523
2957,78.00210729092687,21.997892709073128,219029.91727292264,61770.08272707734
2958,78.86268020938377,21.137319790616232,221446.40602794965,59353.59397205032
2959,80.37441024594814,19.62558975405186,225691.3439706224,55108.656029377584
2960,80.34936474513717,19.650635254862834,225621.01620434516,55178.98379565486
2961,79.95403440986112,20.045965590138877,224510.92862289003,56289.071377109976
2962,79.48803674062499,20.51196325937501,223202.40716767497,57597.59283232503
2963,79.49250914733716,20.50749085266284,223214.96568572277,57585.03431427724
2964,80.70319145409019,19.296808545909812,226614.56160308528,54185.43839691473
2965,79.94554442846955,20.054455571530454,224487.08875514247,56312.91124485753
2966,80.74211887143046,19.257881128569537,226723.86979097675,54076.130209023264
2967,79.75072987981649,20.24927012018351,223940.04950252472,56859.95049747528
2968,79.98426681921673,20.015733180783272,224595.82122836058,56204.17877163939
2969,80.48869345589841,19.511306544101586,226012.25122416276,54787.74877583724
2970,79.33844235300043,20.66155764699957,222782.34612722523,58017.653872774776
2971,79.66939124415458,20.330608755845418,223711.65061358607,57088.34938641391
2972,80.12938888444558,19.870611115554425,225003.32398752318,55796.67601247681
2973,78.78834532111578,21.211654678884216,221237.67366169312,59562.326338306884
2974,79.35520666722678,20.64479333277322,222829.42032157278,57970.57967842723
2975,79.62870403664381,20.37129596335619,223597.4009348958,57202.59906510421
2976,78.50553274986494,21.49446725013506,220443.53596162074,60356.46403837926
2977,78.2359414950356,21.764058504964396,219686.52371806,61113.476281940035
2978,80.40556578888521,19.594434211114788,225778.8287351897,55021.17126481031
2979,78.81426136849082,21.18573863150918,221310.44592272223,59489.55407727776
2980,81.59749367386127,18.402506326138734,229125.76223620243,51674.23776379756
2981,81.58834692100663,18.411653078993368,229100.07815418663,51699.92184581337
2982,79.72265446964417,20.27734553035583,223861.21375076083,56938.786249239194
2983,76.7029128317952,23.297087168204797,215381.77923168094,65418.22076831906
2984,80.12270073439687,19.877299265603128,224984.54366218642,55815.45633781358
2985,80.46140488254936,19.53859511745064,225935.6249101986,54864.3750898014
2986,79.87910067832728,20.120899321672724,224300.514704743,56499.485295256985
2987,78.70579113098151,21.29420886901849,221005.86149579607,59794.13850420396
2988,79.88541618317393,20.11458381682607,224318.2486423524,56481.751357647576
2989,79.68559107392903,20.314408926070968,223757.1397355927,57042.8602644073
2990,78.43094509724214,21.569054902757856,220234.09383305593,60565.906166944056
2991,78.16566436305571,21.83433563694429,219489.18553146042,61310.81446853958
2992,79.16797812620283,20.832021873797174,222303.68257837754,58496.31742162246
2993,79.36694804956058,20.633051950439423,222862.3901231661,57937.60987683389
2994,79.90138494655898,20.098615053441023,224363.08892993763,56436.91107006237
2995,78.78955492087515,21.210445079124852,221241.0702178174,59558.92978218259
2996,79.0190014092805,20.980998590719494,221885.35595725966,58914.64404274032
2997,80.52603822275415,19.473961777245847,226117.11532949365,54682.88467050636
2998,81.18812551241676,18.81187448758324,227976.2564388663,52823.743561133706
2999,80.42226993147567,19.577730068524332,225825.73396758366,54974.26603241633
3000,78.98327247584062,21.01672752415938,221785.02911216047,59014.97088783953
3001,77.72735168640568,22.272648313594317,218258.40353542718,62541.596464572845
3002,78.83283952862953,21.167160471370465,221362.6133963917,59437.38660360828
3003,80.54388117980189,19.456118820198114,226167.21835288368,54632.78164711632
3004,79.9018578204456,20.0981421795544,224364.41675981125,56435.583240188746
3005,78.56437187716332,21.435628122836675,220608.7562310746,60191.2437689254
3006,80.33194386866002,19.66805613133998,225572.09838319733,55227.90161680266
3007,81.02693024415927,18.973069755840726,227523.62012559926,53276.379874400736
3008,79.62936082923595,20.37063917076405,223599.24520849454,57200.754791505475
3009,80.64202702505253,19.357972974947472,226442.81188634748,54357.188113652526
3010,80.11786337141461,19.882136628585386,224970.96034693223,55829.03965306776
3011,79.00904307681236,20.99095692318764,221857.3929596891,58942.60704031089
3012,82.37268413211733,17.627315867882672,231302.49704298546,49497.50295701453
3013,78.73792807336983,21.26207192663017,221096.10203002245,59703.89796997755
3014,81.39179532474914,18.60820467525086,228548.16127189557,52251.83872810441
3015,80.04969254732569,19.95030745267431,224779.53667289054,56020.46332710947
3016,79.89929819751397,20.10070180248603,224357.22933861922,56442.7706613808
3017,79.20796592275808,20.792034077241922,222415.9683111047,58384.03168889531
3018,79.84950655489823,20.150493445101773,224217.4144061542,56582.58559384583
3019,79.07845945907442,20.921540540925577,222052.31416108098,58747.685838919
3020,79.15977364592996,20.84022635407004,222280.6443977713,58519.3556022287
3021,81.20020773308325,18.799792266916754,228010.18331449776,52789.81668550223
3022,78.93871684501514,21.061283154984864,221659.9169008025,59140.08309919751
3023,77.71865617687,22.28134382313,218233.98654465098,62566.01345534902
3024,78.91625437790645,21.083745622093545,221596.84229316135,59203.15770683867
3025,79.4238398894221,20.576160110577902,223022.14240949726,57777.85759050271
3026,79.51519995633059,20.48480004366941,223278.68147737632,57521.31852262367
3027,77.94745877961687,22.052541220383134,218876.46425316416,61923.53574683584
3028,80.01758141476236,19.98241858523764,224689.3686126527,56110.63138734729
3029,79.81783508885401,20.18216491114599,224128.48092950205,56671.51907049793
3030,77.86707408935276,22.132925910647245,218650.74404290252,62149.25595709749
3031,77.87586813149623,22.124131868503767,218675.43771324144,62124.562286758555
3032,77.60020672160259,22.39979327839741,217901.38047426008,62898.61952573994
3033,80.28789377604713,19.712106223952873,225448.40572314034,55351.59427685964
3034,78.31363117047664,21.68636882952336,219904.6763266984,60895.32367330163
3035,79.08017513752965,20.91982486247035,222057.13178618325,58742.86821381675
3036,79.58423022436476,20.41576977563524,223472.51847001625,57327.48152998374
3037,80.34344405148492,19.656555948515077,225604.39089656968,55195.60910343033
3038,79.92506659336907,20.074933406630933,224429.58699418034,56370.413005819675
3039,81.10391511260315,18.896084887396853,227739.79363618966,53060.20636381036
3040,80.05850999516288,19.94149000483712,224804.2960664174,55995.7039335826
3041,81.02144923143028,18.97855076856972,227508.2294418562,53291.770558143806
3042,78.82768599351839,21.172314006481614,221348.14226979966,59451.857730200354
3043,78.31062208779643,21.689377912203568,219896.2268225324,60903.77317746763
3044,79.44609659320314,20.553903406796863,223084.63923371438,57715.36076628561
3045,80.44917903188933,19.55082096811067,225901.29472154524,54898.70527845478
3046,80.24370702788633,19.75629297211367,225324.32933430478,55475.670665695216
3047,79.12352864590035,20.87647135409965,222178.8684376882,58621.13156231181
3048,80.33903757454318,19.660962425456816,225592.01750931726,55207.98249068271
3049,78.31303700098078,21.686962999019215,219903.00789875403,60896.992101245974
3050,79.57730979654548,20.422690203454522,223453.08590869972,57346.91409130029
3051,79.54722786130499,20.45277213869501,223368.6158345444,57431.38416545559
3052,81.21158260390256,18.788417396097444,228042.12395175837,52757.87604824163
3053,80.92959909104933,19.070400908950674,227250.3142476665,53549.68575233346
3054,80.60413624350652,19.395863756493483,226336.4145717663,54463.58542823368
3055,80.48539347552322,19.514606524476775,226002.9848792692,54797.0151207308
3056,79.96881692406757,20.031183075932432,224552.4379227817,56247.5620772183
3057,78.86404827640004,21.13595172359996,221450.2475601313,59349.7524398687
3058,80.1491341472929,19.850865852707102,225058.76868559845,55741.23131440156
3059,78.93010919436375,21.06989080563625,221635.7466177734,59164.25338222661
3060,78.273659692867,21.726340307133,219792.4364175705,61007.5635824295
3061,80.12725058591096,19.872749414089043,224997.31964523796,55802.68035476203
3062,80.0262720627498,19.973727937250203,224713.7719522014,56086.22804779859
3063,79.97187845850668,20.02812154149332,224561.03471148678,56238.96528851323
3064,79.4493227745461,20.550677225453896,223093.69835092546,57706.30164907454
3065,79.69623534979877,20.30376465020123,223787.02886223496,57012.97113776502
3066,79.70907014203515,20.290929857964855,223823.0689588347,56976.93104116534
3067,81.31486261370496,18.68513738629504,228332.13421928353,52467.86578071649
3068,81.73715312122897,18.26284687877103,229517.92596441097,51282.07403558903
3069,78.67034512066388,21.32965487933612,220906.32909882415,59893.67090117586
3070,80.26674609348842,19.733253906511578,225389.02303051547,55410.97696948453
3071,79.78059637364174,20.219403626358257,224023.914617186,56776.085382813966
3072,79.78756480053558,20.212435199464423,224043.4819599039,56756.518040096096
3073,79.56565797795699,20.434342022043012,223420.36760210322,57379.632397896785
3074,78.74466123647692,21.255338763523085,221115.00875202718,59684.9912479728
3075,79.11625004965572,20.88374995034428,222158.43013943324,58641.569860566786
3076,80.04655460269278,19.95344539730722,224770.72532436132,56029.27467563869
3077,79.38876942932148,20.611230570678515,222923.6645575347,57876.335442465286
3078,79.16591836011283,20.834081639887174,222297.89875519683,58502.10124480317
3079,79.4172779698602,20.582722030139806,223003.71653936742,57796.28346063256
3080,81.1657113437529,18.834288656247097,227913.31745325815,52886.68254674187
3081,79.12108457150678,20.878915428493215,222172.00547679103,58627.99452320895
3082,80.14273030367897,19.857269696321026,225040.78669273056,55759.21330726944
3083,80.0657076550865,19.9342923449135,224824.5070954829,55975.492904517094
3084,79.5465319823221,20.453468017677906,223366.6618063604,57433.33819363959
3085,78.82960237150434,21.170397628495664,221353.5234591842,59446.476540815835
3086,79.45573993379624,20.544260066203762,223111.71773409983,57688.28226590018
3087,79.12872118956065,20.87127881043935,222193.4491002863,58606.55089971371
3088,78.97175491129492,21.028245088705077,221752.68779091616,59047.31220908383
3089,80.32560779005745,19.674392209942553,225554.30667448128,55245.69332551872
3090,80.05449738484025,19.945502615159754,224793.0286566314,56006.971343368605
3091,80.41653160240398,19.58346839759602,225809.6207395504,54990.3792604496
3092,77.95717304967958,22.042826950320418,218903.74192350026,61896.258076499755
3093,78.01134672159475,21.988653278405252,219055.86159423803,61744.13840576196
3094,77.95880389198115,22.041196108018852,218908.32132868306,61891.67867131696
3095,78.88560119904781,21.114398800952188,221510.76816692628,59289.2318330737
3096,78.96747451997335,21.03252548002665,221740.66845208517,59059.331547914844
3097,78.87927408102455,21.120725918975452,221493.00161951693,59306.99838048307
3098,80.09277879021137,19.90722120978863,224900.52284291352,55899.47715708649
3099,78.89036337858937,21.10963662141063,221524.14036707894,59275.859632921056
3100,80.91892515049203,19.08107484950797,227220.3418225816,53579.6581774184
3101,80.03227465197442,19.96772534802558,224730.62722274417,56069.37277725585
3102,78.68542094920176,21.314579050798244,220948.66202535853,59851.33797464144
3103,80.19330452379057,19.806695476209427,225182.79910280393,55617.20089719609
3104,79.47368714754866,20.52631285245134,223162.11351031662,57637.8864896834
3105,80.45108941373834,19.548910586261655,225906.65907377726,54893.340926222736
3106,79.85293485870322,20.14706514129678,224227.04108323864,56572.95891676136
3107,78.75329855021977,21.246701449780232,221139.2623290171,59660.737670982904
3108,79.78651688607776,20.213483113922237,224040.53941610636,56759.460583893655
3109,78.5474347749348,21.4525652250652,220561.19684801693,60238.803151983055
3110,79.79635911147312,20.203640888526877,224068.17638501653,56731.82361498346
3111,80.23303148274901,19.766968517250987,225294.35240355926,55505.64759644073
3112,78.34948738425238,21.650512615747616,220005.36057498067,60794.639425019326
3113,80.50980385970297,19.49019614029703,226071.5292380459,54728.47076195407
3114,79.2888660506793,20.711133949320697,222643.13587030745,58156.86412969255
3115,79.97637826066946,20.023621739330537,224573.67015595987,56226.32984404012
3116,79.05310843634142,20.946891563658582,221981.1284892467,58818.87151075329
3117,78.81524033442692,21.184759665573083,221313.1948590708,59486.80514092921
3118,78.97903756257672,21.02096243742328,221773.13747571543,59026.862524284574
3119,80.14018373245999,19.859816267540012,225033.63592074765,55766.36407925235
3120,79.07847449771003,20.921525502289967,222052.35638956976,58747.643610430256
3121,79.88726160589924,20.11273839410076,224323.43058936507,56476.569410634926
3122,79.80449614731072,20.195503852689285,224091.0251816485,56708.97481835152
3123,78.89588756684884,21.10411243315116,221539.65228771156,59260.34771228842
3124,80.46041426505336,19.53958573494664,225932.84325626984,54867.15674373016
3125,78.25008518092405,21.749914819075954,219726.23918803473,61073.76081196529
3126,78.15409753692576,21.84590246307424,219456.70588368754,61343.29411631245
3127,81.23218461981534,18.767815380184658,228099.9744124415,52700.02558755853
3128,79.793497901792,20.206502098208006,224060.1421082319,56739.85789176809
3129,78.9500250797501,21.049974920249895,221691.6704239383,59108.3295760617
3130,78.90402740323304,21.095972596766956,221562.50894827838,59237.491051721634
3131,79.6934889766884,20.3065110233116,223779.31704654102,57020.68295345899
3132,79.95086852155691,20.049131478443087,224502.03880853183,56297.96119146819
3133,80.92404220221076,19.075957797789243,227234.71050380782,53565.28949619217
3134,79.46291546286997,20.537084537130028,223131.86661973887,57668.133380261126
3135,79.96459025809054,20.03540974190946,224540.56944471825,56259.43055528175
3136,79.85562049066598,20.144379509334016,224234.5823377901,56565.417662209904
3137,80.98006491530168,19.019935084698318,227392.0222821671,53407.97771783291
3138,79.67998782588194,20.320012174118062,223741.4058150765,57058.594184923495
3139,79.24912728407453,20.750872715925468,222531.54941368126,58268.45058631875
3140,79.34957472208664,20.650425277913357,222813.60581961932,57986.3941803807
3141,80.09332789512108,19.906672104878922,224902.0647295,55897.935270500006
3142,80.44918558707236,19.550814412927636,225901.3131284992,54898.686871500795
3143,79.42384742594786,20.576152574052145,223022.16357206157,57777.83642793845
3144,79.32999214972297,20.67000785027703,222758.6179564221,58041.38204357789
3145,79.34460210033158,20.655397899668415,222799.6426977311,58000.3573022689
3146,80.60659765961714,19.393402340382863,226343.32622820494,54456.67377179509
3147,79.18938657620843,20.810613423791565,222363.79750599328,58436.20249400669
3148,79.83871152522507,20.161288474774935,224187.101962832,56612.89803716798
3149,77.79872403915223,22.201275960847767,218458.81710193946,62341.182898060535
3150,81.00065846752025,18.999341532479747,227449.8489767969,53350.15102320307
3151,78.47629461389442,21.523705386105576,220361.43527581554,60438.564724184456
3152,79.71108237869718,20.288917621302815,223828.7193193817,56971.2806806183
3153,80.51854359155469,19.48145640844531,226096.07040508557,54703.929594914436
3154,79.95669767507087,20.04330232492913,224518.40707159898,56281.592928401005
3155,79.58038086460205,20.41961913539795,223461.70946780255,57338.29053219747
3156,80.15205500627943,19.847944993720574,225066.97045763262,55733.02954236738
3157,79.79104312459938,20.208956875400617,224053.24909387506,56746.75090612494
3158,79.66564828399723,20.33435171600277,223701.1403814642,57098.859618535775
3159,78.4640883230485,21.5359116769515,220327.16001112017,60472.839988879845
3160,79.57815753606465,20.42184246393535,223455.46636126956,57344.53363873044
3161,79.66671420951987,20.333285790480133,223704.13350033178,57095.86649966821
3162,79.04273269860315,20.957267301396854,221951.99341767764,58848.00658232237
3163,80.46649636064316,19.533503639356837,225949.921780686,54850.07821931401
3164,79.68916916737706,20.31083083262294,223767.1870219948,57032.812978005226
3165,79.9669027179109,20.033097282089102,224547.0628318938,56252.93716810619
3166,80.57872529559589,19.421274704404112,226265.06063003326,54534.939369966734
3167,79.91078702685184,20.089212973148165,224389.48997139995,56410.51002860002
3168,80.69414904222504,19.305850957774965,226589.1705105679,54210.829489432086
3169,80.42000953867768,19.579990461322325,225819.3867846069,54980.61321539308
3170,79.70938690534017,20.290613094659832,223823.95843019517,56976.04156980482
3171,77.64513621899282,22.354863781007182,218027.5425029318,62772.457497068186
3172,78.4539232524276,21.5460767475724,220298.6164928167,60501.38350718328
3173,79.57084209537922,20.42915790462078,223434.92460382485,57365.07539617516
3174,80.2343528250831,19.765647174916893,225298.06273283338,55501.93726716662
3175,78.7806146452873,21.2193853547127,221215.96592396672,59584.03407603328
3176,79.73034900466178,20.269650995338225,223882.82000509027,56917.17999490975
3177,78.27439687077732,21.725603129222677,219794.50641314272,61005.493586857265
3178,79.14576599257384,20.854234007426157,222241.31090714736,58558.68909285267
3179,80.26893661893641,19.731063381063592,225395.17402597342,55404.82597402659
3180,80.71661019736317,19.283389802636833,226652.24143419578,54147.75856580425
3181,78.09281097851866,21.907189021481344,219284.61322768038,61515.38677231959
3182,81.89513063702194,18.104869362978064,229961.52682875757,50838.473171242425
3183,80.40462197993405,19.59537802006595,225776.1785196548,55023.82148034521
3184,79.9403113250935,20.059688674906496,224472.39420086256,56327.605799137425
3185,80.6576830311087,19.342316968891296,226486.77395135324,54313.22604864677
3186,81.05020931259193,18.94979068740807,227588.98774975812,53211.01225024187
3187,79.69595223557236,20.304047764427636,223786.2338774872,57013.766122512825
3188,79.00526876902192,20.994731230978076,221846.79470341356,58953.20529658645
3189,79.66023780563975,20.339762194360247,223685.94775823643,57114.052241763566
3190,79.50304512342915,20.496954876570854,223244.55070658904,57555.44929341095
3191,78.92750363877798,21.072496361222022,221628.43021768855,59171.56978231147
3192,79.03999319722841,20.960006802771588,221944.30089781736,58855.69910218265
3193,79.62956597414288,20.370434025857122,223599.8212553932,57200.178744606805
3194,79.35329463731753,20.646705362682468,222824.05134158762,57975.94865841235
3195,78.84378176325235,21.156218236747648,221393.3391912126,59406.6608087874
3196,80.95049984297725,19.04950015702275,227309.00355908013,53490.996440919866
3197,80.64719472090927,19.35280527909073,226457.32277631323,54342.67722368678
3198,80.29701019515151,19.702989804848485,225474.00462798547,55325.99537201453
3199,78.75756640009368,21.24243359990632,221151.24645146306,59648.75354853692
3200,79.59218747583606,20.407812524163944,223494.86243214767,57305.13756785232
3201,79.61689996736253,20.383100032637472,223564.25510835397,57235.74489164603
3202,81.36750079723237,18.632499202767633,228479.9422386285,52320.0577613715
3203,80.24588692975402,19.754113070245978,225330.45049874933,55469.54950125066
3204,79.84768513184439,20.152314868155614,224212.29985021905,56587.70014978093
3205,77.9361613937285,22.063838606271503,218844.7411935896,61955.258806410406
3206,81.19045573457704,18.809544265422957,227982.7997026923,52817.20029730767
3207,79.80485027488554,20.19514972511446,224092.0195718786,56707.98042812138
3208,79.1125037414681,20.887496258531897,222147.91050604242,58652.089493957596
3209,79.7049951880479,20.295004811952097,223811.6264880385,56988.373511961494
3210,78.63789357456548,21.36210642543452,220815.20515737985,59984.79484262016
3211,80.00283689635162,19.997163103648376,224647.96600495538,56152.03399504461
3212,78.90372873891937,21.09627126108063,221561.6702988856,59238.32970111439
3213,79.79457266158663,20.205427338413372,224063.16003373524,56736.83996626476
3214,78.93214853312229,21.067851466877713,221641.47308100737,59158.526918992626
3215,78.44310867668,21.556891323320002,220268.24916411744,60531.75083588257
3216,78.3808532012433,21.619146798756702,220093.43578909116,60706.56421090885
3217,79.39141294884463,20.608587051155368,222931.08756035572,57868.912439644264
3218,79.9293568108169,20.0706431891831,224441.63392477384,56358.36607522619
3219,79.19603210788722,20.80396789211278,222382.4581589473,58417.541841052705
3220,78.66446807422537,21.33553192577463,220889.82635242483,59910.17364757517
3221,79.08550156386855,20.914498436131453,222072.0883913429,58727.911608657116
3222,79.45372537973408,20.54627462026592,223106.0608662933,57693.9391337067
3223,79.93496058956462,20.065039410435375,224457.36933549744,56342.63066450257
3224,78.98937025653932,21.010629743460683,221802.15168036238,58997.848319637604
3225,79.41843385914714,20.581566140852857,223006.96227648517,57793.03772351483
3226,78.72423090746578,21.27576909253422,221057.6403881639,59742.3596118361
3227,80.27755686520216,19.722443134797842,225419.37967748765,55380.62032251233
3228,79.7103142103602,20.289685789639805,223826.56230269145,56973.43769730855
3229,78.61946041686645,21.380539583133555,220763.44485056098,60036.555149439
3230,78.84665856777477,21.153341432225233,221401.41725831153,59398.58274168847
3231,78.8198447608917,21.180155239108302,221326.1240885839,59473.87591141611
3232,80.77042637468757,19.229573625312426,226803.35726012272,53996.64273987728
3233,81.71703066818445,18.28296933181555,229461.4221162619,51338.57788373809
3234,81.86667050186041,18.133329498139588,229881.61076922406,50918.38923077597
3235,80.70581511619173,19.29418488380827,226621.92884626635,54178.071153733625
3236,79.88206364853538,20.11793635146462,224308.83472508736,56491.16527491263
3237,80.01540454266515,19.984595457334848,224683.25595580373,56116.74404419628
3238,80.20295512228097,19.79704487771903,225209.89798336496,55590.102016635035
3239,78.79388636758739,21.20611363241261,221253.2329201854,59546.7670798146
3240,79.035837582018,20.964162417981996,221932.63193030655,58867.36806969346
3241,78.81538283649736,21.184617163502637,221313.59500488458,59486.40499511542
3242,77.63397677998105,22.366023220018945,217996.2067981868,62803.79320181323
3243,78.74720312906923,21.252796870930766,221122.1463864264,59677.853613573614
3244,81.68510448426558,18.31489551573442,229371.77339181775,51428.226608182245
3245,78.99480908767006,21.005190912329937,221817.42391817755,58982.57608182245
3246,80.66067965160569,19.33932034839431,226495.18846170878,54304.81153829122
3247,79.4292681935732,20.570731806426807,223037.38508755353,57762.61491244646
3248,79.28420446313305,20.71579553686695,222630.0461324776,58169.95386752239
3249,81.36622465093251,18.63377534906749,228476.35881981847,52323.641180181534
3250,80.13464821237883,19.865351787621165,225018.09218035976,55781.907819640226
3251,79.65520907769165,20.34479092230835,223671.8270901582,57128.172909841815
3252,80.13629730225759,19.86370269774241,225022.7228247393,55777.27717526072
3253,79.37231099036146,20.627689009638544,222877.44926093495,57922.550739065075
3254,79.9651941374575,20.0348058625425,224542.26513798063,56257.734862019366
3255,78.92467916485417,21.07532083514583,221620.4990949105,59179.500905089495
3256,79.05433427182219,20.945665728177815,221984.57063527667,58815.42936472333
3257,82.13402306546699,17.86597693453301,230632.3367678313,50167.663232168714
3258,78.76817832921701,21.231821670782992,221181.04474844137,59618.95525155864
3259,79.30352171155084,20.696478288449157,222684.28896603474,58115.71103396524
3260,79.76568675392481,20.23431324607519,223982.04840502088,56817.951594979124
3261,79.15188066429782,20.84811933570218,222258.4809053483,58541.5190946517
3262,80.09654592009728,19.903454079902716,224911.10094363318,55888.899056366834
3263,80.28182405433519,19.71817594566481,225431.36194457323,55368.63805542677
3264,78.77205216641212,21.227947833587876,221191.92248328525,59608.07751671475
3265,81.07302119037915,18.92697880962085,227653.04350258468,53146.95649741533
3266,78.99186647481122,21.008133525188782,221809.16106126987,58990.83893873014
3267,82.12377032335091,17.87622967664909,230603.54706796934,50196.45293203065
3268,79.39596258919795,20.60403741080205,222943.86295046785,57856.137049532146
3269,80.4699461464332,19.5300538535668,225959.60877918443,54840.39122081555
3270,79.09505594688922,20.904944053110782,222098.9170988649,58701.0829011351
3271,79.3716078831309,20.628392116869094,222875.4749358316,57924.525064168396
3272,80.47950812196709,19.520491878032914,225986.4588064836,54813.541193516416
3273,78.87715861895987,21.122841381040132,221487.06140203934,59312.93859796065
3274,81.15113433767792,18.848865662322083,227872.3852201996,52927.61477980041
3275,79.23232407123642,20.76767592876358,222484.36599203188,58315.63400796812
3276,79.8070213081538,20.192978691846207,224098.11583329586,56701.88416670414
3277,79.17746377227324,20.822536227726758,222330.31827254326,58469.68172745675
3278,79.68764776050993,20.312352239490068,223762.9149115119,57037.08508848809
3279,80.37554008928932,19.624459910710684,225694.51657072437,55105.48342927562
3280,79.57702207575824,20.422977924241764,223452.27798872913,57347.722011270846
3281,80.72674386108307,19.273256138916935,226680.69676192122,54119.30323807877
3282,79.71933421413038,20.280665785869616,223851.8904732781,56948.109526721906
3283,80.86406729732583,19.135932702674168,227066.3009708909,53733.69902910909
3284,79.88423822235823,20.115761777641765,224314.94092838193,56485.05907161809
3285,80.68449900765923,19.315500992340773,226562.0732135071,54237.9267864929
3286,78.78777592193786,21.212224078062135,221236.0747888015,59563.925211198475
3287,79.16574514312514,20.834254856874864,222297.41236189537,58502.587638104626
3288,79.86797108668902,20.132028913310975,224269.26281142278,56530.7371885772
3289,80.3549539621042,19.645046037895796,225636.7107255886,55163.289274411414
3290,80.58066113859623,19.419338861403773,226270.49647717818,54529.50352282185
3291,80.79143987580254,19.20856012419746,226862.36317125353,53937.63682874648
3292,80.62687219938864,19.373127800611357,226400.25713588332,54399.74286411668
3293,80.24993106259546,19.750068937404535,225341.80642376808,55458.193576231904
3294,77.62301061788847,22.37698938211153,217965.41381503083,62834.58618496916
3295,79.5809156259672,20.419084374032806,223463.21107771588,57336.78892228412
3296,81.0212264420162,18.9787735579838,227507.6038491815,53292.39615081849
3297,79.52593130675027,20.474068693249734,223308.81510935473,57491.18489064526
3298,80.53229073045878,19.467709269541217,226134.67237112828,54665.32762887174
3299,80.36880024269438,19.631199757305623,225675.59108148582,55124.40891851418
3300,80.43526640681829,19.564733593181714,225862.22807034574,54937.77192965425
3301,78.03384699495004,21.96615300504996,219119.0423618197,61680.957638180305
3302,81.15977798835026,18.840222011649743,227896.65659128752,52903.34340871248
3303,80.20845579167738,19.79154420832262,225225.34386303008,55574.65613696992
3304,78.58578008229209,21.41421991770791,220668.8704710762,60131.12952892382
3305,78.04432085764658,21.955679142353418,219148.45296827162,61651.547031728376
3306,79.71581305142287,20.28418694857713,223842.00304839542,56957.99695160458
3307,77.78577063616744,22.21422936383256,218422.44394635817,62377.556053641834
3308,79.86360261704235,20.136397382957654,224256.99614865493,56543.00385134507
3309,80.0223911031418,19.9776088968582,224702.87421762216,56097.12578237784
3310,79.07165461542512,20.928345384574882,222033.20616011374,58766.79383988627
3311,78.40572475050391,21.594275249496093,220163.27509941498,60636.724900585024
3312,78.69256843909196,21.307431560908043,220968.73217697022,59831.26782302977
3313,80.47998749527278,19.52001250472722,225987.804886726,54812.195113274
3314,79.68329868958676,20.316701310413237,223750.7027203596,57049.29727964039
3315,79.18786617317275,20.81213382682725,222359.52821426908,58440.471785730915
3316,79.41370380403559,20.586296195964408,222993.68028173194,57806.31971826805
3317,79.55627849779086,20.443721502209144,223394.03002179673,57405.969978203255
3318,80.17397324274766,19.826026757252336,225128.51686563544,55671.483134364564
3319,80.09416101333682,19.905838986663184,224904.40412544977,55895.59587455026
3320,79.96194166249624,20.038058337503756,224533.13218828943,56266.86781171059
3321,80.33636512374899,19.66363487625101,225584.51326748717,55215.48673251285
3322,79.83261865314185,20.16738134685815,224169.99317802233,56630.00682197767
3323,78.4645757820864,21.5354242179136,220328.5287960986,60471.4712039014
3324,80.55257480368148,19.44742519631852,226191.63004873757,54608.369951262444
3325,81.06496825504537,18.935031744954628,227630.4308601674,53169.569139832616
3326,80.59169624161619,19.40830375838381,226301.48304645828,54498.51695354172
3327,79.95451169916251,20.04548830083749,224512.26885124834,56287.73114875163
3328,80.44889202623166,19.55110797376834,225900.4888096585,54899.511190341495
3329,79.20555202823054,20.794447971769458,222409.19009527136,58390.80990472865
3330,80.71576373309355,19.284236266906447,226649.8645625267,54150.1354374733
3331,78.38765379724738,21.61234620275262,220112.53186267064,60687.46813732936
3332,79.8242703361561,20.175729663843896,224146.55110392632,56653.44889607365
3333,79.48326253701858,20.516737462981425,223189.00120394817,57610.99879605182
3334,81.9790966004476,18.020903399552395,230197.3032540569,50602.69674594312
3335,80.39454625278512,19.60545374721488,225747.8858778206,55052.11412217941
3336,79.49748638337124,20.50251361662876,223228.94176450645,57571.05823549356
3337,79.02136142026424,20.978638579735758,221891.98286810197,58908.017131898
3338,79.67520818510326,20.32479181489674,223727.98458376992,57072.01541623005
3339,78.79443101697365,21.205568983026353,221254.762295662,59545.237704338026
3340,79.70206727175851,20.29793272824149,223803.40489909792,56996.59510090208
3341,77.80533119015428,22.194668809845723,218477.36998195318,62322.63001804681
3342,79.40844483158767,20.591555168412327,222978.9130870982,57821.08691290184
3343,78.78588552978549,21.21411447021451,221230.76656763765,59569.23343236234
3344,78.60345100499258,21.39654899500742,220718.49042201915,60081.509577980854
3345,80.71081505223377,19.28918494776623,226635.96866667244,54164.03133332756
3346,79.52294118647646,20.47705881352354,223300.4188516259,57499.58114837411
3347,79.00257971766852,20.997420282331476,221839.24384721322,58960.75615278677
3348,79.71249367257484,20.287506327425163,223832.68223259013,56967.31776740985
3349,79.7498826307695,20.250117369230495,223937.6704272008,56862.32957279924
3350,79.35417873801295,20.645821261987052,222826.53389634035,57973.46610365962
3351,80.68070818997879,19.319291810021213,226551.42859746044,54248.57140253956
3352,80.54907915748477,19.45092084251523,226181.81427421723,54618.18572578274
3353,79.17545262830859,20.82454737169141,222324.6709802905,58475.329019709505
3354,80.47868813053944,19.52131186946056,225984.15627055475,54815.84372944526
3355,79.00544478662232,20.99455521337768,221847.28896083546,58952.71103916454
3356,79.46356057058131,20.536439429418692,223133.67808219232,57666.3219178077
3357,79.32512263968027,20.674877360319726,222744.94437222223,58055.05562777774
3358,78.87328718036909,21.12671281963091,221476.1904024764,59323.80959752361
3359,79.42899388000431,20.571006119995687,223036.61481505213,57763.38518494787
3360,79.88197547459094,20.118024525409055,224308.58713265136,56491.412867348656
3361,79.29856965386915,20.70143034613085,222670.38358806458,58129.61641193541
3362,79.33594476533841,20.66405523466159,222775.33290107024,58024.66709892975
3363,80.06621928362948,19.93378071637052,224825.94374843157,55974.05625156844
3364,80.1657524396411,19.834247560358904,225105.43285051218,55694.56714948782
3365,79.7317146064051,20.268285393594894,223886.65461478554,56913.34538521446
3366,80.29576437675662,19.704235623243378,225470.5063699326,55329.49363006739
3367,79.87612395506828,20.12387604493172,224292.15606583172,56507.84393416829
3368,80.18513407553961,19.814865924460392,225159.85648411524,55640.14351588476
3369,81.17133032138499,18.828669678615015,227929.09554244904,52870.904457550976
3370,79.47057664482926,20.529423355170735,223153.37921868058,57646.62078131942
3371,81.03707765687945,18.962922343120553,227552.11406051746,53247.88593948254
3372,78.85923734222618,21.14076265777382,221436.73845697113,59363.26154302884
3373,79.58598715074282,20.414012849257176,223477.45191928584,57322.54808071415
3374,81.37257607155819,18.627423928441814,228494.1936089354,52305.806391064616
3375,79.99354829415509,20.00645170584491,224621.8836099875,56178.11639001251
3376,77.53469060842896,22.46530939157104,217717.41122846853,63082.58877153146
3377,81.59985324664069,18.40014675335931,229132.38791656704,51667.61208343298
3378,77.60058379746253,22.399416202537466,217902.4393032748,62897.56069672522
3379,79.62614565470788,20.373854345292116,223590.21699841972,57209.78300158026
3380,80.17068225880595,19.829317741194046,225119.27578272714,55680.724217272866
3381,80.12747705433215,19.872522945667853,224997.95556856465,55802.04443143538
3382,78.2369828095262,21.763017190473803,219689.44772914954,61110.55227085047
3383,77.25763726639838,22.742362733601624,216939.44544404664,63860.55455595336
3384,79.58099198577085,20.41900801422915,223463.42549604457,57336.574503955446
3385,78.7304766501548,21.2695233498452,221075.1784336347,59724.821566365295
3386,80.03291876777494,19.967081232225055,224732.43589991203,56067.564100088
3387,79.89834804795483,20.101651952045174,224354.56131865716,56445.43868134284
3388,80.34151919881742,19.658480801182577,225598.98591027933,55201.01408972069
3389,79.91785900336376,20.08214099663624,224409.34808144544,56390.65191855456
3390,79.21182571318481,20.78817428681519,222426.80660262296,58373.19339737704
3391,78.42353149645223,21.576468503547773,220213.27644203784,60586.72355796217
3392,79.53874107152575,20.46125892847425,223344.7849288443,57455.21507115569
3393,79.74626557764076,20.253734422359244,223927.51374201523,56872.48625798477
3394,80.27906046550774,19.72093953449226,225423.60178714572,55376.39821285428
3395,80.04557970179552,19.954420298204482,224767.98780264182,56032.01219735817
3396,79.0236879570357,20.976312042964295,221898.51578335627,58901.48421664376
3397,79.76713462968686,20.232865370313135,223986.11404016073,56813.88595983929
3398,79.90787938590996,20.092120614090035,224381.3253156352,56418.674684364814
3399,80.67700912663757,19.32299087336243,226541.04162759832,54258.95837240169
3400,80.83012025931927,19.169879740680727,226970.97768816852,53829.02231183148
3401,78.67338496813187,21.32661503186813,220914.8649905143,59885.135009485704
3402,80.48579966198953,19.51420033801047,226004.12545086662,54795.87454913338
3403,79.74398325595061,20.25601674404939,223921.1049827093,56878.89501729068
3404,79.75188088283997,20.24811911716003,223943.28151901462,56856.71848098539
3405,80.14867943555014,19.851320564449864,225057.49185502477,55742.508144975254
3406,79.52076907395937,20.47923092604063,223294.3195596779,57505.6804403221
3407,80.24427967754872,19.755720322451282,225325.93733455683,55474.06266544318
3408,80.43621848110479,19.56378151889521,225864.90149494223,54935.09850505777
3409,79.87134399093935,20.12865600906065,224278.73392655767,56521.266073442326
3410,80.6643594036439,19.3356405963561,226505.52120543207,54294.47879456793
3411,80.72067928282335,19.279320717176645,226663.667426168,54136.332573832
3412,79.29970759880018,20.700292401199818,222673.57893743092,58126.421062569076
3413,78.42158269474065,21.57841730525935,220207.80420683176,60592.195793168255
3414,80.2521648632824,19.747835136717597,225348.07893609698,55451.921063903035
3415,78.98677661125323,21.013223388746766,221794.86872439907,59005.13127560094
3416,79.61242112787976,20.387578872120244,223551.67852708633,57248.321472913696
3417,80.71703644781235,19.282963552187653,226653.43834545708,54146.56165454291
3418,79.12109977236959,20.87890022763041,222172.0481608138,58627.95183918619
3419,79.53556810327379,20.46443189672621,223335.87523399282,57464.12476600718
3420,80.7315616732385,19.268438326761498,226694.22517845372,54105.7748215463
3421,78.66277700920178,21.337222990798224,220885.0778418386,59914.922158161404
3422,80.23120812125923,19.76879187874077,225289.2324044959,55510.76759550406
3423,81.15593719138265,18.844062808617352,227885.87163340248,52914.128366597535
3424,79.45483407068116,20.54516592931884,223109.17407047268,57690.82592952732
3425,78.20496601125451,21.795033988745487,219599.54455960268,61200.45544039734
3426,78.16458204690444,21.835417953095558,219486.14638770767,61313.85361229233
3427,80.06743157155337,19.93256842844663,224829.34785292187,55970.652147078144
3428,79.81184163057571,20.188158369424286,224111.6512986566,56688.34870134341
3429,81.40525835590788,18.594741644092124,228585.9654633893,52214.03453661071
3430,79.55120946366287,20.44879053633713,223379.79617396535,57420.20382603463
3431,79.1153408778511,20.884659122148904,222155.87718500587,58644.122814994145
3432,80.88213187381226,19.117868126187744,227117.02630166482,53682.973698335176
3433,79.96728439503089,20.032715604969113,224548.13458124673,56251.865418753274
3434,79.45009128540555,20.54990871459445,223095.85632941878,57704.14367058122
3435,80.37675099229034,19.62324900770966,225697.9167863513,55102.0832136487
3436,78.4917108547773,21.508289145222705,220404.72408021466,60395.27591978533
3437,81.78195395776548,18.21804604223452,229643.72671340546,51156.27328659453
3438,80.44307630440606,19.556923695593937,225884.15826277222,54915.84173722777
3439,80.27316729562979,19.72683270437021,225407.05376612843,55392.94623387158
3440,80.87434937244846,19.125650627551536,227095.17303783528,53704.82696216471
3441,80.54937328398803,19.450626716011968,226182.64018143842,54617.35981856158
3442,79.80771467895752,20.192285321042476,224100.06281851273,56699.937181487265
3443,80.72577599181062,19.27422400818938,226677.9789850042,54122.02101499577
3444,79.91413810112505,20.085861898874953,224398.89978795912,56401.10021204088
3445,80.31362098920887,19.68637901079113,225520.64773769854,55279.35226230146
3446,79.97790449942727,20.022095500572732,224577.95583439176,56222.04416560823
3447,79.5978744433874,20.402125556612603,223510.8314370318,57289.1685629682
3448,78.96448157608248,21.035518423917523,221732.2642656396,59067.7357343604
3449,79.27197030020785,20.728029699792145,222595.69260298365,58204.30739701635
3450,79.8783856573419,20.121614342658106,224298.50692581607,56501.493074183934
3451,80.44377704427468,19.556222955725318,225886.12594032334,54913.87405967663
3452,80.82121390023859,19.17878609976141,226945.96863186994,53854.03136813005
3453,79.09940673476589,20.900593265234107,222111.1341112226,58688.865888777385
3454,81.08053999424918,18.91946000575082,227674.1563038517,53125.843696148295
3455,77.96411277226561,22.035887227734392,218923.22866452183,61876.77133547816
3456,79.94642578533173,20.053574214668274,224489.5636052115,56310.43639478849
3457,79.68753175073363,20.312468249266374,223762.58915606004,57037.41084393996
3458,78.7501291013471,21.2498708986529,221130.36251658265,59669.63748341735
3459,79.83434838125586,20.165651618744135,224174.8502545665,56625.14974543352
3460,79.66379458134966,20.336205418650337,223695.93518442987,57104.06481557015
3461,81.19530914187929,18.804690858120708,227996.42807039706,52803.57192960293
3462,80.3025701149,19.697429885099993,225489.6168826392,55310.38311736079
3463,79.69197381407609,20.308026185923907,223775.06246992564,57024.937530074356
3464,80.53178384531824,19.468216154681755,226133.24903765364,54666.75096234635
3465,78.21918003224488,21.78081996775512,219639.45753054362,61160.54246945641
3466,79.98176948792886,20.018230512071142,224588.80872210424,56211.19127789577
3467,80.36024372961296,19.63975627038704,225651.5643927532,55148.43560724679
3468,80.17433258167046,19.825667418329544,225129.52588933066,55670.47411066934
3469,79.81201424154317,20.187985758456833,224112.13599025324,56687.86400974676
3470,80.41802116820837,19.58197883179163,225813.80344032912,54986.19655967088
3471,79.55613465332578,20.443865346674215,223393.6261065388,57406.37389346119
3472,79.88003093801662,20.119969061983383,224303.12687395065,56496.87312604937
3473,80.44936490560711,19.550635094392888,225901.81665494476,54898.183345055244
3474,79.43900955485572,20.560990445144284,223064.73883003485,57735.261169965146
3475,81.15103986968984,18.84896013031016,227872.11995408908,52927.880045910926
3476,80.01476155530072,19.985238444699277,224681.45044728444,56118.54955271557
3477,79.81356758150355,20.18643241849645,224116.49776886197,56683.502231138016
3478,80.8228845660781,19.177115433921898,226950.65986154732,53849.340138452666
3479,79.07456669504704,20.92543330495296,222041.3832796921,58758.61672030791
3480,79.17797454962545,20.822025450374554,222331.75253534823,58468.24746465175
3481,80.65016422720231,19.34983577279769,226465.6611499841,54334.33885001589
3482,79.14448152651049,20.85551847348951,222237.70412644144,58562.29587355854
3483,79.65355940175579,20.346440598244214,223667.19480013027,57132.805199869734
3484,80.1264657135082,19.873534286491804,224995.11572353102,55804.88427646896
3485,80.33251944149157,19.66748055850843,225573.71459170833,55226.28540829167
3486,79.70042833884865,20.299571661151347,223798.802775487,57001.197224512965
3487,79.93809150789852,20.06190849210148,224466.16095417907,56333.83904582093
3488,79.00929505494946,20.99070494505054,221858.1005142981,58941.8994857019
3489,78.63542185131311,21.36457814868689,220808.26455848722,59991.73544151276
3490,82.20610509933259,17.79389490066741,230834.74311892592,49965.25688107406
3491,81.607886698512,18.392113301487996,229154.9458494217,51645.0541505783
3492,78.3929203341574,21.607079665842605,220127.32029831398,60672.67970168602
3493,79.39012296032675,20.60987703967325,222927.4652725975,57872.53472740252
3494,79.74669198733336,20.253308012666636,223928.7111004321,56871.28889956791
3495,78.89683246955026,21.10316753044974,221542.30557449712,59257.69442550286
3496,80.45238536252234,19.547614637477665,225910.29809796272,54889.7019020373
3497,82.51816338216146,17.48183661783854,231711.0027771094,49088.99722289061
3498,80.07852664959388,19.921473350406117,224860.50283205963,55939.49716794037
3499,80.48142161197812,19.51857838802188,225991.83188643458,54808.16811356541
3500,78.99672469380717,21.003275306192833,221822.8029402105,58977.1970597895
3501,78.87264664437319,21.12735335562681,221474.39177739993,59325.60822260009
3502,78.65357095433076,21.34642904566924,220859.2272397608,59940.772760239175
3503,78.90931907206885,21.090680927931146,221577.36795436934,59222.632045630664
3504,79.89152319812483,20.10847680187517,224335.39714033453,56464.602859665494
3505,79.68904260409066,20.31095739590934,223766.83163228657,57033.16836771344
3506,80.35158610068311,19.648413899316893,225627.25377071818,55172.74622928182
3507,79.23156608608897,20.768433913911025,222482.23756973786,58317.76243026214
3508,79.82622687828358,20.173773121716422,224152.04507422028,56647.95492577973
3509,79.87951870255677,20.120481297443234,224301.6885167794,56498.31148322062
3510,79.35788342128505,20.642116578714948,222836.93664696845,57963.06335303155
3511,79.4441444106521,20.5558555893479,223079.15750511107,57720.84249488891
3512,81.12739072506986,18.87260927493014,227805.71315599617,52994.28684400382
3513,79.41621279024514,20.58378720975486,223000.72551500838,57799.27448499162
3514,79.72315247327052,20.276847526729483,223862.61214494362,56937.387855056404
3515,80.26466231858252,19.735337681417477,225383.17179057974,55416.82820942025
3516,79.16520208154452,20.83479791845548,222295.887444977,58504.11255502298
3517,77.73064297557406,22.269357024425943,218267.64547541196,62532.35452458805
3518,79.73859989075856,20.261400109241436,223905.98849325004,56894.01150674994
3519,79.40841840934802,20.591581590651984,222978.83889344922,57821.161106550775
3520,80.19337697632628,19.806623023673723,225183.0025495242,55616.99745047581
3521,79.7183777252929,20.281622274707104,223849.20465262246,56950.79534737751
3522,78.95276436375171,21.04723563624829,221699.3623334148,59100.63766658519
3523,79.19869884069945,20.80130115930055,222389.94634468408,58410.05365531592
3524,79.99525841174163,20.00474158825837,224626.6856201705,56173.31437982952
3525,81.37078532870309,18.629214671296907,228489.16520299827,52310.834797001706
3526,81.01970215200853,18.980297847991466,227503.32364283997,53296.676357160046
3527,80.70019689358801,19.299803106411986,226606.15287719516,54193.84712280483
3528,80.36729701185286,19.632702988147145,225671.3700092828,55128.62999071718
3529,81.26508748151676,18.73491251848324,228192.36564809905,52607.63435190095
3530,79.41884989023482,20.581150109765176,223008.1304917794,57791.8695082206
3531,79.46090092953976,20.53909907046024,223126.20981014764,57673.79018985234
3532,77.68172495130024,22.31827504869976,218130.2836632511,62669.71633674894
3533,80.90046795601359,19.099532043986414,227168.51402048615,53631.48597951383
3534,77.92506624349417,22.07493375650583,218813.58601173165,61986.41398826832
3535,78.7441408580614,21.2558591419386,221113.54752943644,59686.452470563556
3536,80.15232290663185,19.847677093368148,225067.72272182224,55732.277278177746
3537,81.43621974795346,18.56378025204654,228672.9050522533,52127.094947746664
3538,79.64111978525838,20.358880214741617,223632.26435700554,57167.735642994434
3539,79.70508365626625,20.294916343733746,223811.87490679562,56988.1250932044
3540,80.71790888477537,19.28209111522463,226655.88814844924,54144.11185155076
3541,80.61023071595332,19.38976928404668,226353.52785039693,54446.47214960307
3542,80.09794141913704,19.902058580862956,224915.01950493682,55884.980495063166
3543,81.74556079075103,18.25443920924897,229541.5347004289,51258.46529957112
3544,79.94642427766901,20.05357572233099,224489.55937169457,56310.44062830543
3545,79.38187957562802,20.61812042437198,222904.31784836348,57895.6821516365
3546,79.7158323500593,20.2841676499407,223842.05723896652,56957.94276103348
3547,79.56615999293872,20.433840007061278,223421.77726017195,57378.22273982807
3548,79.24346508167191,20.756534918328086,222515.64994933474,58284.35005066525
3549,80.0472687057239,19.952731294276106,224772.7305256727,56027.269474327324
3550,79.67643130440926,20.323568695590737,223731.41910278122,57068.58089721878
3551,80.57704904206034,19.422950957939662,226260.3537101054,54539.646289894605
3552,79.93149645901839,20.06850354098161,224447.64205692365,56352.35794307632
3553,81.5395417777046,18.4604582222954,228963.0333117945,51836.96668820547
3554,80.34217274055399,19.65782725944601,225600.82105547562,55199.17894452439
3555,79.8651720418937,20.1348279581063,224261.4030936375,56538.59690636254
3556,79.0764396865011,20.923560313498896,222046.64263969508,58753.3573603049
3557,79.95221047084415,20.04778952915585,224505.80700213037,56294.19299786963
3558,79.69154965520609,20.30845034479391,223773.87143181873,57026.12856818127
3559,80.35189720679745,19.648102793202554,225628.1273566872,55171.8726433128
3560,79.5908739410104,20.4091260589896,223491.17402635718,57308.82597364283
3561,79.04570713650547,20.95429286349453,221960.34563930737,58839.65436069263
3562,79.06571697066258,20.934283029337422,222016.53325362052,58783.466746379454
3563,77.61418299768592,22.385817002314084,217940.62585750208,62859.374142497916
3564,79.54552098914412,20.454479010855877,223363.8229375167,57436.1770624833
3565,79.88351708350879,20.116482916491208,224312.9159704927,56487.08402950727
3566,78.74156769338462,21.258432306615376,221106.32208302405,59693.67791697596
3567,80.90088651009407,19.099113489905932,227169.68932034416,53630.31067965583
3568,79.10349361602208,20.896506383977922,222122.61007379,58677.38992620997
3569,79.07504167068585,20.92495832931415,222042.7170112859,58757.2829887141
3570,79.72023284098529,20.27976715901471,223854.41381748667,56945.58618251333
3571,79.82470721292178,20.17529278707822,224147.77785388433,56652.22214611564
3572,79.35163246445472,20.648367535545276,222819.38396018886,57980.616039811124
3573,78.79720978703378,21.20279021296622,221262.56508199088,59537.43491800912
3574,80.3913747531297,19.608625246870304,225738.98030678817,55061.01969321185
3575,78.7003603385922,21.299639661407795,220990.6118307669,59809.38816923309
3576,79.05333707142499,20.94666292857501,221981.77049656137,58818.229503438655
3577,78.760960621768,21.239039378231993,221160.77742592455,59639.22257407545
3578,80.80921475255789,19.190785247442108,226912.27502518255,53887.72497481747
3579,79.41293986238313,20.587060137616874,222991.53513357183,57808.46486642816
3580,79.81357588217288,20.186424117827116,224116.52107714146,56683.47892285854
3581,78.22416664954315,21.77583335045685,219653.45995191715,61146.540048082854
3582,80.38477169251324,19.61522830748676,225720.4389125772,55079.5610874228
3583,81.66764425418467,18.332355745815335,229322.74506575055,51477.25493424942
3584,81.36098088333192,18.63901911666808,228461.63432039603,52338.36567960397
3585,80.29088355646527,19.709116443534725,225456.8010265545,55343.198973445506
3586,79.87269513146506,20.127304868534935,224282.5279291539,56517.47207084609
3587,80.44623362154917,19.55376637845083,225893.02400931006,54906.97599068993
3588,79.57973291153374,20.42026708846626,223459.89001558674,57340.109984413255
3589,80.74559470287412,19.254405297125885,226733.6299256705,54066.370074329476
3590,82.09271436792622,17.90728563207378,230516.34194513684,50283.65805486315
3591,78.709321074968,21.290678925031997,221015.77357851015,59784.22642148983
3592,80.7036766278271,19.296323372172907,226615.9239709385,54184.07602906152
3593,79.51009105701449,20.489908942985508,223264.3356880967,57535.66431190328
3594,79.33620469958103,20.66379530041897,222776.06279642356,58023.937203576446
3595,78.43663134565759,21.563368654342412,220250.06081860652,60549.93918139348
3596,79.65215116429573,20.34784883570427,223663.24046934242,57136.75953065757
3597,78.13855155551065,21.861448444489355,219413.05276787392,61386.94723212609
3598,79.12521757987636,20.874782420123637,222183.61096429283,58616.389035707165
3599,80.15308227280336,19.84691772719664,225069.85502203184,55730.14497796816
3600,77.71011139360381,22.28988860639619,218209.9927932395,62590.00720676049
3601,78.61535342512721,21.38464657487279,220751.9124177572,60048.08758224276
3602,79.53005611098047,20.469943889019532,223320.39755963313,57479.60244036684
3603,78.2062556467537,21.793744353246296,219603.16585608438,61196.83414391561
3604,79.27011282672825,20.72988717327175,222590.47681745293,58209.52318254707
3605,79.9442338736566,20.0557661263434,224483.40871722772,56316.591282772264
3606,82.66030143048584,17.339698569514155,232110.12641680427,48689.87358319572
3607,79.64261264872022,20.357387351279783,223636.45631760635,57163.54368239365
3608,79.71710891705395,20.28289108294605,223845.64183908748,56954.35816091251
3609,79.11337966776476,20.88662033223524,222150.37010708344,58649.629892916564
3610,79.19654985371413,20.80345014628587,222383.9119892293,58416.08801077069
3611,80.56942015172014,19.430579848279862,226238.93178603015,54561.06821396983
3612,80.14913613742415,19.85086386257585,225058.77427388701,55741.225726112985
3613,78.79641328133653,21.203586718663473,221260.32849399297,59539.67150600701
3614,79.10165082166861,20.898349178331387,222117.43550724548,58682.56449275452
3615,78.78554013223189,21.214459867768113,221229.79669130716,59570.20330869284
3616,79.61471960266057,20.38528039733943,223558.1326442709,57241.867355729104
3617,79.44123765908081,20.558762340919188,223070.9953466989,57729.00465330111
3618,80.0900770350851,19.909922964914898,224892.93631451897,55907.06368548104
3619,80.16063706593997,19.839362934060034,225091.06888115942,55708.93111884057
3620,80.34141009024565,19.658589909754355,225598.67953340977,55201.320466590216
3621,79.7980900366193,20.2019099633807,224073.036822827,56726.963177172984
3622,79.41656464972341,20.583435350276588,223001.71353642334,57798.286463576645
3623,78.9269725103677,21.073027489632295,221626.93880911253,59173.06119088748
3624,79.73536416786965,20.264635832130352,223896.902583378,56903.097416622026
3625,78.97519351885084,21.024806481149156,221762.34340093317,59037.656599066846
3626,79.74405453168883,20.255945468311168,223921.30512498226,56878.694875017725
3627,77.26699842698011,22.73300157301989,216965.73158296017,63834.26841703984
3628,79.35780441503908,20.642195584960916,222836.71479742977,57963.28520257023
3629,79.5986618762462,20.401338123753803,223513.0425484993,57286.95745150068
3630,80.04324618695911,19.95675381304089,224761.43529298116,56038.56470701884
3631,80.69130925082527,19.30869074917473,226581.19637631736,54218.80362368264
3632,79.43115878578921,20.568841214210792,223042.69387049612,57757.30612950388
3633,78.3822970992817,21.6177029007183,220097.49025478298,60702.509745217016
3634,79.43264867182414,20.56735132817586,223046.87747048217,57753.12252951783
3635,80.25795410915295,19.742045890847052,225364.33513850148,55435.6648614985
3636,79.52674519884701,20.47325480115299,223311.1005183624,57488.899481637614
3637,79.17971338009308,20.820286619906923,222336.63517130134,58463.36482869865
3638,80.59235081984515,19.40764918015485,226303.32110212516,54496.67889787485
3639,80.53199766176779,19.46800233823221,226133.84943424395,54666.15056575605
3640,80.88106163788841,19.118938362111592,227114.02107919066,53685.97892080934
3641,79.66115584090375,20.338844159096254,223688.52560125774,57111.47439874228
3642,79.72840710316046,20.271592896839536,223877.36714567465,56922.632854325384
3643,77.44817255430458,22.551827445695423,217474.46853248726,63325.531467512745
3644,79.86641834396848,20.133581656031524,224264.90270986347,56535.09729013654
3645,80.32768715442508,19.672312845574922,225560.14552962562,55239.8544703744
3646,79.5577124050962,20.442287594903803,223398.05643351012,57401.94356648986
3647,79.08649645212944,20.91350354787056,222074.88203757943,58725.117962420525
3648,80.94331439847515,19.056685601524848,227288.82683091823,53511.17316908177
3649,80.0687267944647,19.931273205535305,224832.98483885688,55967.01516114312
3650,80.48379611456951,19.516203885430485,225998.4994897112,54801.50051028882
3651,80.94213001166645,19.05786998833355,227285.50107275933,53514.49892724063
3652,79.46604898600016,20.53395101399984,223140.66555268844,57659.33444731154
3653,78.58170362659114,21.418296373408864,220657.4237834679,60142.57621653209
3654,79.02342598280265,20.97657401719735,221897.78015970986,58902.219840290156
3655,78.52979127105122,21.470208728948776,220511.65388911185,60288.34611088814
3656,78.77769140278654,21.222308597213456,221207.7574590246,59592.24254097538
3657,78.54259565050322,21.457404349496784,220547.60858661303,60252.391413386955
3658,78.87274589910137,21.127254100898625,221474.67048467664,59325.32951532334
3659,80.58158939967069,19.41841060032931,226273.10303427532,54526.896965724685
3660,80.46588175799327,19.534118242006727,225948.1959764451,54851.80402355491
3661,79.5250432213994,20.4749567786006,223306.3213656895,57493.67863431046
3662,78.40090153444477,21.59909846555523,220149.7315087209,60650.268491279116
3663,78.48566769429569,21.514332305704315,220387.75488558228,60412.24511441772
3664,78.85129867542285,21.148701324577146,221414.44668058737,59385.55331941263
3665,80.93557517933971,19.064424820660292,227267.09510358592,53532.9048964141
3666,79.51098310860928,20.48901689139072,223266.84056897485,57533.15943102517
3667,80.12277984930249,19.87722015069751,224984.7658168414,55815.234183158595
3668,82.44446808420288,17.55553191579712,231504.06638044168,49295.933619558346
3669,78.8852973854838,21.114702614516204,221509.91505843852,59290.08494156148
3670,79.91631893570022,20.083681064299782,224405.0235714462,56394.9764285538
3671,78.36667322150376,21.63332677849624,220053.61840598256,60746.38159401744
3672,79.16720766376153,20.83279233623847,222301.51911984239,58498.48088015761
3673,78.82261418872432,21.177385811275684,221333.9006419379,59466.09935806212
3674,82.05301612399084,17.946983876009156,230404.86927616628,50395.13072383372
3675,79.25124504446597,20.748754955534025,222537.49608486044,58262.503915139576
3676,80.26599578318267,19.734004216817326,225386.91615917697,55413.083840823034
3677,80.38314169617897,19.616858303821033,225715.86188287055,55084.138117129434
3678,80.14233758641463,19.857662413585373,225039.68394265228,55760.3160573477
3679,81.68873866336823,18.311261336631773,229381.978166738,51418.021833261984
3680,79.7137784918924,20.2862215081076,223836.29000523384,56963.70999476616
3681,77.78471177279778,22.215288227202223,218419.47065801616,62380.529341983856
3682,78.9677847941969,21.032215205803098,221741.5397021049,59058.46029789509
3683,79.44003194933575,20.559968050664253,223067.60971373477,57732.39028626523
3684,80.6841239445677,19.315876055432298,226561.0200363461,54238.979963653896
3685,79.52894408005083,20.471055919949166,223317.27497678273,57482.72502321725
3686,79.16117859822161,20.83882140177839,222284.58950380626,58515.41049619374
3687,77.5323820037115,22.467617996288496,217710.9286664219,63089.071333578104
3688,79.42731114722345,20.57268885277655,223031.88970140344,57768.11029859657
3689,79.53060801220262,20.46939198779738,223321.94729826495,57478.052701735054
3690,80.26343043114834,19.736569568851664,225379.71265066456,55420.28734933544
3691,79.80574203572573,20.19425796427427,224094.52363631784,56705.47636368216
3692,80.69621969015128,19.30378030984872,226594.9848899448,54205.0151100552
3693,80.21842615560814,19.781573844391858,225253.34064494763,55546.65935505236
3694,79.61684629622772,20.38315370377228,223564.10439980743,57235.895600192554
3695,80.03574766687707,19.96425233312293,224740.3794485908,56059.62055140923
3696,81.10600611217438,18.893993887825616,227745.66516298568,53054.334837014336
3697,80.39453590604145,19.605464093958545,225747.8568241644,55052.14317583558
3698,81.9725329179115,18.027467082088506,230178.87243349547,50621.12756650454
3699,80.80609757230927,19.19390242769073,226903.52198304443,53896.47801695556
3700,78.31136515030207,21.688634849697934,219898.31334204818,60901.686657951825
3701,79.97187608001579,20.02812391998421,224561.02803268435,56238.971967315665
3702,78.85119325531859,21.14880674468141,221414.15066093463,59385.84933906536
3703,79.0423940961328,20.957605903867204,221951.0426219409,58848.95737805912
3704,79.40611572918016,20.593884270819842,222972.3729675379,57827.627032462085
3705,81.7767473406463,18.223252659353705,229629.1065325348,51170.89346746522
3706,79.07632703993973,20.923672960060273,222046.32632815075,58753.673671849254
3707,80.35777863731792,19.64222136268208,225644.64241358874,55155.35758641125
3708,79.24274761761355,20.757252382386454,222513.63531025886,58286.36468974111
3709,79.92790893360731,20.072091066392687,224437.56828556932,56362.4317144307
3710,80.30258994443126,19.69741005556874,225489.67256396296,55310.32743603704
3711,77.20470334899981,22.795296651000186,216790.80700399147,64009.19299600854
3712,77.36234845179023,22.637651548209774,217233.47445262695,63566.525547373036
3713,79.26985248747255,20.730147512527452,222589.7457848229,58210.25421517709
3714,80.6243812864603,19.375618713539694,226393.2626523805,54406.737347619484
3715,80.22841473466276,19.771585265337237,225281.38857493305,55518.611425066956
3716,79.65753756605788,20.342462433942117,223678.36548549053,57121.63451450947
3717,77.34629625523328,22.653703744766716,217188.399884695,63611.600115304944
3718,78.99144897368997,21.00855102631003,221807.98871812143,58992.01128187856
3719,79.78243385188452,20.21756614811548,224029.07425609173,56770.92574390829
3720,80.49293940437698,19.507060595623017,226024.17384749057,54775.82615250943
3721,79.68396846225025,20.31603153774975,223752.5834419987,57047.416558001336
3722,80.42555655658502,19.574443443414978,225834.96281089075,54965.037189109265
3723,80.49798851738953,19.50201148261047,226038.3517568298,54761.6482431702
3724,81.15843486294007,18.84156513705993,227892.88509513572,52907.11490486429
3725,79.56980619307234,20.43019380692766,223432.01579014712,57367.98420985288
3726,79.30610481113732,20.693895188862683,222691.54230967356,58108.457690326424
3727,78.57707694459268,21.422923055407324,220644.43206041626,60155.567939583765
3728,81.49007229447301,18.50992770552699,228824.1230028802,51975.876997119805
3729,78.57208276991618,21.42791723008382,220630.40841792466,60169.59158207535
3730,79.24702755247122,20.752972447528776,222525.6533673392,58274.34663266081
3731,79.72734287411181,20.272657125888188,223874.378790506,56925.621209494006
3732,79.78428683921388,20.215713160786123,224034.27744451258,56765.7225554874
3733,79.03840801796933,20.96159198203067,221939.84971445787,58860.15028554211
3734,80.1484248610855,19.851575138914498,225056.77700992808,55743.222990071954
3735,78.93452749660685,21.065472503393153,221648.15321047202,59151.846789527975
3736,78.98940909683458,21.010590903165422,221802.2607439115,58997.73925608851
3737,80.88463764580145,19.115362354198552,227124.06250941046,53675.93749058954
3738,78.60771035347776,21.392289646522244,220730.45067256555,60069.54932743448
3739,79.82892568298318,20.171074317016817,224159.62331781676,56640.37668218321
3740,82.45685495715432,17.54314504284568,231538.84871968933,49261.151280310674
3741,80.21307458387213,19.786925416127872,225238.3134315129,55561.68656848707
3742,78.75728361668997,21.242716383310025,221150.45239566546,59649.54760433454
3743,79.36573991284746,20.63426008715254,222858.99767527566,57941.00232472432
3744,81.5516607645342,18.448339235465795,228997.06342681206,51802.93657318791
3745,81.33929601248214,18.660703987517863,228400.74320304982,52399.25679695019
3746,80.39032203967878,19.60967796032122,225736.024287418,55063.975712582
3747,78.79409842973021,21.205901570269788,221253.82839068247,59546.171609317564
3748,80.32240794406597,19.677592055934028,225545.32150693727,55254.67849306276
3749,78.8338365205849,21.166163479415104,221365.41294980238,59434.58705019761
3750,79.26975136276747,20.730248637232535,222589.46182665107,58210.538173348934
3751,78.88013520433772,21.11986479566228,221495.41965378032,59304.58034621968
3752,80.68125443285291,19.31874556714709,226552.96244745096,54247.03755254902
3753,79.23274821170705,20.767251788292953,222485.55697847338,58314.44302152662
3754,79.77326930113222,20.226730698867783,224003.34019757927,56796.659802420734
3755,79.85026124939377,20.149738750606232,224219.53358829772,56580.466411702284
3756,78.4880905867095,21.511909413290496,220394.5583674803,60405.44163251971
3757,80.30143057270887,19.698569427291133,225486.4170481665,55313.582951833465
3758,79.4498418591641,20.550158140835904,223095.15594053277,57704.84405946723
3759,80.14531594485507,19.85468405514493,225048.04717315303,55751.95282684696
3760,80.17777837243702,19.822221627562982,225139.20166980318,55660.798330196834
3761,78.98298344174731,21.017016558252692,221784.21750442643,59015.782495573556
3762,79.72639125713116,20.273608742868845,223871.70665002428,56928.293349975735
3763,80.66271847452455,19.337281525475447,226500.91347646495,54299.08652353505
3764,79.87154614303773,20.128453856962267,224279.30156964995,56520.698430350036
3765,78.69532907172606,21.304670928273936,220976.48403340677,59823.51596659324
3766,80.11668706607435,19.88331293392565,224967.65728153678,55832.34271846321
3767,79.72480375808682,20.27519624191318,223867.2489527078,56932.751047292186
3768,79.56001355600507,20.439986443994925,223404.51806526224,57395.48193473776
3769,80.29957000943656,19.700429990563435,225481.1925864979,55318.807413502094
3770,79.13560660856564,20.864393391434362,222212.78335685233,58587.216643147665
3771,79.24279769466743,20.75720230533257,222513.77592662614,58286.22407337387
3772,81.13299113201433,18.867008867985675,227821.43909869622,52978.56090130378
3773,77.32493099133012,22.67506900866988,217128.40622365498,63671.593776345035
3774,79.61814433420676,20.38185566579324,223567.7492904526,57232.25070954742
3775,81.3485202031543,18.651479796845706,228426.64473045725,52373.355269542764
3776,78.06585318867859,21.934146811321412,219208.91575380947,61591.08424619054
3777,81.05941471574381,18.940585284256187,227614.83652180864,53185.163478191374
3778,80.58600335378956,19.413996646210435,226285.49741744107,54514.502582558925
3779,80.35875048966817,19.641249510331832,225647.3713749882,55152.628625011814
3780,80.42240760998291,19.577592390017088,225826.12056883203,54973.87943116795
3781,78.08129464761723,21.918705352382773,219252.27537050916,61547.72462949085
3782,80.9633002994636,19.036699700536403,227344.9472408938,53455.052759106205
3783,78.88902071423516,21.11097928576484,221520.37016557233,59279.629834427666
3784,79.8976771551648,20.1023228448352,224352.67745170277,56447.32254829724
3785,80.01348099020485,19.986519009795146,224677.85462049523,56122.145379504764
3786,81.0344389032683,18.965561096731705,227544.7044403774,53255.29555962261
3787,80.00340405243446,19.996595947565538,224649.55857923598,56150.44142076401
3788,80.48508911268017,19.51491088731983,226002.13022840593,54797.86977159408
3789,80.14162121479264,19.858378785207364,225037.6723711377,55762.3276288623
3790,79.78474058846284,20.21525941153716,224035.55157240364,56764.44842759637
3791,79.96488634122801,20.03511365877199,224541.40084616825,56258.599153831776
3792,80.16269230790127,19.837307692098733,225096.84000058673,55703.15999941328
3793,80.5180207263038,19.481979273696197,226094.60219946105,54705.39780053894
3794,79.54465842675647,20.45534157324353,223361.40086233214,57438.59913766786
3795,80.5668088026641,19.4331911973359,226231.5991178808,54568.40088211921
3796,78.53383511024398,21.466164889756016,220523.00898956513,60276.99101043485
3797,81.33865840549444,18.661341594505558,228398.95280262837,52401.047197371605
3798,78.51407161694767,21.485928383052325,220467.51310038907,60332.48689961093
3799,79.20729050509824,20.792709494901757,222414.07173831586,58385.92826168415
3800,79.82052263864827,20.17947736135173,224136.02756932436,56663.97243067565
3801,79.71594155365432,20.284058446345682,223842.36388266133,56957.636117338654
3802,79.94855420621306,20.05144579378694,224495.5402110463,56304.45978895372
3803,79.60013386964276,20.39986613035724,223517.1759059569,57282.82409404312
3804,79.05089620936239,20.949103790637608,221974.91655588953,58825.08344411043
3805,80.75819356802194,19.241806431978063,226769.0075390056,54030.9924609944
3806,78.48657792525276,21.51342207474724,220390.31081410975,60409.68918589026
3807,79.70695501382366,20.29304498617634,223817.12967881683,56982.870321183174
3808,78.66549286678541,21.334507133214586,220892.70396993344,59907.29603006657
3809,80.57485642204199,19.42514357795801,226254.19683309388,54545.803166906124
3810,78.97014284757805,21.029857152421954,221748.16111599916,59051.83888400086
3811,80.97621803651485,19.02378196348515,227381.2202465337,53418.779753466326
3812,79.9045537847064,20.095446215293606,224371.9870274556,56428.0129725444
3813,79.88780651013992,20.112193489860076,224324.9606804729,56475.03931952709
3814,79.56533591611874,20.43466408388126,223419.46325246143,57380.53674753857
3815,80.213267841608,19.786732158392,225238.85609923527,55561.14390076472
3816,78.41108419779648,21.588915802203516,220178.32442741253,60621.675572587475
3817,80.68443063167273,19.315569368327274,226561.881213737,54238.11878626299
3818,80.80292876283121,19.197071237168785,226894.62396603005,53905.37603396994
3819,79.25504508442484,20.744954915575164,222548.16659706493,58251.833402935066
3820,80.97185796403382,19.028142035966184,227368.97716300696,53431.02283699304
3821,80.45222907231249,19.54777092768751,225909.85923505347,54890.14076494652
3822,80.57656370254888,19.42343629745112,226258.99087675728,54541.00912324272
3823,78.68776859730674,21.312231402693257,220955.25422123732,59844.74577876266
3824,81.35363183377899,18.64636816622101,228440.9981892514,52359.001810748574
3825,79.18620934787785,20.81379065212215,222354.87584884098,58445.12415115901
3826,81.36455898959932,18.635441010400683,228471.68164279487,52328.31835720512
3827,78.70515296763688,21.294847032363123,221004.06953312436,59795.93046687564
3828,79.57593386182758,20.42406613817242,223449.22228401186,57350.77771598813
3829,79.37895060194504,20.621049398054964,222896.0932902617,57903.906709738316
3830,79.81053454230027,20.189465457699725,224107.98099477915,56692.019005220856
3831,79.35837735490732,20.64162264509268,222838.32361257976,57961.676387420244
3832,77.20235189619224,22.79764810380776,216784.20412450779,64015.7958754922
3833,78.46483332829624,21.535166671703763,220329.25198585584,60470.74801414415
3834,79.61059375002465,20.38940624997535,223546.5472500692,57253.45274993078
3835,81.49021405850567,18.50978594149433,228824.5210762839,51975.47892371609
3836,80.33457560914748,19.66542439085252,225579.48831048614,55220.51168951389
3837,79.51398700860429,20.48601299139571,223275.27552016085,57524.72447983917
3838,80.75172946992002,19.248270530079978,226750.85635153542,54049.14364846458
3839,78.23601621779319,21.763983782206807,219686.73353956328,61113.266460436724
3840,79.16004327170131,20.839956728298688,222281.40150693728,58518.59849306272
3841,77.88726053170798,22.11273946829202,218707.427573036,62092.572426964005
3842,80.79232127101139,19.20767872898861,226864.83812899998,53935.161871
3843,80.28873359270284,19.71126640729716,225450.76392830958,55349.23607169044
3844,79.36979111538456,20.630208884615442,222870.37345199985,57929.626548000175
3845,78.98990533990134,21.01009466009866,221803.65419444296,58996.34580555704
3846,78.75980739307744,21.240192606922562,221157.53915976145,59642.46084023854
3847,79.3489392985662,20.651060701433806,222811.82155037386,57988.178449626124
3848,80.17666819636577,19.823331803634233,225136.0842953951,55663.91570460489
3849,78.60470877007354,21.395291229926457,220722.0222263665,60077.97777363352
3850,79.79036792123446,20.209632078765537,224051.35312282637,56748.646877173625
3851,78.8818343822176,21.118165617782395,221500.19094526704,59299.80905473296
3852,79.8786909150833,20.121309084916703,224299.36408955388,56500.63591044614
3853,79.99697726362673,20.003022736373268,224631.51215626387,56168.48784373611
3854,80.55787459251026,19.44212540748974,226206.5118557688,54593.48814423119
3855,79.82373125003647,20.176268749963526,224145.03735010244,56654.962649897556
3856,79.24348832134393,20.756511678656068,222515.71520633379,58284.28479366621
3857,81.06290437731457,18.937095622685433,227624.6354914993,53175.36450850069
3858,79.90353893418455,20.096461065815447,224369.13732719026,56430.86267280977
3859,81.52759791029924,18.472402089700765,228929.49493212026,51870.50506787976
3860,80.46653707059406,19.533462929405943,225950.03609422813,54849.96390577188
3861,79.8638766714427,20.136123328557304,224257.7656934111,56542.2343065889
3862,80.33528869452363,19.664711305476374,225581.49065422232,55218.50934577767
3863,80.13183928723465,19.868160712765345,225010.20471855492,55789.7952814451
3864,79.72630000844029,20.27369999155971,223871.45042370033,56928.549576299665
3865,80.01783092093343,19.982169079066566,224690.06922598107,56109.930774018925
3866,78.49258125601312,21.507418743986875,220407.16816688486,60392.831833115124
3867,79.89029240366295,20.109707596337046,224331.9410694856,56468.058930514395
3868,78.50432870368707,21.495671296312935,220440.1549999533,60359.84500004671
3869,80.34033693495479,19.65966306504521,225595.66611335307,55204.33388664693
3870,77.3066131986555,22.693386801344502,217076.96986182462,63723.03013817537
3871,79.84018750873855,20.159812491261448,224191.24652453783,56608.753475462174
3872,80.5412655179525,19.458734482047504,226159.87357441062,54640.126425589406
3873,80.58015630874708,19.41984369125292,226269.07891496178,54530.92108503824
3874,79.79629230527783,20.20370769472217,224067.98879322014,56732.01120677986
3875,78.17523676671144,21.824763233288564,219516.0648409257,61283.935159074295
3876,79.00114321250543,20.998856787494574,221835.21014071524,58964.78985928477
3877,80.80593239130658,19.194067608693416,226903.05815478886,53896.94184521116
3878,78.25566456860594,21.744335431394063,219741.9061086455,61058.09389135451
3879,79.8740338772886,20.125966122711404,224286.2871274264,56513.71287257361
3880,79.51588288342518,20.484117116574822,223280.59913665793,57519.40086334209
3881,78.87703266310338,21.12296733689662,221486.7077179943,59313.29228200571
3882,79.7952636362751,20.204736363724905,224065.10029066046,56734.89970933956
3883,80.36426574269686,19.63573425730314,225662.85820549278,55137.1417945072
3884,79.23244138820979,20.767558611790207,222484.69541809312,58315.304581906865
3885,79.0917844685353,20.908215531464705,222089.73078764713,58710.26921235287
3886,78.46375161981796,21.536248380182045,220326.21454844883,60473.78545155117
3887,81.22615731393722,18.77384268606278,228083.0497375357,52716.95026246429
3888,80.30882537756422,19.69117462243578,225507.18166020032,55292.818339799676
3889,81.1947677388841,18.805232261115904,227994.90781078656,52805.09218921342
3890,79.58441940390544,20.415580596094557,223473.04968616646,57326.950313833535
3891,79.44813002947,20.551869970530007,223090.34912275174,57709.65087724826
3892,78.23437127378301,21.76562872621699,219682.1145367827,61117.8854632173
3893,78.76244789667138,21.237552103328625,221164.95369385323,59635.0463061468
3894,79.75106559103554,20.24893440896446,223940.9921796278,56859.00782037219
3895,80.39374028667687,19.606259713323126,225745.62272498867,55054.377275011335
3896,80.41096258413182,19.589037415868177,225793.98293624213,55006.01706375786
3897,80.10853489254106,19.89146510745894,224944.7659782553,55855.2340217447
3898,80.13680015928831,19.863199840711687,225024.1348472816,55775.86515271841
3899,81.06677494495452,18.933225055045483,227635.50404543226,53164.495954567734
3900,80.05647266590354,19.94352733409646,224798.57524585715,56001.42475414287
3901,79.56979860654985,20.430201393450147,223431.99448719196,57368.005512808064
3902,80.09220829760518,19.907791702394817,224898.92089967534,55901.079100324634
3903,79.68956193323837,20.310438066761634,223768.28990853333,57031.71009146667
3904,80.29489704820399,19.705102951796007,225468.07091135683,55331.929088643185
3905,78.85315579995964,21.146844200040363,221419.66148628667,59380.33851371332
3906,80.12305747011494,19.876942529885056,224985.54537608277,55814.45462391723
3907,79.24687139397516,20.753128606024845,222525.21487428225,58274.785125717775
3908,81.00322921350363,18.99677078649637,227457.06763151818,53342.93236848185
3909,80.28476753647867,19.715232463521332,225439.62724243212,55360.372757567886
3910,79.25456003082009,20.745439969179913,222546.8045665428,58253.19543345721
3911,80.40483923060229,19.595160769397708,225776.78855953127,55023.211440468716
3912,80.66223652806421,19.337763471935787,226499.56017080433,54300.43982919566
3913,80.21379898854933,19.78620101145067,225240.34755984653,55559.65244015347
3914,80.91885985379366,19.081140146206337,227220.15846945258,53579.84153054742
3915,78.76748148903503,21.232518510964965,221179.0880212104,59620.911978789605
3916,78.81250819260157,21.18749180739843,221305.5230048252,59494.4769951748
3917,79.12941574800693,20.870584251993066,222195.39942040347,58604.60057959652
3918,80.94072052310143,19.059279476898567,227281.5432288688,53518.4567711312
3919,79.34276386028004,20.657236139719956,222794.48091966636,58005.51908033366
3920,78.64963418877183,21.350365811228173,220848.17280207126,59951.82719792874
3921,80.86604434239312,19.133955657606876,227071.8525134399,53728.14748656012
3922,79.50763238597443,20.492367614025568,223257.43173981618,57542.56826018382
3923,77.98349695865939,22.016503041340613,218977.65945991554,61822.34054008445
3924,77.13666755531263,22.863332444687373,216599.76249531785,64200.237504682176
3925,80.59664239293014,19.403357607069864,226315.37183934785,54484.628160652144
3926,78.5862719685552,21.413728031444805,220670.251687703,60129.748312297015
3927,79.15567005096642,20.84432994903358,222269.1215031137,58530.878496886304
3928,79.2090864940739,20.7909135059261,222419.11487535952,58380.88512464047
3929,78.47646662462412,21.523533375375877,220361.91828194453,60438.08171805549
3930,81.20822949782458,18.791770502175424,228032.70842989138,52767.29157010864
3931,79.28663940415566,20.713360595844335,222636.88344686912,58163.11655313088
3932,80.26860833061727,19.73139166938273,225394.2521923733,55405.74780762672
3933,79.39295126010909,20.607048739890914,222935.40713838633,57864.59286161365
3934,78.53233662210432,21.467663377895676,220518.80123486894,60281.198765131034
3935,79.75913126992505,20.24086873007495,223963.64060594956,56836.35939405043
3936,80.1013760356555,19.898623964344495,224924.66390812065,55875.33609187935
3937,81.43027093559635,18.569729064403646,228656.20078715455,52143.79921284546
3938,79.70353856060272,20.296461439397277,223807.53627817245,56992.46372182754
3939,79.93799101801199,20.062008981988015,224465.87877857767,56334.121221422334
3940,79.17339436360432,20.826605636395684,222318.89137300092,58481.10862699907
3941,80.22124039013411,19.778759609865887,225261.2430154966,55538.75698450339
3942,80.16701193779127,19.832988062208727,225108.96952131786,55691.030478682136
3943,79.55781778693559,20.442182213064413,223398.35234571513,57401.64765428487
3944,80.76487414689339,19.23512585310661,226787.76660447667,54012.23339552332
3945,80.3639818368865,19.636018163113505,225662.06099797727,55137.939002022744
3946,79.74978317556386,20.250216824436137,223937.39115698333,56862.60884301668
3947,81.39987503890383,18.60012496109617,228570.84910924194,52229.15089075806
3948,80.47806902777842,19.521930972221583,225982.4178300018,54817.58216999822
3949,78.56886847261687,21.43113152738313,220621.38267110818,60178.61732889181
3950,79.79692118969821,20.20307881030179,224069.75470067258,56730.24529932743
3951,78.74026147677067,21.25973852322933,221102.65422677202,59697.34577322798
3952,79.55154712798601,20.448452872013988,223380.74433538472,57419.255664615266
3953,79.71023664439927,20.289763355600726,223826.34449747315,56973.65550252687
3954,79.73021286369371,20.26978713630629,223882.43772125192,56917.56227874807
3955,77.42221281472581,22.57778718527419,217401.57358375008,63398.42641624993
3956,80.67576214921472,19.32423785078528,226537.54011499492,54262.459885005104
3957,79.31337479886254,20.68662520113746,222711.956435206,58088.04356479399
3958,79.48795183946098,20.512048160539024,223202.16876520644,57597.83123479355
3959,79.76930221299699,20.23069778700301,223992.20061409552,56807.79938590447
3960,77.74925472440164,22.250745275598362,218319.90726611984,62480.09273388019
3961,79.52306497067916,20.476935029320842,223300.766437667,57499.23356233294
3962,77.92273098852813,22.07726901147187,218807.02861578699,61992.97138421301
3963,79.77056253883461,20.22943746116539,223995.7396090476,56804.2603909524
3964,79.25788460235778,20.742115397642223,222556.13996342063,58243.86003657936
3965,79.96376859122651,20.03623140877349,224538.26220416406,56261.73779583593
3966,80.16258527629844,19.837414723701556,225096.539455846,55703.460544154004
3967,80.78080725228347,19.219192747716534,226832.50676441198,53967.49323558803
3968,78.89551867547641,21.10448132452359,221538.6164407378,59261.3835592622
3969,79.47050519666662,20.529494803333378,223153.17859223986,57646.82140776013
3970,79.01352572993078,20.986474270069223,221869.98024964563,58930.019750354375
3971,79.57005955039294,20.42994044960706,223432.72721750336,57367.27278249661
3972,80.28842679004613,19.71157320995387,225449.90242644952,55350.09757355049
3973,79.21651795575285,20.78348204424715,222439.982419754,58360.017580246014
3974,79.94198216919112,20.05801783080888,224477.08593108866,56322.914068911356
3975,78.92254920009391,21.07745079990609,221614.51815386373,59185.48184613629
3976,80.12383923343047,19.876160766569527,224987.74056747276,55812.25943252725
3977,79.75573357770993,20.244266422290067,223954.09988620947,56845.90011379053
3978,78.82458814180173,21.175411858198274,221339.44350217923,59460.556497820755
3979,79.33408098660091,20.66591901339909,222770.09941037535,58029.90058962468
3980,80.31039480773438,19.689605192265617,225511.58862011816,55288.41137988185
3981,79.81842207434032,20.18157792565968,224130.12918474764,56669.87081525236
3982,80.58918780351871,19.410812196481288,226294.43935228055,54505.56064771946
3983,80.26427975360106,19.73572024639894,225382.09754811175,55417.90245188827
3984,79.00068989593406,20.99931010406594,221833.93722778285,58966.062772217134
3985,79.60980106380484,20.390198936195162,223544.321387164,57255.678612835996
3986,80.57515848301009,19.424841516989915,226255.0450202923,54544.95497970769
3987,78.63395675917059,21.366043240829413,220804.150579751,59995.849420249
3988,78.73796235262049,21.262037647379515,221096.19828615832,59703.80171384165
3989,78.35581187972448,21.644188120275516,220023.11975826637,60776.88024173363
3990,79.07268244396157,20.92731755603843,222036.09230264404,58763.90769735592
3991,79.52496606674256,20.475033933257436,223306.10471541312,57493.89528458688
3992,80.86642223346632,19.133577766533676,227072.91363157344,53727.08636842658
3993,78.62176111904799,21.37823888095201,220769.90522228673,60030.09477771327
3994,79.31767370736557,20.68232629263443,222724.02777028253,58075.97222971748
3995,80.47936732522338,19.52063267477662,225986.06344922725,54813.936550772756
3996,79.85838703743188,20.141612962568118,224242.35080110873,56557.64919889128
3997,79.29166459696239,20.70833540303761,222650.9941882704,58149.00581172962
3998,78.60734882790548,21.392651172094517,220729.4355087586,60070.56449124139
3999,78.6900751711256,21.3099248288744,220961.73108052067,59838.26891947932
4000,78.930061133639,21.069938866361,221635.61166325829,59164.388336741715
4001,80.474834524118,19.525165475882005,225973.33534372333,54826.664656276655
4002,80.43967964208008,19.56032035791992,225874.62043496087,54925.379565039126
4003,80.40357504955752,19.596424950442483,225773.2387391575,55026.7612608425
4004,80.65264007553418,19.34735992446582,226472.61333209998,54327.38666790002
4005,80.40963062602657,19.59036937397343,225790.2427978826,55009.75720211743
4006,79.91985174795019,20.08014825204981,224414.94370824413,56385.05629175586
4007,78.94068182357086,21.059318176429144,221665.43456058696,59134.56543941304
4008,78.08750855325609,21.912491446743914,219269.72401754308,61530.27598245693
4009,80.1671336476752,19.8328663523248,225109.311282672,55690.688717328005
4010,80.51358262736515,19.486417372634847,226082.14001764136,54717.85998235861
4011,80.42439192630849,19.575608073691512,225831.6925290742,54968.30747092577
4012,81.21026963456309,18.78973036543691,228038.43713385315,52761.562866146836
4013,80.15584818852824,19.84415181147176,225077.6217133873,55722.37828661269
4014,79.97942696482868,20.020573035171324,224582.2309172389,56217.76908276111
4015,79.23122205971278,20.768777940287222,222481.27154367347,58318.72845632652
4016,80.24066563164519,19.759334368354814,225315.78909365967,55484.210906340304
4017,78.05517546881036,21.94482453118964,219178.93271641948,61621.06728358052
4018,78.99950519755703,21.000494802442972,221830.61059474014,58969.38940525988
4019,78.83344059561408,21.16655940438592,221364.30119248433,59435.69880751567
4020,78.74086681351388,21.259133186486125,221104.35401234697,59695.64598765303
4021,80.50101441453457,19.498985585465434,226046.84847601305,54753.15152398695
4022,78.61808929598263,21.381910704017372,220759.59474311923,60040.40525688078
4023,79.5500306216104,20.449969378389596,223376.485985482,57423.514014518005
4024,80.43304986618827,19.56695013381173,225856.00402425666,54943.995975743324
4025,79.99037801888971,20.009621981110286,224612.9814770423,56187.018522957704
4026,79.82269029292755,20.177309707072453,224142.11434254056,56657.88565745944
4027,79.29855496386635,20.70144503613365,222670.34233853672,58129.65766146326
4028,79.43211058317348,20.567889416826517,223045.36651755116,57754.633482448844
4029,78.42614878247464,21.57385121752536,220220.6257811888,60579.37421881119
4030,79.54230015373128,20.457699846268724,223354.7788316774,57445.22116832259
4031,79.52291842814923,20.477081571850775,223300.35494624302,57499.645053756976
4032,80.14614014739787,19.853859852602127,225050.3615338932,55749.63846610678
4033,79.4190783306332,20.580921669366802,223008.77195241803,57791.22804758196
4034,79.29568388492183,20.70431611507817,222662.2803488605,58137.71965113949
4035,79.48004058734854,20.51995941265146,223179.9539692747,57620.046030725294
4036,78.38687951731082,21.613120482689183,220110.35768460875,60689.64231539125
4037,78.08837973791759,21.91162026208241,219272.17030407258,61527.8296959274
4038,78.97685656800066,21.023143431999344,221767.01324294583,59032.98675705417
4039,80.97248857226428,19.027511427735718,227370.7479109181,53429.25208908193
4040,79.5395475184957,20.460452481504305,223347.04943193594,57452.95056806407
4041,80.93688702395198,19.063112976048018,227270.77876325714,53529.22123674287
4042,80.39081202117909,19.609187978820913,225737.40015547088,55062.599844529104
4043,79.35434356241305,20.64565643758695,222826.9967232558,57973.00327674419
4044,79.49783688794476,20.502163112055243,223229.92598134885,57570.07401865114
4045,80.08404473542642,19.915955264573583,224875.99761707737,55924.00238292264
4046,81.44454330659354,18.555456693406455,228696.27760491468,52103.72239508532
4047,80.04140273552215,19.958597264477845,224756.2588813462,56043.741118653794
4048,79.63203819097467,20.36796180902533,223606.76324025687,57193.236759743144
4049,79.16939933065412,20.830600669345884,222307.67332047678,58492.32667952322
4050,80.30667860996556,19.69332139003444,225501.1535367833,55298.846463216716
4051,80.91742454194178,19.082575458058216,227216.12811377252,53583.871886227476
4052,79.14933883372008,20.85066116627992,222251.34344508598,58548.65655491401
4053,78.97222989120408,21.02777010879592,221754.02153450105,59045.978465498934
4054,80.31916813326173,19.680831866738274,225536.2241181989,55263.7758818011
4055,80.0842751634624,19.915724836537606,224876.6446590024,55923.35534099761
4056,79.23868306664407,20.76131693335593,222502.22205113654,58297.77794886347
4057,80.6600999112787,19.339900088721294,226493.5605508706,54306.43944912941
4058,79.92324018670493,20.07675981329507,224424.45844426742,56375.54155573258
4059,79.78659672745204,20.213403272547964,224040.7636106853,56759.236389314705
4060,80.28764469746058,19.71235530253942,225447.7063104693,55352.293689530685
4061,81.45187697088976,18.548123029110243,228716.87053425843,52083.12946574156
4062,80.33961451082916,19.660385489170835,225593.63754640828,55206.36245359171
4063,80.70350031528838,19.29649968471162,226615.42888532978,54184.57111467021
4064,80.24421559286104,19.75578440713896,225325.7573847538,55474.24261524621
4065,80.62262301275457,19.377376987245427,226388.32541981482,54411.674580185165
4066,79.04026776448815,20.95973223551185,221945.0718826827,58854.92811731729
4067,79.87160174738638,20.12839825261362,224279.45770666096,56520.54229333905
4068,78.84621305583815,21.15378694416185,221400.1662607935,59399.833739206464
4069,80.04658014566289,19.953419854337113,224770.79704902138,56029.20295097862
4070,80.8873004739045,19.112699526095497,227131.53973072383,53668.46026927614
4071,78.86493645288745,21.13506354711255,221452.74155970794,59347.25844029206
4072,79.76020775695777,20.23979224304223,223966.66338153742,56833.33661846255
4073,79.26828305558313,20.731716944416874,222585.33882007742,58214.66117992258
4074,79.18938593636562,20.810614063634375,222363.7957093147,58436.20429068531
4075,81.09705258188374,18.902947418116256,227720.52364992956,53079.47635007044
4076,80.21083698399333,19.78916301600667,225232.03025105328,55567.9697489467
4077,79.63028614375021,20.36971385624979,223601.84349165056,57198.156508349435
4078,77.7575242512843,22.242475748715705,218343.1280976063,62456.87190239367
4079,80.80353263858152,19.196467361418485,226896.31964913692,53903.68035086307
4080,78.93020142505901,21.06979857494099,221636.0056015657,59163.9943984343
4081,80.23089414152167,19.769105858478326,225288.35074939285,55511.649250607166
4082,80.03924627246604,19.960753727533955,224750.20353308466,56049.796466915315
4083,79.0101218746508,20.989878125349193,221860.42222401948,58939.57777598055
4084,80.45188047028371,19.54811952971629,225908.88036055665,54891.11963944335
4085,78.52612195477111,21.473878045228886,220501.35044899728,60298.64955100272
4086,81.08595085782578,18.91404914217422,227689.35000877478,53110.64999122523
4087,77.51348942872299,22.48651057127701,217657.87831585415,63142.12168414585
4088,79.17807017154828,20.821929828451715,222332.0210417076,58467.978958292384
4089,79.08220857355013,20.917791426449867,222062.84167452878,58737.15832547123
4090,78.97484237857091,21.025157621429088,221761.35739902713,59038.642600972875
4091,79.5031656629466,20.4968343370534,223244.88918155403,57555.11081844596
4092,80.75197978217241,19.248020217827587,226751.55922834013,54048.44077165985
4093,79.21322028083382,20.786779719166177,222430.72254858137,58369.277451418646
4094,81.69870365330863,18.301296346691373,229409.95985849062,51390.04014150941
4095,79.46140573687842,20.53859426312158,223127.6273091546,57672.372690845405
4096,78.44123249766945,21.558767502330554,220262.9808534558,60537.019146544204
4097,79.15766823393218,20.842331766067815,222274.7324008816,58525.26759911843
4098,80.04342274889318,19.956577251106822,224761.93107889206,56038.06892110794
4099,79.99781613892523,20.00218386107477,224633.86771810206,56166.13228189795
4100,79.8131677852738,20.186832214726195,224115.37514104886,56684.62485895112
4101,78.96915822970927,21.030841770290735,221745.39630902364,59054.603690976364
4102,79.23863063122681,20.761369368773188,222502.0748124849,58297.92518751507
4103,79.55939240666963,20.44060759333037,223402.77387792832,57397.2261220717
4104,80.35924245636512,19.640757543634876,225648.75281747326,55151.24718252674
4105,79.61743585272012,20.38256414727988,223565.7598744381,57234.240125561875
4106,79.71086583336276,20.28913416663724,223828.11126008263,56971.88873991737
4107,80.90651083571053,19.093489164289466,227185.48242667518,53614.51757332483
4108,80.57286931291159,19.427130687088408,226248.61703065576,54551.38296934422
4109,77.6585666020265,22.341433397973503,218065.2550184904,62734.744981509604
4110,78.96001189321686,21.03998810678314,221719.71339615295,59080.28660384703
4111,80.74677919164486,19.253220808355138,226736.95597013878,54063.04402986122
4112,80.4481016036171,19.551898396382896,225898.26930295682,54901.73069704318
4113,81.00705555029828,18.992944449701724,227467.81198523758,53332.18801476242
4114,78.86572518960409,21.134274810395908,221454.9563324083,59345.043667591686
4115,79.38442300420542,20.615576995794584,222911.45979580883,57888.54020419117
4116,79.21982300429059,20.78017699570941,222449.26299604797,58350.73700395203
4117,80.06832540667,19.93167459333,224831.8577419294,55968.14225807061
4118,79.23363473220587,20.76636526779413,222488.04632803408,58311.95367196591
4119,79.99841909957837,20.00158090042163,224635.56083161608,56164.43916838391
4120,80.60467495431224,19.395325045687756,226337.92727170876,54462.07272829125
4121,80.04123768459912,19.958762315400875,224755.79541835436,56044.20458164564
4122,79.46306892310385,20.536931076896153,223132.29753607558,57667.702463924405
4123,79.77498645295994,20.225013547040064,224008.16195991152,56791.83804008847
4124,78.73629974426497,21.26370025573503,221091.52968189603,59708.47031810398
4125,80.30312281261779,19.696877187382213,225491.16885783075,55308.83114216928
4126,78.33145146595739,21.668548534042614,219954.71571640836,60845.28428359164
4127,79.77409355225123,20.22590644774877,224005.65469472145,56794.34530527853
4128,79.12110258326751,20.878897416732485,222172.0560538152,58627.94394618478
4129,79.8041522721809,20.1958477278191,224090.059580284,56709.940419716004
4130,80.29552990469396,19.704470095306036,225469.84797238064,55330.15202761933
4131,80.09897041928429,19.901029580715715,224917.9089373503,55882.091062649706
4132,78.98300427840624,21.01699572159376,221784.27601376473,59015.723986235265
4133,78.17571124182872,21.824288758171278,219517.39716705505,61282.60283294496
4134,80.04816732109236,19.951832678907635,224775.25383762736,56024.74616237263
4135,79.07994557593672,20.92005442406328,222056.4871772303,58743.512822769684
4136,79.12511044620716,20.87488955379284,222183.3101329497,58616.689867050285
4137,80.67325815270911,19.32674184729089,226530.50889280715,54269.49110719285
4138,79.5148904216061,20.485109578393903,223277.81230386993,57522.18769613006
4139,78.38340691561237,21.61659308438763,220100.60661903955,60699.39338096048
4140,79.45395013199564,20.54604986800436,223106.69197064376,57693.308029356245
4141,77.97750976230375,22.022490237696246,218960.84741254893,61839.15258745107
4142,78.13034318279375,21.86965681720625,219390.00365728483,61409.99634271516
4143,79.16320330287057,20.83679669712943,222290.2748744606,58509.725125539415
4144,80.17791557244314,19.82208442755686,225139.5869274203,55660.413072579686
4145,79.99332834258108,20.00667165741892,224621.26598596768,56178.73401403231
4146,79.35766477154398,20.64233522845602,222836.3226784955,57963.67732150448
4147,80.68478127276234,19.315218727237664,226562.8658139166,54237.134186083385
4148,78.183720356746,21.816279643254006,219539.88676174276,61260.113238257225
4149,79.1226929925259,20.8773070074741,222176.52192301274,58623.47807698726
4150,79.64193023268912,20.35806976731088,223634.54009339103,57165.45990660899
4151,79.30658537813594,20.693414621864065,222692.89174180568,58107.108258194334
4152,80.14690992639957,19.853090073600427,225052.52307333,55747.47692667002
4153,80.49351450412956,19.506485495870436,226025.7887275958,54774.21127240422
4154,80.30310312649175,19.69689687350825,225491.11357918882,55308.88642081118
4155,79.78220381508896,20.217796184911037,224028.4283127698,56771.571687230215
4156,78.90015465110119,21.09984534889881,221551.63426029214,59248.365739707864
4157,79.46205556854889,20.53794443145111,223129.45203648528,57670.547963514706
4158,78.44689828662584,21.55310171337416,220278.89038884535,60521.10961115464
4159,78.18408794416591,21.81591205583409,219540.91894721787,61259.08105278215
4160,80.24966345087249,19.75033654912751,225341.05497004994,55458.945029950046
4161,79.99021006493876,20.009789935061235,224612.50986234803,56187.490137651985
4162,80.45644133287912,19.543558667120877,225921.6872627246,54878.31273727541
4163,79.76194758932233,20.238052410677668,223971.5488308171,56828.4511691829
4164,79.86287917376843,20.137120826231566,224254.96471994175,56545.03528005825
4165,78.72613257696939,21.27386742303061,221062.98027613005,59737.019723869955
4166,78.585686262179,21.414313737821004,220668.60702419863,60131.39297580135
4167,80.80915218189995,19.190847818100053,226912.09932677506,53887.90067322495
4168,80.58238968639694,19.417610313603063,226275.3502394026,54524.649760597385
4169,79.17111335488491,20.82888664511509,222312.48630051682,58487.51369948317
4170,79.32866041959457,20.67133958040543,222754.87845822153,58045.12154177847
4171,79.91912775189243,20.080872248107568,224412.91072731395,56387.08927268605
4172,80.63766713136272,19.36233286863728,226430.56930486648,54369.430695133524
4173,80.07186622461158,19.928133775388417,224841.8003587093,55958.19964129071
4174,79.73434703575725,20.265652964242747,223894.04647640637,56905.95352359364
4175,78.04445886085254,21.955541139147456,219148.84048127395,61651.15951872604
4176,79.369207147436,20.630792852564,222868.73367000028,57931.26632999973
4177,79.03774238590239,20.96225761409761,221937.9806196139,58862.019380386104
4178,79.77432926396271,20.225670736037287,224006.31657320732,56793.68342679266
4179,79.80509128016183,20.194908719838168,224092.69631469442,56707.3036853056
4180,80.21573872940321,19.784261270596787,225245.7943521642,55554.2056478358
4181,79.55233643949042,20.447663560509582,223382.96072208908,57417.03927791091
4182,80.25096176544524,19.74903823455476,225344.70063737023,55455.29936262978
4183,81.41932176475167,18.580678235248328,228625.45551542268,52174.54448457731
4184,80.39671658875683,19.60328341124317,225753.98018122918,55046.0198187708
4185,78.80959926161404,21.19040073838596,221297.35472661222,59502.64527338778
4186,80.11402222477794,19.88597777522206,224960.17440717644,55839.82559282356
4187,77.91910153545327,22.080898464546735,218796.83711155277,62003.16288844723
4188,79.57773468248546,20.422265317514544,223454.27898841916,57345.721011580834
4189,81.15663495027385,18.843365049726145,227887.830940369,52912.16905963101
4190,79.05816834388727,20.941831656112726,221995.33670963548,58804.66329036453
4191,78.03041752616373,21.96958247383627,219109.41241346777,61690.587586532216
4192,79.73501457780941,20.26498542219059,223895.92093448885,56904.07906551116
4193,80.29270949780765,19.70729050219235,225461.92826984386,55338.07173015615
4194,81.02246192637476,18.97753807362524,227511.07308926032,53288.92691073967
4195,80.7955006552173,19.204499344782704,226873.76583985018,53926.23416014983
4196,78.69493703906089,21.30506296093911,220975.38320568297,59824.616794317015
4197,78.91051569374065,21.08948430625935,221580.72806802375,59219.27193197625
4198,80.3235786438668,19.676421356133204,225548.60883197794,55251.39116802208
4199,78.72064704479742,21.279352955202583,221047.57690179115,59752.42309820886
4200,82.15975678181917,17.84024321818083,230704.59704334824,50095.402956651735
4201,80.52454921718885,19.47545078281115,226112.93420186627,54687.06579813373
4202,80.88159896337152,19.118401036628484,227115.5298891472,53684.47011085278
4203,77.91081481850769,22.08918518149231,218773.5680103696,62026.43198963038
4204,79.38233306224976,20.617666937750244,222905.59123879732,57894.40876120267
4205,79.14270768156096,20.857292318439036,222232.72316982318,58567.27683017684
4206,78.74304750780664,21.256952492193363,221110.47740192106,59689.52259807895
4207,79.56027220010142,20.439727799898577,223405.2443378848,57394.75566211519
4208,78.82450985229339,21.17549014770661,221339.22366523984,59460.776334760165
4209,79.70111899817257,20.298881001827425,223800.74214686858,56999.25785313143
4210,79.63817242690129,20.361827573098708,223623.98817473886,57176.01182526115
4211,79.53711565286088,20.462884347139124,223340.22075323336,57459.77924676667
4212,79.18316948509504,20.816830514904964,222346.33991414687,58453.66008585311
4213,78.9234847013298,21.076515298670202,221617.14504133406,59182.854958665965
4214,80.24008658557817,19.75991341442183,225314.16313230348,55485.836867696504
4215,80.57041529144588,19.429584708554117,226241.72613838004,54558.273861619964
4216,80.02275236323597,19.977247636764034,224703.88863596658,56096.11136403344
4217,79.320040292887,20.679959707113,222730.6731424267,58069.32685757328
4218,80.60126630275441,19.39873369724559,226328.35577813437,54471.644221865645
4219,78.14281375350843,21.857186246491565,219425.02101985167,61374.97898014836
4220,79.67721355771764,20.322786442282364,223733.6156700711,57066.38432992888
4221,78.2154036838628,21.784596316137197,219628.85354428674,61171.14645571324
4222,77.39123570807965,22.60876429192035,217314.58986828767,63485.41013171231
4223,80.04708856842984,19.952911431570158,224772.22470015098,56027.775299849
4224,79.10165931131479,20.89834068868521,222117.45934617193,58682.54065382804
4225,80.14287663893829,19.85712336106171,225041.1976021387,55758.80239786127
4226,81.90789589842437,18.09210410157563,229997.3716827756,50802.6283172244
4227,78.2762583086464,21.723741691353595,219799.7333306791,61000.2666693209
4228,79.20722239582739,20.792777604172613,222413.8804874833,58386.11951251669
4229,80.26043053770825,19.739569462291755,225371.28894988477,55428.711050115235
4230,77.6751893758218,22.3248106241782,218111.93176730763,62688.068232692356
4231,77.70157978409468,22.298420215905324,218186.03603373785,62613.963966262134
4232,80.55900493708408,19.440995062915917,226209.68586333212,54590.31413666787
4233,79.58479533832833,20.415204661671666,223474.10531002597,57325.89468997404
4234,79.31897226648638,20.681027733513616,222727.6741242938,58072.325875706214
4235,79.27873191312209,20.721268086877913,222614.6792120468,58185.32078795321
4236,80.72431738756,19.275682612439994,226673.8832242685,54126.11677573149
4237,81.13526230672025,18.86473769327975,227827.81655727047,52972.18344272952
4238,80.49336078809674,19.506639211903263,226025.35709297564,54774.64290702436
4239,79.92576837002763,20.074231629972374,224431.5575830376,56368.442416962396
4240,80.92960979302858,19.070390206971425,227250.34429882426,53549.65570117574
4241,80.32647676688734,19.67352323311266,225556.74676141964,55243.25323858036
4242,79.39905673528187,20.600943264718126,222952.55131267148,57847.448687328535
4243,78.93445141235928,21.06554858764072,221647.93956590485,59152.060434095154
4244,79.58735460409078,20.412645395909223,223481.2917282869,57318.70827171311
4245,79.27995050513775,20.720049494862252,222618.10101842677,58181.898981573206
4246,79.80901371178614,20.190986288213864,224103.71050269547,56696.28949730451
4247,79.09270918572699,20.90729081427301,222092.32739352138,58707.67260647863
4248,80.50536907703837,19.494630922961633,226059.07636832373,54740.923631676276
4249,78.68534723024653,21.314652769753465,220948.4550225323,59851.544977467696
4250,79.82086994218383,20.179130057816167,224137.0027976522,56662.99720234779
4251,78.6085934364812,21.3914065635188,220732.93036963922,60067.069630360784
4252,79.26711349702683,20.732886502973173,222582.05469965134,58217.945300348656
4253,79.53385308286764,20.466146917132363,223331.0594566923,57468.94054330766
4254,79.78737533031571,20.21262466968429,224042.94992752653,56757.05007247346
4255,80.65700748185762,19.34299251814238,226484.8770090562,54315.12299094381
4256,82.10007956066664,17.899920439333357,230537.02340635192,50262.9765936481
4257,79.36353635866885,20.636463641331147,222852.81009514214,57947.18990485788
4258,80.51904510778616,19.480954892213845,226097.47866266352,54702.52133733649
4259,78.93091954098608,21.069080459013918,221638.02207108893,59161.977928911074
4260,80.82379435348534,19.17620564651466,226953.21454458684,53846.78545541316
4261,81.73534765614735,18.264652343852646,229512.8562184618,51287.14378153821
4262,80.47353715537572,19.526462844624277,225969.692332295,54830.307667705
4263,79.84927038865997,20.150729611340026,224216.7512513572,56583.248748642785
4264,79.30441448459734,20.695585515402655,222686.79587274932,58113.20412725068
4265,78.82217615873115,21.177823841268847,221332.67065371707,59467.32934628292
4266,79.58247926580687,20.417520734193133,223467.6017783857,57332.398221614305
4267,79.49549524671585,20.504504753284152,223223.3506527781,57576.6493472219
4268,77.55129092278105,22.44870907721895,217764.02491116917,63035.97508883082
4269,80.19865487330922,19.801345126690777,225197.82288425232,55602.177115747676
4270,79.46906090277083,20.530939097229165,223149.12301498052,57650.87698501947
4271,79.95090793074709,20.049092069252907,224502.14946953784,56297.850530462165
4272,77.66299065884698,22.33700934115302,218077.67777004233,62722.32222995766
4273,78.34269343734083,21.657306562659173,219986.28317205305,60813.71682794696
4274,78.850348378989,21.149651621011003,221411.7782482011,59388.22175179892
4275,78.27954458145253,21.720455418547473,219808.9611847187,60991.038815281296
4276,79.79863416933046,20.201365830669545,224074.56474747995,56725.435252520074
4277,79.6846262896424,20.315373710357605,223754.43062131584,57045.569378684166
4278,79.99518004081354,20.004819959186463,224626.46555460442,56173.53444539558
4279,80.32249139512534,19.67750860487466,225545.55583751196,55254.44416248801
4280,79.00041969433964,20.99958030566036,221833.1785017057,58966.82149829432
4281,80.78201916852832,19.217980831471678,226835.9098252275,53964.0901747725
4282,81.02984246870406,18.97015753129594,227531.797652121,53268.202347879014
4283,80.56112095920902,19.43887904079098,226215.62765345894,54584.372346541044
4284,78.09322449728246,21.906775502717537,219285.77438836917,61514.22561163084
4285,80.040590880327,19.959409119672998,224753.9791919582,56046.0208080418
4286,80.30644542288236,19.693554577117638,225500.49874745368,55299.50125254633
4287,80.17647431620136,19.823525683798636,225135.53987989342,55664.46012010658
4288,78.29360658954762,21.706393410452378,219848.44730344974,60951.55269655028
4289,79.19041058806349,20.809589411936514,222366.67293128226,58433.327068717736
4290,79.60083823897197,20.399161761028026,223519.1537750333,57280.84622496668
4291,80.02162159386312,19.978378406136883,224700.71343556762,56099.286564432376
4292,80.3335027447495,19.666497255250505,225576.47570725658,55223.524292743416
4293,79.05330205908129,20.94669794091871,221981.67218190024,58818.32781809973
4294,79.68793088262582,20.31206911737418,223763.7099184133,57036.29008158668
4295,79.95247903045761,20.04752096954239,224506.56111752498,56293.43888247501
4296,79.40046141147282,20.59953858852718,222956.4956434157,57843.50435658432
4297,79.42310850403604,20.576891495963963,223020.08867933322,57779.9113206668
4298,79.43044053618729,20.56955946381271,223040.6770256139,57759.322974386094
4299,78.15087125732373,21.84912874267627,219447.64649056504,61352.35350943499
4300,82.20039249057635,17.79960750942365,230818.70211353837,49981.297886461616
4301,79.43094360418434,20.569056395815664,223042.08964054962,57757.91035945039
4302,79.0754345523086,20.924565447691407,222043.82022288255,58756.17977711743
4303,78.8236791666786,21.176320833321398,221336.89110003354,59463.10889996648
4304,78.84992675537191,21.15007324462809,221410.59432908433,59389.4056709157
4305,79.52984507118893,20.47015492881107,223319.80495989852,57480.19504010146
4306,79.86395294500848,20.136047054991522,224257.9798695838,56542.02013041621
4307,80.09807470028876,19.901925299711237,224915.39375841082,55884.60624158918
4308,79.42157518650245,20.57842481349755,223015.7831236989,57784.216876301085
4309,79.10023935405871,20.899760645941285,222113.47210619686,58686.527893803155
4310,78.61059132092575,21.38940867907425,220738.5404291595,60061.459570840496
4311,80.00654890168609,19.993451098313912,224658.38931593456,56141.61068406543
4312,80.41659716526188,19.583402834738123,225809.80484005535,54990.19515994466
4313,80.86374480935898,19.136255190641023,227065.39542468,53734.60457531999
4314,79.3102249530509,20.689775046949094,222703.11166816688,58096.888331833085
4315,81.32414536775816,18.675854632241837,228358.20019266492,52441.799807335105
4316,78.86511792212379,21.134882077876213,221453.2511253236,59346.7488746764
4317,80.91186688114529,19.088133118854714,227200.52220225596,53599.47779774406
4318,78.1332185248263,21.866781475173696,219398.07761771223,61401.92238228778
4319,80.87633763887978,19.123662361120225,227100.7560899744,53699.24391002559
4320,79.72104857279666,20.27895142720334,223856.70439241303,56943.29560758699
4321,78.07232975447212,21.927670245527878,219227.10195055773,61572.898049442265
4322,80.38699995902977,19.613000040970235,225726.69588495555,55073.30411504445
4323,78.97340420888881,21.02659579111119,221757.31901855976,59042.68098144022
4324,79.91741776108967,20.082582238910334,224408.10907313979,56391.89092686021
4325,79.55651440920172,20.443485590798275,223394.69246103844,57405.307538961555
4326,79.54903018491895,20.450969815081052,223373.67675925238,57426.32324074761
4327,77.90559300777566,22.094406992224336,218758.90516583406,62041.094834165946
4328,81.47103423636312,18.528965763636876,228770.66413570766,52029.33586429234
4329,80.61829925109686,19.381700748903143,226376.18429707998,54423.81570292003
4330,81.32688154178351,18.673118458216493,228365.8833693281,52434.11663067188
4331,80.66759231724636,19.33240768275364,226514.5992268278,54285.4007731722
4332,80.6171646181167,19.382835381883297,226372.99824767173,54427.001752328266
4333,80.16242771659442,19.837572283405578,225096.09702819714,55703.902971802876
4334,79.24793848536773,20.752061514632274,222528.21126691258,58271.78873308743
4335,79.73638621119899,20.26361378880101,223899.7724810468,56900.22751895321
4336,79.75874803581918,20.24125196418082,223962.56448458027,56837.435515419726
4337,78.77902342996805,21.22097657003195,221211.4977913503,59588.50220864972
4338,80.06647890416112,19.933521095838884,224826.6727628844,55973.327237115576
4339,80.11808554388662,19.88191445611338,224971.58420723362,55828.41579276639
4340,80.64383914345285,19.35616085654715,226447.90031481558,54352.09968518442
4341,78.08058254217815,21.91941745782185,219250.27577843625,61549.72422156377
4342,79.18714718787044,20.812852812129563,222357.50930354017,58442.49069645981
4343,81.4246590802155,18.575340919784495,228640.44269724516,52159.55730275481
4344,80.51313861118145,19.486861388818554,226080.8932201975,54719.106779802496
4345,79.72877686390699,20.271223136093013,223878.40543385083,56921.59456614917
4346,80.19196221487366,19.808037785126345,225179.02989936524,55620.97010063476
4347,79.72975650309259,20.270243496907412,223881.156260684,56918.84373931601
4348,78.85044462504554,21.14955537495446,221412.04850712785,59387.95149287217
4349,80.93573176748863,19.064268232511367,227267.5348031081,53532.465196891906
4350,79.7871459666542,20.212854033345806,224042.30587436497,56757.69412563501
4351,79.49355040784214,20.506449592157864,223217.88954522074,57582.110454779264
4352,80.84830254760254,19.151697452397457,227022.03355366795,53777.96644633208
4353,79.34210930971827,20.657890690281732,222792.6429416889,58007.35705831113
4354,79.80578720400798,20.194212795992016,224094.6504688544,56705.34953114559
4355,79.6280545457564,20.3719454542436,223595.57716448396,57204.422835516045
4356,81.5030800157479,18.496919984252102,228860.6486842201,51939.3513157799
4357,81.58454876823006,18.415451231769936,229089.41294119,51710.58705881001
4358,80.04635599782956,19.953644002170435,224770.16764190543,56029.83235809459
4359,80.19522677651145,19.804773223488553,225188.19678844413,55611.803211555874
4360,81.12938553995565,18.87061446004435,227811.31459619547,52988.68540380453
4361,78.69019830566575,21.309801694334254,220962.0768423094,59837.92315769057
4362,80.2121619841214,19.787838015878606,225235.7508514129,55564.2491485871
4363,79.16732782512558,20.832672174874418,222301.85653295266,58498.14346704735
4364,80.46220051260352,19.537799487396484,225937.85903939066,54862.140960609366
4365,78.64692871171138,21.353071288288618,220840.57582248555,59959.42417751446
4366,79.43973432491528,20.56026567508472,223066.7739843621,57733.22601563789
4367,79.0685036014727,20.9314963985273,222024.35811293533,58775.64188706466
4368,80.56237874125993,19.437621258740066,226219.15950545788,54580.84049454212
4369,78.57491776243234,21.425082237567665,220638.36907690996,60161.63092309001
4370,80.70993573539143,19.290064264608574,226633.49954497913,54166.5004550209
4371,80.06239974446278,19.93760025553722,224815.2184824515,55984.7815175485
4372,81.0938619598675,18.906138040132504,227711.56438330794,53088.43561669204
4373,80.72669277002376,19.27330722997624,226680.55329822673,54119.446701773275
4374,79.18794132043958,20.812058679560423,222359.73922779434,58440.26077220565
4375,78.99117218884875,21.00882781115125,221807.2115062873,58992.788493712695
4376,77.65900808792476,22.34099191207524,218066.49471089273,62733.50528910724
4377,79.70533095194719,20.29466904805281,223812.5693130677,56987.4306869323
4378,78.31303675620912,21.686963243790885,219903.00721143518,60896.99278856482
4379,79.17687557839955,20.823124421600454,222328.66662414593,58471.33337585404
4380,79.93813757131868,20.061862428681323,224466.29030026286,56333.70969973714
4381,78.27999519939462,21.72000480060538,219810.22651990008,60989.7734800999
4382,81.69991828486823,18.300081715131768,229413.37054391,51386.62945609002
4383,79.12439760839403,20.875602391605966,222181.30848437047,58618.69151562953
4384,80.4017278152091,19.5982721847909,225768.05170510715,55031.94829489282
4385,79.1736648535314,20.826335146468594,222319.6509087162,58480.34909128377
4386,82.11605010161212,17.883949898387883,230581.86868532683,50218.131314673185
4387,79.64364577095621,20.356354229043788,223639.357324845,57160.64267515499
4388,78.40658973557152,21.593410264428485,220165.70397748478,60634.296022515206
4389,80.92301989810781,19.07698010189219,227231.83987388673,53568.16012611326
4390,80.85572629860036,19.14427370139964,227042.8794464698,53757.1205535302
4391,80.33256275602761,19.667437243972387,225573.83621892554,55226.16378107446
4392,78.51704920713229,21.48295079286771,220475.87417362747,60324.12582637254
4393,79.8745051525737,20.125494847426296,224287.61046842695,56512.38953157306
4394,78.80601980374806,21.193980196251943,221287.30360892456,59512.69639107542
4395,80.55833017565305,19.441669824346945,226207.79113323375,54592.20886676625
4396,79.07993286017393,20.920067139826074,222056.4514713684,58743.5485286316
4397,81.25333005059576,18.746669949404236,228159.3507820729,52640.649217927086
4398,79.53045789427377,20.469542105726234,223321.52576712074,57478.47423287928
4399,78.36736261284088,21.63263738715912,220055.55421685718,60744.445783142815
4400,80.85681195375894,19.143188046241065,227045.92796615508,53754.07203384491
4401,79.39340360473942,20.60659639526058,222936.6773221083,57863.322677891716
4402,78.80439783037204,21.19560216962796,221282.74910768468,59517.25089231534
4403,80.96177734014852,19.038222659851485,227340.67077113705,53459.32922886292
4404,80.47874163862897,19.521258361371025,225984.30652127013,54815.69347872984
4405,79.86387950512332,20.13612049487668,224257.7736503863,56542.226349613666
4406,78.91758305782534,21.08241694217466,221600.57322637358,59199.42677362642
4407,80.91062510434843,19.089374895651574,227197.0352930104,53602.96470698957
4408,81.52292391087603,18.47707608912397,228916.3703417399,51883.62965826011
4409,78.98196265970464,21.018037340295365,221781.35114845063,59018.648851549384
4410,80.40166186561805,19.598338134381947,225767.86651865547,55032.13348134453
4411,79.71373381119894,20.286266188801065,223836.1645418466,56963.83545815339
4412,79.71997888315448,20.280021116845518,223853.7007038978,56946.29929610221
4413,78.49076473187235,21.509235268127654,220402.06736709754,60397.93263290249
4414,79.28395687047795,20.71604312952205,222629.35089230209,58170.6491076979
4415,80.55020983431524,19.44979016568476,226184.9892147572,54615.01078524281
4416,79.95180467884532,20.04819532115468,224504.66753819765,56295.33246180235
4417,79.8544107184655,20.145589281534498,224231.1852974511,56568.814702548916
4418,78.83831646106533,21.161683538934668,221377.99262267147,59422.00737732853
4419,79.35826348410863,20.641736515891367,222838.00386337706,57961.99613662294
4420,79.66878552122432,20.331214478775678,223709.9497435979,57090.05025640207
4421,79.89521090572012,20.10478909427988,224345.7522232621,56454.24777673789
4422,77.99475982352028,22.005240176479717,219009.28558444494,61790.71441555506
4423,79.11875169006048,20.881248309939522,222165.4547456898,58634.5452543102
4424,79.76419281527157,20.23580718472843,223977.85342528258,56822.14657471741
4425,78.86962232049555,21.13037767950445,221465.8994759515,59334.10052404849
4426,78.66288820023965,21.33711179976035,220885.39006627296,59914.60993372704
4427,78.670671012311,21.329328987688996,220907.24420256927,59892.75579743074
4428,78.99575204455648,21.004247955443518,221820.0717411146,58979.92825888541
4429,78.018374446997,21.981625553003,219075.59544716758,61724.404552832435
4430,78.64249380744027,21.357506192559725,220828.1226112923,59971.87738870771
4431,81.14772091696612,18.852279083033878,227862.8003348409,52937.199665159125
4432,77.7514648051202,22.248535194879807,218326.11317277752,62473.886827222464
4433,81.83768927994527,18.162310720054734,229800.2314980863,50999.768501913684
4434,78.00660701394163,21.993392986058367,219042.5524951481,61757.44750485191
4435,79.57505395839907,20.424946041600933,223446.7515151846,57353.248484815405
4436,80.00588183325557,19.99411816674443,224656.5161877816,56143.48381221838
4437,78.43578660583994,21.564213394160063,220247.68878919852,60552.311210801476
4438,79.9968477858339,20.003152214166093,224631.1485826216,56168.85141737842
4439,79.44720054772388,20.55279945227612,223087.73913800868,57712.26086199131
4440,80.79187053638492,19.20812946361508,226863.57246616884,53936.42753383117
4441,79.16412050504317,20.835879494956828,222292.85037816124,58507.14962183876
4442,79.77261531959915,20.227384680400846,224001.50381743445,56798.49618256555
4443,78.68589524582414,21.314104754175858,220949.9938502742,59850.0061497258
4444,79.87272422285635,20.12727577714365,224282.60961778063,56517.39038221935
4445,79.38207719328783,20.617922806712173,222904.8727587522,57895.127241247814
4446,80.85264863640165,19.147351363598347,227034.23737101583,53765.76262898419
4447,79.25163552677496,20.74836447322504,222538.59255918406,58261.407440815965
4448,80.24884015846922,19.75115984153078,225338.7431649816,55461.2568350184
4449,79.77573991058337,20.22426008941663,224010.27766891808,56789.72233108194
4450,78.10624073977392,21.893759260226076,219322.3239972852,61477.67600271481
4451,79.2966983472079,20.703301652792106,222665.12895895977,58134.871041040205
4452,79.57849331085083,20.42150668914917,223456.40921686913,57343.59078313089
4453,80.95980405037271,19.04019594962729,227335.12977344656,53464.87022655342
4454,79.13524530128649,20.86475469871351,222211.76880601246,58588.23119398752
4455,79.7728813649858,20.227118635014193,224002.25087288013,56797.74912711985
4456,79.52074244665262,20.47925755334738,223294.24479020058,57505.75520979943
4457,79.44368998023312,20.556310019766883,223077.88146449457,57722.11853550545
4458,82.54146656314366,17.458533436856342,231776.4381093074,49023.561890692596
4459,79.69588805536478,20.304111944635224,223786.0536594643,57013.94634053573
4460,80.07193307371962,19.92806692628038,224841.9880710047,55958.011928995315
4461,79.14869290173921,20.85130709826079,222249.5296680837,58550.47033191627
4462,79.35930271446507,20.640697285534927,222840.92202221794,57959.07797778204
4463,77.15459027856531,22.84540972143469,216650.08950221137,64149.91049778864
4464,80.5136963574175,19.4863036425825,226082.45937162836,54717.54062837163
4465,79.42530139032804,20.574698609671955,223026.24630404112,57773.753695958876
4466,78.89101164943256,21.108988350567444,221525.9607116066,59274.039288393404
4467,79.85656334036675,20.143436659633252,224237.22985974984,56562.77014025014
4468,80.8782023515906,19.121797648409398,227105.99220326642,53694.00779673357
4469,80.72189149222547,19.278108507774533,226667.07131016912,54132.92868983086
4470,79.08984056030638,20.910159439693615,222084.2722933403,58715.72770665971
4471,79.81675173275922,20.183248267240785,224125.43886558787,56674.561134412135
4472,78.9219760499411,21.078023950058906,221612.90874823462,59187.09125176535
4473,78.58747254325522,21.412527456744783,220673.62290146062,60126.37709853937
4474,79.27807097895264,20.72192902104736,222612.823308899,58187.17669110102
4475,80.07488184648054,19.925118153519463,224850.26822491735,55949.73177508263
4476,78.80938778121184,21.19061221878816,221296.76088964284,59503.23911035716
4477,78.16294110098315,21.837058899016853,219481.53861156065,61318.46138843938
4478,80.18257844224308,19.817421557756916,225152.6802658186,55647.31973418141
4479,80.842667574082,19.157332425918,227006.21054802227,53793.78945197775
4480,79.2020352005278,20.797964799472197,222399.31484308204,58400.685156917985
4481,80.16674975808556,19.833250241914442,225108.23332070425,55691.76667929572
4482,79.41807244157928,20.581927558420716,223005.9474159546,57794.05258404536
4483,77.17807141396884,22.821928586031163,216716.0245304245,64083.9754695755
4484,79.66263128311843,20.33736871688157,223692.66864299652,57107.331357003466
4485,79.96393509214089,20.036064907859114,224538.72973873164,56261.27026126837
4486,80.79124224814305,19.20875775185695,226861.80823278567,53938.19176721434
4487,79.07174138118874,20.928258618811256,222033.449798378,58766.55020162203
4488,79.87116503992924,20.128834960070762,224278.2314321213,56521.76856787869
4489,79.7681368561626,20.2318631438374,223988.92829210457,56811.071707895426
4490,80.60991233536431,19.390087664635686,226352.633837703,54447.366162296996
4491,80.7633822204092,19.2366177795908,226783.577274909,54016.422725091004
4492,80.72202923260957,19.27797076739043,226667.4580851677,54132.54191483233
4493,80.96574424643786,19.034255753562135,227351.80984399753,53448.190156002485
4494,79.9410948588486,20.0589051411514,224474.59436364684,56325.405636353156
4495,79.10192512364776,20.89807487635224,222118.2057472029,58681.79425279709
4496,80.66621532182216,19.333784678177835,226510.73262367665,54289.267376323354
4497,79.84808894964013,20.15191105035987,224213.43377058947,56586.56622941051
4498,79.35224447058094,20.647755529419058,222821.1024733913,57978.89752660869
4499,78.54691959510957,21.45308040489043,220559.7502230677,60240.249776932265
4500,79.4105487558254,20.589451244174597,222984.82090635772,57815.179093642306
4501,79.07257087261773,20.92742912738227,222035.7790103106,58764.22098968942
4502,78.82800580602805,21.171994193971955,221349.04030332674,59450.959696673264
4503,80.75519486343255,19.24480513656745,226760.58717651857,54039.412823481456
4504,81.23731468244638,18.76268531755362,228114.37962830946,52685.62037169054
4505,80.4895053388558,19.510494661144193,226014.5309915071,54785.46900849291
4506,78.100439279455,21.899560720544997,219306.03349670966,61493.96650329036
4507,80.38343920919483,19.616560790805167,225716.6972994191,55083.30270058092
4508,78.93623922313752,21.06376077686248,221652.95973857015,59147.040261429844
4509,79.95258187786956,20.047418122130438,224506.84991305775,56293.15008694226
4510,81.97149704303037,18.028502956969632,230175.96369682928,50624.03630317071
4511,77.31106535280755,22.688934647192454,217089.4715106836,63710.52848931639
4512,79.7788208700012,20.221179129998802,224018.92900296336,56781.07099703663
4513,80.89124984264087,19.108750157359125,227142.62955813558,53657.37044186442
4514,81.1692389044709,18.8307610955291,227923.2228437543,52876.77715624568
4515,78.89217062053265,21.107829379467347,221529.2151024557,59270.7848975443
4516,80.19740774852066,19.80259225147934,225194.320957846,55605.679042154006
4517,80.98355009630474,19.01644990369526,227401.8086704237,53398.1913295763
4518,80.41648873687453,19.583511263125473,225809.50037314367,54990.499626856326
4519,78.96831010566362,21.03168989433638,221743.01477670344,59056.98522329655
4520,81.57520213378531,18.42479786621469,229063.16759166913,51736.83240833088
4521,81.7393051054255,18.2606948945745,229523.96873603482,51276.03126396518
4522,78.08883641224433,21.911163587755667,219273.4526455821,61526.5473544179
4523,79.02739953820598,20.972600461794016,221908.9379032824,58891.06209671759
4524,78.314990179226,21.685009820774,219908.4924232666,60891.507576733406
4525,79.3026991809023,20.697300819097705,222681.97929997364,58118.02070002635
4526,79.78670273174195,20.213297268258046,224041.0612707314,56758.938729268586
4527,79.36560799414568,20.634392005854323,222858.62724756106,57941.37275243897
4528,79.92830061055672,20.071699389443282,224438.66811444325,56361.33188555675
4529,80.13142161609633,19.868578383903667,225009.0318979985,55790.96810200151
4530,79.03854477050594,20.961455229494064,221940.23371558066,58859.766284419355
4531,78.22660770816313,21.77339229183687,219660.31444452208,61139.6855554779
4532,79.24916146530111,20.750838534698886,222531.6453945655,58268.35460543449
4533,80.42702063202552,19.572979367974483,225839.07393472764,54960.926065272346
4534,79.00581526970268,20.99418473029732,221848.3292773251,58951.6707226749
4535,80.01629976907995,19.98370023092005,224685.76975157647,56114.230248423504
4536,80.10043088789084,19.899569112109162,224922.00993319746,55877.99006680252
4537,78.52265797950166,21.47734202049834,220491.62360644067,60308.376393559316
4538,77.46895655135214,22.531043448647864,217532.82999619682,63267.17000380317
4539,79.55111646797442,20.448883532025576,223379.53504207218,57420.464957927805
4540,80.6756089466086,19.324391053391395,226537.10992207695,54262.890077923046
4541,79.12177431630349,20.878225683696513,222173.94228018017,58626.057719819844
4542,78.70974440778572,21.29025559221428,221016.9622970623,59783.0377029377
4543,79.3263227079369,20.673677292063104,222748.31416388683,58051.68583611318
4544,81.15064732689171,18.849352673108285,227871.01769391194,52928.982306088066
4545,79.10027139541302,20.899728604586983,222113.56207831978,58686.437921680226
4546,79.6364302720807,20.363569727919298,223619.09620400262,57180.903795997365
4547,80.40827099799768,19.591729002002324,225786.42496237747,55013.575037622504
4548,80.01557526628422,19.984424733715784,224683.7353477261,56116.264652273916
4549,79.15069937387108,20.849300626128922,222255.16384182998,58544.83615817004
4550,78.50940956898992,21.490590431010077,220454.42206972372,60345.5779302763
4551,80.47932659304684,19.520673406953165,225985.9490732755,54814.05092672452
4552,79.77122788324826,20.228772116751742,223997.6078961611,56802.392103838916
4553,80.18143918688224,19.818560813117756,225149.48123676534,55650.51876323466
4554,80.35876393748447,19.64123606251553,225647.40913645638,55152.59086354359
4555,79.76992581171078,20.230074188289223,223993.9516792839,56806.048320716094
4556,80.03310274737497,19.96689725262503,224732.95251462888,56067.047485371135
4557,79.23410545953674,20.765894540463265,222489.36813037918,58310.63186962081
4558,79.21326657298219,20.786733427017808,222430.852536934,58369.14746306601
4559,79.6415904542295,20.3584095457705,223633.58599547646,57166.41400452354
4560,78.14727200084575,21.852727999154254,219437.53977837486,61362.460221625144
4561,79.13803104850918,20.861968951490823,222219.59118421376,58580.40881578622
4562,79.39948000836708,20.600519991632922,222953.7398634948,57846.26013650521
4563,79.72946736593265,20.27053263406735,223880.34436353887,56919.655636461124
4564,79.40469692436912,20.59530307563088,222968.3889636285,57831.61103637153
4565,77.72309478699573,22.27690521300427,218246.45016188401,62553.549838115985
4566,79.38770340737632,20.61229659262368,222920.67116791272,57879.32883208728
4567,79.1800142108024,20.819985789197602,222337.47990393313,58462.52009606688
4568,79.24654237866919,20.75345762133081,222524.2909993031,58275.70900069691
4569,79.17086387763689,20.82913612236311,222311.78576840437,58488.21423159564
4570,78.46099302953775,21.539006970462253,220318.468426942,60481.53157305797
4571,80.2339529186871,19.766047081312905,225296.93979567336,55503.06020432664
4572,79.9288519505515,20.071148049448496,224440.21627714863,56359.78372285136
4573,80.70371694547296,19.296283054527038,226616.03718288807,54183.96281711193
4574,79.53040760001434,20.469592399985657,223321.38454084028,57478.615459159715
4575,79.32740187812163,20.672598121878366,222751.34447376552,58048.65552623449
4576,79.54419920642594,20.455800793574056,223360.11137164407,57439.88862835593
4577,79.46954981946944,20.530450180530565,223150.49589307015,57649.50410692983
4578,79.44515513272904,20.55484486727096,223081.99561270315,57718.00438729684
4579,79.26767700314834,20.732322996851664,222583.63702484054,58216.36297515944
4580,79.63626367853263,20.36373632146737,223618.62840931962,57181.371590680385
4581,78.840544176799,21.159455823201,221384.24804845158,59415.75195154842
4582,79.65242245598446,20.347577544015536,223664.00225640438,57135.99774359561
4583,81.44633087223157,18.55366912776843,228701.29708922625,52098.702910773754
4584,79.95503132439083,20.04496867560917,224513.72795888945,56286.272041110555
4585,78.25868663505801,21.741313364941988,219750.3920712429,61049.60792875709
4586,81.26220679253159,18.737793207468414,228184.2766734287,52615.72332657131
4587,78.97491882804371,21.025081171956288,221761.57206914676,59038.42793085326
4588,79.25963677525775,20.740363224742254,222561.06006492375,58238.939935076254
4589,77.94092231007154,22.059077689928458,218858.1098466809,61941.89015331912
4590,80.68329910645498,19.31670089354502,226558.7038909256,54241.29610907441
4591,82.33177226397927,17.668227736020725,231187.6165172538,49612.3834827462
4592,80.43770044822143,19.562299551778565,225869.0628586058,54930.93714139423
4593,77.74222436172323,22.25777563827677,218300.16600771883,62499.83399228116
4594,79.22986105001067,20.77013894998933,222477.44982842996,58322.55017157007
4595,80.58753155830655,19.41246844169345,226289.78861572477,54510.211384275215
4596,80.58045783550946,19.419542164490537,226269.9256021106,54530.0743978894
4597,80.88257816285186,19.117421837148143,227118.27948128802,53681.72051871196
4598,80.91391987501855,19.08608012498145,227206.2870090521,53593.71299094791
4599,80.6263128829776,19.3736871170224,226398.6865754011,54401.31342459889
4600,79.51413549301654,20.48586450698346,223275.69246439042,57524.307535609565
4601,78.79922907685543,21.200770923144574,221268.23524781002,59531.76475218996
4602,79.69015109066719,20.309848909332814,223769.94426259346,57030.055737406554
4603,80.23166021900835,19.768339780991653,225290.50189497546,55509.49810502454
4604,79.52031474561396,20.47968525438604,223293.043805684,57506.95619431601
4605,80.37715738251887,19.622842617481126,225699.057930113,55100.94206988704
4606,79.28295959010545,20.71704040989455,222626.5505290161,58173.44947098391
4607,80.11730331066947,19.88269668933053,224969.3876963599,55830.61230364014
4608,79.85328350180858,20.146716498191424,224228.02007307846,56571.97992692157
4609,80.05379533440797,19.946204665592035,224791.05729901756,56008.94270098247
4610,78.44664663260022,21.55335336739978,220278.1837443414,60521.8162556586
4611,80.04236195603107,19.957638043968927,224758.95237253525,56041.04762746475
4612,79.05885512767412,20.94114487232588,221997.26519850892,58802.73480149107
4613,79.4164715064175,20.583528493582506,223001.45199002034,57798.548009979655
4614,80.55865652451982,19.44134347548018,226208.70752085163,54591.29247914837
4615,78.84984788616539,21.150152113834608,221410.37286435242,59389.62713564758
4616,79.4643336368582,20.5356663631418,223135.84885229782,57664.15114770219
4617,79.20211558010493,20.79788441989507,222399.54054893463,58400.459451065384
4618,78.17378195303965,21.82621804696035,219511.97972413537,61288.02027586465
4619,80.89226616930448,19.107733830695523,227145.48340340698,53654.51659659301
4620,80.52269022992944,19.477309770070562,226107.71416564187,54692.28583435815
4621,79.37333501915238,20.62666498084762,222880.32473377988,57919.67526622014
4622,80.68910674612437,19.310893253875633,226575.01174311724,54224.98825688275
4623,78.09271432602763,21.907285673972368,219284.3418274856,61515.65817251438
4624,80.40704734304825,19.592952656951752,225782.98893927946,55017.01106072054
4625,82.12148767247872,17.87851232752128,230597.13738432026,50202.86261567976
4626,81.39448078373196,18.605519216268036,228555.70204071936,52244.29795928063
4627,80.37077741895993,19.629222581040068,225681.14299243948,55118.85700756054
4628,80.22685539765504,19.773144602344956,225277.0099566154,55522.99004338462
4629,78.37990784081195,21.620092159188047,220090.78121699998,60709.21878300001
4630,78.67308147017573,21.32691852982427,220914.01276825345,59885.98723174655
4631,79.43125675765857,20.568743242341426,223042.96897550527,57757.03102449472
4632,80.56914842510231,19.430851574897687,226238.1687776873,54561.83122231271
4633,80.99380498625983,19.006195013740168,227430.6044014176,53369.3955985824
4634,80.38710072206166,19.61289927793834,225726.97882754912,55073.021172450884
4635,80.51234262711817,19.487657372881827,226078.65809694782,54721.34190305216
4636,78.99661310329633,21.003386896703674,221822.4895940561,58977.51040594389
4637,78.96314548017592,21.036854519824075,221728.51250833398,59071.48749166602
4638,80.5316266685347,19.4683733314653,226132.8076852454,54667.19231475456
4639,79.75177115381972,20.248228846180282,223942.97339992577,56857.02660007422
4640,78.94606450863074,21.05393549136926,221680.54914023512,59119.4508597649
4641,79.55666486951588,20.443335130484115,223395.11495360063,57404.88504639937
4642,78.91898338996704,21.08101661003296,221604.50535902742,59195.49464097257
4643,78.08694597313642,21.913054026863577,219268.14429256707,61531.85570743294
4644,80.89766824831571,19.10233175168429,227160.65244127053,53639.347558729496
4645,79.85500258821816,20.144997411781844,224232.84726771657,56567.15273228345
4646,79.51762478387958,20.482375216120417,223285.49039313386,57514.50960686613
4647,79.63705874997478,20.362941250025216,223620.8609699292,57179.1390300708
4648,79.77813712542645,20.221862874573546,224017.00904819748,56782.99095180251
4649,79.54161714178076,20.458382858219238,223352.86093412037,57447.139065879644
4650,78.99682502875001,21.00317497124999,221823.08468073,58976.91531926998
4651,79.23942005005405,20.76057994994595,222504.2915005518,58295.7084994482
4652,78.99745219431065,21.002547805689346,221824.84576162434,58975.15423837565
4653,80.76528836240294,19.23471163759706,226788.92972162747,54011.07027837254
4654,78.6178271274644,21.382172872535605,220758.85857392004,60041.14142607997
4655,79.11473970431433,20.88526029568567,222154.18908971464,58645.81091028537
4656,80.75102232597663,19.248977674023365,226748.8706913424,54051.1293086576
4657,79.35781479218248,20.64218520781752,222836.74393644842,57963.256063551584
4658,78.69788967114894,21.302110328851057,220983.67419658625,59816.325803413776
4659,79.56680597320887,20.433194026791128,223423.59117277054,57376.40882722945
4660,80.99524648151298,19.00475351848702,227434.65212008846,53365.34787991155
4661,78.28470316022766,21.715296839772336,219823.4464739193,60976.55352608071
4662,78.18514628382121,21.81485371617879,219543.89076496995,61256.10923503005
4663,79.81333135666094,20.18666864333906,224115.83444950392,56684.16555049607
4664,80.41864891464976,19.581351085350235,225815.56615233654,54984.43384766345
4665,78.49863508417437,21.501364915825633,220424.16731636162,60375.832683638364
4666,78.9805051801297,21.019494819870303,221777.2585458042,59022.741454195806
4667,79.04152575777451,20.958474242225492,221948.60432783084,58851.39567216917
4668,80.31493299566009,19.685067004339913,225524.3318518135,55275.668148186494
4669,78.95943385667366,21.040566143326345,221718.09026953962,59081.90973046038
4670,78.05086278244482,21.949137217555176,219166.8226931051,61633.177306894904
4671,79.88082180712128,20.11917819287872,224305.34763439657,56494.65236560341
4672,79.40516047930433,20.594839520695672,222969.69062588655,57830.30937411342
4673,80.71417150689459,19.285828493105413,226645.39359136,54154.60640864
4674,80.04337158902419,19.95662841097581,224761.78742197994,56038.212578020044
4675,79.87094951877678,20.129050481223217,224277.6262487252,56522.37375127478
4676,80.01474184759346,19.985258152406544,224681.3951080424,56118.604891957606
4677,78.53918740728226,21.460812592717744,220538.03823964857,60261.96176035144
4678,81.005938183578,18.994061816422004,227464.674419487,53335.32558051302
4679,79.63463228216337,20.365367717836634,223614.04744831473,57185.95255168528
4680,78.74694271081357,21.25305728918643,221121.41513196452,59678.58486803548
4681,80.37209746581847,19.62790253418153,225684.84968401826,55115.15031598174
4682,79.33984268242426,20.660157317575738,222786.2782522473,58013.72174775268
4683,80.58261276755762,19.41738723244238,226275.9766513018,54524.02334869818
4684,80.30312811797212,19.696871882027878,225491.18375526572,55308.81624473426
4685,78.26395178574626,21.736048214253742,219765.1766143755,61034.82338562452
4686,82.05243706499579,17.947562935004214,230403.24327850816,50396.75672149182
4687,79.27385417656853,20.726145823431466,222600.98252780444,58199.01747219558
4688,79.87398834039135,20.12601165960865,224286.1592598189,56513.84074018111
4689,78.41341573069602,21.586584269303984,220184.87137179443,60615.12862820555
4690,80.22623115363983,19.77376884636017,225275.25707942064,55524.74292057936
4691,81.79115132418217,18.208848675817833,229669.55291830353,51130.44708169649
4692,79.15202100604634,20.84797899395366,222258.87498497815,58541.12501502184
4693,80.07117654490024,19.92882345509976,224839.86373807988,55960.13626192013
4694,79.93318248321563,20.06681751678437,224452.3764128695,56347.623587130525
4695,79.01649734841783,20.98350265158217,221878.32455435727,58921.67544564272
4696,79.49079998595057,20.509200014049426,223210.16636054922,57589.83363945081
4697,79.08962788058315,20.91037211941685,222083.67508867747,58716.32491132252
4698,78.37945932869835,21.620540671301654,220089.52179498493,60710.47820501505
4699,79.16039233394744,20.839607666052558,222282.38167372445,58517.61832627554
4700,78.315077150563,21.684922849437,219908.7366387809,60891.2633612191
4701,79.92894476111645,20.071055238883545,224440.476889215,56359.523110785
4702,79.46720625799152,20.53279374200848,223143.91517244017,57656.08482755983
4703,79.62884826041878,20.371151739581222,223597.8059152559,57202.19408474406
4704,78.40621190643824,21.593788093561756,220164.64303327858,60635.35696672139
4705,80.85212908239653,19.14787091760347,227032.77846336947,53767.22153663051
4706,79.08210660781562,20.917893392184382,222062.55535474626,58737.44464525372
4707,81.14077127031662,18.85922872968338,227843.28572704905,52956.714272950965
4708,78.97682438499112,21.02317561500888,221766.92287305507,59033.07712694495
4709,78.03339970202373,21.96660029797627,219117.78636328265,61682.21363671734
4710,80.06295466851722,19.93704533148278,224816.77670919633,55983.22329080365
4711,78.9510097549649,21.0489902450351,221694.43539194146,59105.56460805853
4712,80.63987175427194,19.360128245728063,226436.7598859956,54363.24011400441
4713,80.67406058739795,19.325939412602054,226532.76212941343,54267.23787058654
4714,79.8471912609795,20.1528087390205,224210.91306083044,56589.086939169574
4715,80.28379084623695,19.716209153763046,225436.88469623338,55363.11530376661
4716,79.4440038209149,20.5559961790851,223078.76272912903,57721.237270870966
4717,80.12252127199065,19.87747872800935,224984.03973174974,55815.960268250274
4718,78.6446868845626,21.355313115437397,220834.28077185177,59965.719228148235
4719,79.02032331624555,20.979676683754448,221889.06787201753,58910.932127982465
4720,78.60558640816475,21.394413591835246,220724.48663412663,60075.51336587337
4721,80.718549249781,19.281450750218994,226657.68629338505,54142.313706614936
4722,79.6154185492022,20.384581450797796,223560.09528615978,57239.904713840224
4723,78.31684479524111,21.68315520475889,219913.70018503704,60886.29981496296
4724,78.71255062047669,21.28744937952331,221024.84214229856,59775.15785770146
4725,79.28633593113356,20.713664068866436,222636.03129462304,58163.96870537695
4726,80.29440448315871,19.705595516841285,225466.68778870965,55333.31221129035
4727,77.31577619726706,22.684223802732944,217102.6995619259,63697.3004380741
4728,78.8454119425758,21.154588057424206,221397.91673475283,59402.08326524717
4729,79.44153240749779,20.55846759250221,223071.8230002538,57728.176999746225
4730,80.0766673282225,19.9233326717775,224855.28185764878,55944.71814235124
4731,80.21728821854288,19.782711781457124,225250.14531766842,55549.8546823316
4732,78.29345122788621,21.70654877211379,219848.01104790447,60951.98895209553
4733,79.89020678253223,20.109793217467768,224331.7006453505,56468.29935464948
4734,78.71029951713538,21.289700482864617,221018.52104411615,59781.47895588385
4735,79.73136990332719,20.26863009667281,223885.68668854274,56914.313311457256
4736,78.85289816074675,21.147101839253253,221418.9380353769,59381.061964623106
4737,79.3219838253449,20.6780161746551,222736.1305815685,58063.869418431495
4738,81.67546022739438,18.32453977260562,229344.69231852342,51455.30768147658
4739,79.91061787903972,20.08938212096028,224389.01500434353,56410.984995656494
4740,79.09376010431511,20.90623989568489,222095.2783729168,58704.72162708321
4741,79.42608392178036,20.57391607821964,223028.44365235924,57771.55634764074
4742,80.95715550896982,19.04284449103018,227327.69266918724,53472.307330812764
4743,79.82349589330504,20.176504106694964,224144.37646840053,56655.6235315995
4744,79.43903372028241,20.56096627971759,223064.806686553,57735.193313447
4745,79.40562774381247,20.594372256187526,222971.00270462543,57828.997295374604
4746,81.65768562179325,18.34231437820675,229294.78122599545,51505.21877400456
4747,79.29632007314298,20.70367992685702,222664.06676538548,58135.93323461453
4748,77.70518460888832,22.294815391111683,218196.15838175837,62603.84161824163
4749,79.81085521230601,20.18914478769399,224108.88143615526,56691.11856384474
4750,79.51250088376159,20.48749911623841,223271.10248160255,57528.89751839747
4751,78.7534516519551,21.246548348044897,221139.69223868992,59660.30776131008
4752,79.41969446244016,20.580305537559838,223010.50205053197,57789.497949468016
4753,79.94876733736437,20.051232662635627,224496.13868331915,56303.86131668085
4754,80.71707062705592,19.282929372944082,226653.53432077303,54146.46567922697
4755,78.87191952449378,21.128080475506223,221472.3500247785,59327.64997522149
4756,79.84203197790751,20.15796802209249,224196.4257939643,56603.574206035686
4757,78.63368133342918,21.36631866657082,220803.37718426913,59996.62281573085
4758,78.21204946199734,21.78795053800266,219619.4348892885,61180.5651107115
4759,80.0129340148485,19.987065985151503,224676.3187136946,56123.68128630539
4760,79.86214288611507,20.137857113884934,224252.89722421113,56547.10277578885
4761,79.58987005810653,20.410129941893473,223488.3551231631,57311.64487683688
4762,79.59198553086428,20.408014469135722,223494.2953706669,57305.70462933312
4763,79.78943176004744,20.210568239952565,224048.7243822132,56751.27561778681
4764,80.33236404916623,19.66763595083377,225573.27825005876,55226.721749941236
4765,78.59457152773672,21.40542847226328,220693.55684988468,60106.44315011531
4766,78.71428783108797,21.285712168912028,221029.72022969503,59770.27977030497
4767,78.98861147863683,21.011388521363173,221800.0210320122,58999.978967987794
4768,79.2983942521098,20.7016057478902,222669.89105992432,58130.10894007565
4769,79.92449513141199,20.075504868588013,224427.98232900485,56372.01767099512
4770,79.15141782619321,20.84858217380679,222257.18125595053,58542.818744049444
4771,80.68140050006227,19.318599499937733,226553.37260417486,54246.62739582515
4772,79.352325663025,20.647674336975,222821.3304617742,57978.669538225826
4773,79.16346176430655,20.836538235693453,222291.00063417276,58508.99936582724
4774,80.4865204392885,19.513479560711502,226006.14939352212,54793.850606477885
4775,78.54283694698708,21.45716305301292,220548.28614713973,60251.713852860266
4776,79.45313464965844,20.546865350341562,223104.4020962409,57695.59790375907
4777,80.2303711461051,19.7696288538949,225286.88217826313,55513.11782173686
4778,78.39680482836953,21.603195171630475,220138.22795806165,60661.772041938355
4779,81.32350312980921,18.67649687019079,228356.39678850424,52443.60321149577
4780,79.52265630783145,20.477343692168546,223299.61891239072,57500.38108760926
4781,78.44727514684494,21.552724853155055,220279.9486123406,60520.051387659405
4782,81.06430039394293,18.93569960605707,227628.55550619174,53171.44449380825
4783,78.50950755308675,21.49049244691325,220454.69720906758,60345.30279093241
4784,80.72071623693112,19.279283763068875,226663.7711933026,54136.22880669743
4785,79.83964158952766,20.16035841047234,224189.7135833937,56610.2864166063
4786,79.0259102772759,20.974089722724102,221904.75605859072,58895.243941409295
4787,80.09069832467873,19.909301675321274,224894.68089569785,55905.319104302136
4788,79.24238720784082,20.75761279215918,222512.623279617,58287.37672038302
4789,79.51318956534146,20.486810434658537,223273.03629947884,57526.963700521155
4790,80.63563113854958,19.364368861450416,226424.85223704722,54375.147762952794
4791,80.02668278223862,19.973317217761377,224714.92525252604,56085.07474747398
4792,79.63498112859129,20.365018871408708,223615.02700908436,57184.97299091567
4793,79.57881882968758,20.421181170312423,223457.32327376274,57342.676726237245
4794,79.43842840115465,20.561571598845347,223063.10695044225,57736.893049557766
4795,78.83904488442214,21.160955115577863,221380.03803545737,59419.96196454262
4796,81.03569822398782,18.964301776012178,227548.2406129578,53251.759387042184
4797,80.76071533389623,19.23928466610377,226776.0886575806,54023.91134241939
4798,80.60776308549843,19.392236914501567,226346.5987440796,54453.40125592042
4799,78.21574761275532,21.784252387244678,219629.81929661694,61170.18070338305
4800,81.61389441002548,18.38610558997452,229171.81550335154,51628.184496648464
4801,79.14924615972716,20.850753840272844,222251.08321651383,58548.91678348616
4802,79.05870241588644,20.941297584113556,221996.83638380916,58803.16361619084
4803,79.05630359626278,20.94369640373722,221990.10049830587,58809.89950169411
4804,80.76698037974967,19.23301962025033,226793.68090633707,54006.319093662925
4805,79.11442503953883,20.88557496046117,222153.305511025,58646.694488974994
4806,80.21675799963602,19.783242000363984,225248.65646297793,55551.34353702209
4807,77.5229588907274,22.477041109272605,217684.4685651625,63115.53143483748
4808,80.20819619904782,19.79180380095218,225224.61492692627,55575.38507307373
4809,79.9186060857512,20.081393914248807,224411.44588878937,56388.55411121063
4810,78.50959057981446,21.490409420185543,220454.930348119,60345.06965188102
4811,80.78459745941383,19.21540254058617,226843.14966603403,53956.850333965966
4812,80.57652398502529,19.42347601497471,226258.879349951,54541.12065004899
4813,78.55244834443717,21.447551655562833,220575.27495117957,60224.72504882043
4814,78.68853538230896,21.311464617691044,220957.40735352354,59842.59264647648
4815,79.58736301277604,20.412636987223962,223481.31533987512,57318.68466012486
4816,79.60880202713399,20.39119797286601,223541.51609219227,57258.483907807735
4817,79.81985821239692,20.180141787603077,224134.16186041056,56665.838139589425
4818,81.30072606668722,18.69927393331278,228292.43879525768,52507.56120474232
4819,78.22595027825857,21.774049721741434,219658.46838135005,61141.531618649955
4820,81.05476877539016,18.94523122460984,227601.79072129558,53198.20927870444
4821,80.60321818202337,19.39678181797663,226333.83665512162,54466.16334487838
4822,79.44010338263735,20.559896617362654,223067.8102984457,57732.189701554285
4823,80.80934049796265,19.19065950203735,226912.62811827913,53887.37188172087
4824,79.62794291184603,20.372057088153966,223595.26369646366,57204.73630353635
4825,79.43761789084066,20.562382109159344,223060.8310374806,57739.16896251943
4826,79.79817948055648,20.201820519443515,224073.28798140262,56726.71201859736
4827,78.69414850664788,21.305851493352122,220973.16900666725,59826.830993332755
4828,77.38021024797315,22.619789752026847,217283.6303763086,63516.36962369138
4829,79.73265209496529,20.26734790503471,223889.28708266251,56910.71291733747
4830,78.69939693770485,21.300603062295153,220987.9066010752,59812.09339892478
4831,80.80311610753888,19.196883892461116,226895.1500299692,53904.8499700308
4832,80.66616016167609,19.33383983832391,226510.57773398646,54289.42226601356
4833,80.93754557358818,19.06245442641182,227272.6279706356,53527.37202936441
4834,79.43078764122372,20.569212358776284,223041.6516965562,57758.348303443796
4835,81.07221258091336,18.92778741908664,227650.77292720473,53149.227072795285
4836,80.18525020835648,19.81474979164352,225160.18258506496,55639.81741493505
4837,79.58412165231104,20.41587834768896,223472.2135996894,57327.78640031061
4838,78.55806470275047,21.44193529724953,220591.04568532333,60208.95431467668
4839,79.4338017022771,20.566198297722906,223050.11517999409,57749.884820005915
4840,79.29499031032243,20.705009689677567,222660.3327913854,58139.6672086146
4841,78.72210457101906,21.27789542898094,221051.6696354215,59748.33036457847
4842,78.20052279474675,21.799477205253254,219587.06800764886,61212.93199235112
4843,80.91013185969598,19.08986814030402,227195.6502620263,53604.34973797372
4844,78.70566444221492,21.294335557785075,221005.5057537395,59794.49424626048
4845,78.74192663978205,21.25807336021795,221107.33000450803,59692.66999549195
4846,81.29537022920711,18.70462977079289,228277.39960361356,52522.60039638645
4847,78.08060532945994,21.919394670540058,219250.3397651235,61549.6602348765
4848,78.44167533409737,21.55832466590263,220264.22433814543,60535.77566185456
4849,82.05110694852699,17.948893051473007,230399.5083114638,50400.491688536196
4850,79.73741282857232,20.262587171427683,223902.65522263106,56897.34477736893
4851,79.83784476679637,20.162155233203634,224184.6681051642,56615.3318948358
4852,78.74530480215792,21.254695197842082,221116.8158844594,59683.18411554057
4853,77.93393161217466,22.06606838782534,218838.47996698646,61961.520033013556
4854,78.01552827445299,21.98447172554701,219067.603394664,61732.396605335976
4855,80.78111053309465,19.218889466905352,226833.35837692977,53966.64162307022
4856,78.83211075721684,21.16788924278316,221360.56700626487,59439.432993735114
4857,79.90882583312656,20.091174166873444,224383.9829394194,56416.0170605806
4858,79.74684067577321,20.253159324226786,223929.12861757117,56870.87138242884
4859,79.86401290085442,20.13598709914558,224258.1482255992,56541.85177440081
4860,78.80599531909228,21.194004680907724,221287.2348560111,59512.76514398889
4861,81.05430180507062,18.945698194929378,227600.4794686383,53199.52053136168
4862,81.27154406540716,18.728455934592844,228210.49573566328,52589.50426433673
4863,79.9236736667042,20.076326333295796,224425.6756561054,56374.324343894594
4864,79.59871463051151,20.40128536948849,223513.19068247633,57286.80931752369
4865,80.62189048032343,19.37810951967657,226386.2684687482,54413.731531251804
4866,79.27540836730229,20.72459163269771,222605.34669538483,58194.65330461519
4867,79.06481052132884,20.935189478671163,222013.98794389135,58786.01205610865
4868,80.32540455276484,19.674595447235163,225553.73598416365,55246.264015836336
4869,79.20363925181096,20.796360748189045,222403.81901908515,58396.18098091484
4870,80.0286491056806,19.9713508943194,224720.44668875114,56079.55331124886
4871,79.37942101042171,20.62057898957829,222897.41419726418,57902.58580273582
4872,79.91723201560323,20.082767984396767,224407.58749981388,56392.412500186154
4873,78.84635974387353,21.153640256126465,221400.57816079687,59399.42183920314
4874,79.61661424332554,20.383385756674457,223563.45279525814,57236.54720474187
4875,80.99843691346763,19.00156308653237,227443.6108530171,53356.38914698289
4876,79.75621429595472,20.24378570404528,223955.44974304084,56844.55025695913
4877,80.21496993385828,19.785030066141715,225243.63557427406,55556.36442572596
4878,79.67896289074416,20.32103710925584,223738.5277972096,57061.472202790406
4879,80.81602686586808,19.183973134131918,226931.4034393576,53868.5965606424
4880,80.27725141994955,19.72274858005045,225418.52198721832,55381.47801278168
4881,79.66525139187591,20.334748608124087,223700.02590838756,57099.974091612436
4882,79.67354780906484,20.326452190935157,223723.32224785406,57076.67775214593
4883,79.48777281830162,20.51222718169838,223201.66607379098,57598.33392620901
4884,80.24385966016598,19.75614033983402,225324.7579257461,55475.242074253896
4885,79.89073524008037,20.109264759919625,224333.18455414567,56466.815445854336
4886,79.49350815446479,20.50649184553521,223217.77089773712,57582.22910226286
4887,79.0734645679219,20.926535432078097,222038.2885067247,58761.71149327532
4888,80.55198303985398,19.44801696014602,226189.96837591,54610.03162409003
4889,80.67163110411349,19.328368895886513,226525.94014035066,54274.05985964935
4890,78.88163353392103,21.118366466078967,221499.62696325028,59300.373036749734
4891,79.05005249983698,20.94994750016302,221972.5474195422,58827.45258045779
4892,81.56802820157432,18.43197179842568,229043.0231900207,51756.976809979315
4893,79.24225978429016,20.757740215709845,222512.26547428677,58287.73452571321
4894,79.67246612199672,20.32753387800328,223720.2848705668,57079.715129433185
4895,79.35511301132365,20.644886988676348,222829.15733579683,57970.84266420317
4896,80.10031770084079,19.89968229915921,224921.69210396096,55878.307896039056
4897,81.2052413542966,18.794758645703396,228024.31772286486,52775.68227713514
4898,78.05156103136353,21.948438968636466,219168.7833760688,61631.21662393121
4899,78.71334915419355,21.28665084580645,221027.0844249755,59772.91557502448
4900,78.75186597967472,21.24813402032528,221135.23967092662,59664.76032907337
4901,79.71811921495504,20.28188078504496,223848.47875559377,56951.52124440625
4902,78.91464643185142,21.085353568148577,221592.3271806388,59207.672819361185
4903,78.91329708474018,21.08670291525982,221588.5382139504,59211.46178604957
4904,79.32399904764566,20.676000952354343,222741.789325789,58058.210674211005
4905,81.29286056416313,18.707139435836865,228270.35246417008,52529.64753582992
4906,80.42398307200361,19.576016927996392,225830.54446618614,54969.45553381385
4907,81.48470755090904,18.515292449090964,228809.05880295258,51990.94119704744
4908,80.50403374098558,19.495966259014423,226055.32674468748,54744.67325531253
4909,79.83641902310488,20.16358097689512,224180.6646168785,56619.33538312153
4910,80.00718841713896,19.992811582861037,224660.1850753262,56139.814924673774
4911,79.19908690218148,20.800913097818523,222391.03602132556,58408.96397867445
4912,81.35480970776892,18.645190292231078,228444.30565941514,52355.694340584865
4913,78.54373893485088,21.45626106514912,220550.81892906126,60249.18107093872
4914,81.01195223978719,18.988047760212808,227481.56188932242,53318.43811067756
4915,79.35875181849018,20.641248181509823,222839.37510632043,57960.62489367956
4916,81.01505553248585,18.984944467514154,227490.27593522027,53309.724064779744
4917,79.90340335569756,20.096596644302437,224368.75662279877,56431.24337720124
4918,79.62251196146795,20.37748803853205,223580.01358780204,57219.98641219798
4919,78.48626438406616,21.51373561593384,220389.4303904578,60410.56960954218
4920,79.57511445820958,20.424885541790417,223446.9213986525,57353.0786013475
4921,80.6306655500095,19.369334449990504,226410.90886442666,54389.09113557334
4922,79.38890452068223,20.61109547931777,222924.04389407573,57875.956105924255
4923,79.2997646016575,20.7002353983425,222673.73900145426,58126.26099854572
4924,81.15333202323205,18.846667976767947,227878.5563212356,52921.44367876441
4925,80.44639515411741,19.55360484588259,225893.4775927617,54906.52240723831
4926,78.88118458206027,21.11881541793973,221498.36630642525,59301.63369357475
4927,78.98339704618684,21.016602953813162,221785.37890569266,59014.62109430736
4928,79.91113204152231,20.088867958477692,224390.45877259466,56409.541227405316
4929,79.27170407928435,20.728295920715652,222594.94505463043,58205.054945369586
4930,80.45706455997626,19.54293544002374,225923.43728441332,54876.56271558669
4931,80.73314857382199,19.266851426178008,226698.68119529216,54101.31880470783
4932,80.16442701554453,19.835572984455467,225101.71105964907,55698.288940350925
4933,79.46340850618901,20.536591493810988,223133.25108537875,57666.74891462124
4934,79.80910595137965,20.19089404862035,224103.96951147405,56696.03048852597
4935,80.22262492912618,19.777375070873816,225265.1308009863,55534.86919901367
4936,80.54042821488945,19.459571785110555,226157.52242740957,54642.47757259042
4937,79.95802658548521,20.041973414514786,224522.13865204246,56277.86134795753
4938,80.50693837430899,19.493061625691013,226063.48295505965,54736.51704494037
4939,80.13226261037366,19.867737389626342,225011.39340992924,55788.60659007076
4940,80.50266461398125,19.497335386018747,226051.48223605938,54748.51776394062
4941,80.08116911087251,19.91883088912749,224867.92286333,55932.077136670036
4942,80.61732551097562,19.38267448902438,226373.45003481954,54426.54996518047
4943,79.57485727027263,20.42514272972737,223446.19921492552,57353.800785074476
4944,78.54039541992651,21.45960458007349,220541.43033915365,60258.56966084635
4945,78.01022514944646,21.989774850553545,219052.71221964565,61747.28778035435
4946,78.23867278372188,21.76132721627812,219694.193176691,61105.806823309
4947,80.61764093520888,19.382359064791117,226374.33574606653,54425.664253933486
4948,80.94320225340587,19.05679774659413,227288.5119275637,53511.48807243632
4949,80.36186836259793,19.63813163740207,225656.12636217498,55143.87363782503
4950,80.78885345451774,19.211146545482265,226855.1005002858,53944.8994997142
4951,80.36974246159129,19.630257538408713,225678.23683214834,55121.76316785165
4952,80.02512611701992,19.974873882980077,224710.55413659196,56089.44586340803
4953,79.14884967148069,20.85115032851931,222249.96987751778,58550.0301224822
4954,78.6996044954715,21.300395504528495,220988.48942328396,59811.51057671603
4955,78.59107834428461,21.40892165571539,220683.7479907512,60116.25200924878
4956,80.87450484492462,19.125495155075384,227095.6096045483,53704.3903954517
4957,80.7598268477391,19.240173152260894,226773.5937884514,54026.40621154859
4958,78.42813942189204,21.57186057810796,220226.21549667284,60573.78450332716
4959,79.62043581088136,20.37956418911864,223574.18375695488,57225.81624304512
4960,81.53022087088797,18.469779129112027,228936.8602054534,51863.13979454658
4961,81.28555038773142,18.71444961226858,228249.82548874983,52550.174511250174
4962,78.98690300585386,21.01309699414614,221795.22364043765,59004.776359562355
4963,80.80325879037646,19.19674120962354,226895.5506833771,53904.44931662289
4964,79.91040653971113,20.089593460288867,224388.42156350886,56411.57843649114
4965,80.12926118838685,19.87073881161315,225002.96541699028,55797.03458300971
4966,79.85044288857722,20.14955711142278,224220.04363112483,56579.95636887515
4967,78.79106784082852,21.208932159171482,221245.31849704648,59554.68150295353
4968,78.96332623902391,21.036673760976086,221729.02007917914,59070.979920820864
4969,79.45412552462312,20.545874475376877,223107.18447314174,57692.81552685826
4970,80.04679597136438,19.953204028635625,224771.4030875912,56028.596912408786
4971,78.64929895354145,21.350701046458553,220847.23146154438,59952.768538455624
4972,79.06119296815972,20.938807031840284,222003.82985459248,58796.17014540754
4973,79.61508061326376,20.384919386736243,223559.14636204462,57240.853637955384
4974,78.73929379980876,21.260706200191237,221099.936989863,59700.063010136975
4975,79.96100001556518,20.038999984434824,224530.488043707,56269.51195629299
4976,80.34720076135378,19.652799238646224,225614.93973788142,55185.06026211855
4977,79.6137608888092,20.386239111190804,223555.4405757762,57244.5594242238
4978,80.32154667958474,19.678453320415258,225542.90307627397,55257.096923726014
4979,81.09910540047977,18.900894599520228,227726.28796454717,53073.712035452816
4980,80.43592988081984,19.56407011918016,225864.09110534212,54935.9088946579
4981,79.96072092556192,20.039279074438085,224529.70435897785,56270.29564102214
4982,80.05517690569494,19.944823094305065,224794.9367511914,56005.06324880863
4983,78.22353100518788,21.77646899481212,219651.67506256758,61148.32493743242
4984,80.64268987836421,19.35731012163579,226444.6731784467,54355.32682155327
4985,80.98362357159641,19.01637642840359,227402.0149890427,53397.985010957294
4986,78.92052139575483,21.079478604245168,221608.82407927956,59191.175920720445
4987,79.33793172253667,20.662068277463334,222780.91227688297,58019.087723117016
4988,80.8344242705061,19.165575729493895,226983.06335158114,53816.93664841887
4989,79.13401537003585,20.865984629964146,222208.3151590607,58591.68484093932
4990,78.87746039447916,21.122539605520842,221487.9087876975,59312.09121230248
4991,80.10167228864889,19.898327711351115,224925.49578652607,55874.50421347392
4992,77.7628314703431,22.2371685296569,218358.03076872343,62441.96923127658
4993,79.65958208810132,20.340417911898683,223684.10650338852,57115.89349661148
4994,79.99862639947042,20.001373600529575,224636.14292971298,56163.857070287035
4995,80.90082211542023,19.099177884579774,227169.5085001,53630.49149990002
4996,80.49358450767463,19.506415492325374,226025.98529755033,54774.01470244965
4997,78.83133046005743,21.16866953994257,221358.3759318413,59441.6240681587
4998,79.12211368184072,20.877886318159284,222174.89521860873,58625.10478139129
4999,79.57586182617877,20.424138173821234,223449.02000790997,57350.97999209004
5000,80.03055102936113,19.969448970638865,224725.78729044608,56074.2127095539
5001,79.80007285535159,20.199927144648413,224078.60457782727,56721.39542217276
5002,81.87997546169476,18.120024538305245,229918.97109643888,50881.02890356111
5003,80.14085973798663,19.85914026201337,225035.53414426645,55764.465855733535
5004,79.92489128637973,20.075108713620267,224429.09473215428,56370.90526784571
5005,80.7663245832936,19.233675416706404,226791.8394298884,54008.1605701116
5006,80.30014725879688,19.699852741203117,225482.81350270164,55317.186497298346
5007,80.77931059244692,19.22068940755308,226828.30414359094,53971.69585640906
5008,79.93602485657759,20.06397514342241,224460.35779726988,56339.64220273014
5009,81.1091642925585,18.890835707441497,227754.53333350428,53045.46666649573
5010,79.17465032336143,20.825349676638567,222322.41810799894,58477.581892001064
5011,79.22593169800078,20.774068301999222,222466.41620798619,58333.583792013815
5012,79.44964463440536,20.55035536559464,223094.60213341026,57705.39786658974
5013,79.44480721507068,20.555192784929318,223081.01865991845,57718.98134008155
5014,80.2519509076036,19.7480490923964,225347.4781485509,55452.5218514491
5015,79.72559321509493,20.274406784905068,223869.46574798657,56930.53425201346
5016,79.46216922812286,20.53783077187714,223129.771192569,57670.22880743099
5017,80.13530740020079,19.864692599799213,225019.9431797638,55780.05682023622
5018,79.792615246016,20.207384753984,224057.66361081292,56742.33638918708
5019,79.70823425541289,20.29176574458711,223820.7217891994,56979.27821080061
5020,80.4377133874654,19.562286612534606,225869.09919200282,54930.90080799717
5021,79.26201282458571,20.73798717541429,222567.73201143666,58232.26798856333
5022,80.04324837221009,19.956751627789913,224761.44142916592,56038.558570834066
5023,80.39456366096691,19.60543633903309,225747.93475999509,55052.0652400049
5024,80.06928015087797,19.930719849122028,224834.53866366536,55965.461336334614
5025,78.67249508319638,21.32750491680362,220912.36619361542,59887.63380638455
5026,78.69562652066244,21.304373479337556,220977.31927002015,59822.68072997984
5027,79.3859213454718,20.6140786545282,222915.6671380848,57884.332861915216
5028,79.94499756653998,20.055002433460018,224485.55316684427,56314.44683315573
5029,80.57093408446583,19.429065915534167,226243.18290918003,54556.81709081998
5030,80.60365976152075,19.396340238479254,226335.07661035025,54464.92338964976
5031,79.80598377202128,20.19401622797872,224095.20243183576,56704.79756816426
5032,80.97594211392305,19.024057886076946,227380.44545589597,53419.554544104016
5033,80.15473044871241,19.845269551287586,225074.48309998447,55725.516900015515
5034,79.053903771987,20.946096228013005,221983.3617917395,58816.63820826048
5035,79.49028095173689,20.509719048263108,223208.7089124772,57591.29108752281
5036,79.31544232062609,20.68455767937391,222717.76203631808,58082.23796368194
5037,78.94993877785743,21.050061222142574,221691.42808822365,59108.571911776366
5038,81.06954862742364,18.930451372576357,227643.2925458056,53156.7074541944
5039,80.0593974741767,19.940602525823294,224806.7881074882,55993.21189251183
5040,80.50530111736137,19.49469888263863,226058.88553755073,54741.114462449244
5041,79.14683704738867,20.853162952611328,222244.31842906738,58555.68157093265
5042,79.45571609427063,20.544283905729372,223111.65079271194,57688.34920728807
5043,78.98877265626723,21.01122734373277,221800.47361879837,58999.52638120162
5044,79.12154342820509,20.878456571794914,222173.29394639988,58626.7060536001
5045,78.81938102945524,21.180618970544757,221324.82193071034,59475.17806928966
5046,79.3866982758637,20.613301724136306,222917.84875862527,57882.15124137473
5047,80.06052321245446,19.939476787545544,224809.94918057212,55990.05081942787
5048,78.83114605029193,21.168853949708065,221357.85810921976,59442.14189078024
5049,78.09931295714654,21.900687042853463,219302.8707836675,61497.1292163325
5050,79.19750837424787,20.802491625752126,222386.60351488803,58413.39648511195
5051,78.5991167722244,21.400883227775594,220706.31989640614,60093.68010359384
5052,80.21995200210877,19.78004799789123,225257.62522192145,55542.374778078556
5053,81.96972323923725,18.030276760762746,230170.98285577822,50629.01714422179
5054,79.26824907214154,20.731750927858457,222585.24339457345,58214.75660542656
5055,80.4742296846943,19.525770315305707,225971.6369546216,54828.36304537841
5056,78.50145394833625,21.49854605166375,220432.08268692816,60367.917313071826
5057,79.66050691661809,20.33949308338191,223686.7034218636,57113.29657813639
5058,79.61513597387463,20.38486402612537,223559.30181463997,57240.698185360045
5059,79.49334674933522,20.506653250664783,223217.31767213327,57582.68232786672
5060,79.51654528982517,20.483454710174826,223282.45917382906,57517.54082617095
5061,79.5802253670038,20.419774632996194,223461.27283054666,57338.727169453356
5062,79.88591948144018,20.114080518559817,224319.66190388403,56480.33809611596
5063,79.44504581964087,20.554954180359132,223081.68866155157,57718.31133844844
5064,78.97478810987265,21.025211890127352,221761.2050125224,59038.794987477595
5065,80.28705950915881,19.71294049084119,225446.06310171794,55353.93689828207
5066,80.41355063412549,19.586449365874515,225801.25018062437,54998.74981937562
5067,79.41797308423236,20.582026915767642,223005.66842052445,57794.33157947556
5068,80.41104102391088,19.588958976089117,225794.20319514174,55005.796804858255
5069,79.52589581247467,20.474104187525327,223308.71544142885,57491.28455857116
5070,80.7395766540712,19.2604233459288,226716.73124463193,54083.26875536807
5071,80.59802697264432,19.40197302735568,226319.25973918525,54480.740260814746
5072,78.74659003022995,21.253409969770047,221120.4248048857,59679.5751951143
5073,79.32918953144944,20.670810468550556,222756.36420431003,58043.63579568998
5074,78.95795570361732,21.042044296382684,221713.93961575744,59086.060384242555
5075,80.26951952422309,19.730480475776915,225396.81082401844,55403.18917598158
5076,80.25106370881254,19.748936291187462,225344.9868943456,55455.01310565439
5077,79.10711367265026,20.892886327349743,222132.77519280196,58667.22480719804
5078,78.94239564381435,21.05760435618565,221670.24696783072,59129.753032169276
5079,81.62418382039934,18.375816179600662,229200.70816768135,51599.291832318646
5080,79.52545496205882,20.474545037941184,223307.47753346115,57492.522466538845
5081,78.71170046939777,21.28829953060223,221022.45491806895,59777.545081931035
5082,79.61082115993207,20.389178840067927,223547.18581708925,57252.81418291074
5083,77.86449477726056,22.13550522273944,218643.50133454765,62156.49866545237
5084,80.06168636256194,19.938313637438057,224813.21530607395,55986.78469392605
5085,80.2215648608497,19.778435139150304,225262.15412926592,55537.845870734076
5086,79.76188648395079,20.23811351604921,223971.37724693381,56828.6227530662
5087,79.60570869033454,20.394291309665462,223532.83000245935,57267.16999754065
5088,79.97354869763788,20.02645130236212,224565.72474296717,56234.27525703282
5089,81.82681453924764,18.173185460752364,229769.69522620738,51030.30477379264
5090,79.34902258429985,20.650977415700154,222812.05541671396,57987.94458328602
5091,79.71543531572303,20.284564684276972,223840.94236655027,56959.05763344973
5092,80.04634569087929,19.953654309120708,224770.13869998907,56029.86130001092
5093,79.56293602962833,20.437063970371668,223412.72437119635,57387.27562880366
5094,80.31385597007625,19.686144029923753,225521.3075639741,55278.692436025915
5095,79.0205120358667,20.9794879641333,221889.5977967137,58910.402203286285
5096,80.59556752783831,19.404432472161687,226312.35361816996,54487.64638183002
5097,79.57688005257725,20.423119947422748,223451.87918763695,57348.120812363064
5098,78.30132580527592,21.698674194724077,219870.1228612148,60929.87713878519
5099,79.17421473120164,20.825785268798356,222321.1949652142,58478.80503478578
5100,80.39315250209386,19.606847497906145,225743.97222587955,55056.02777412043
5101,79.55314398941591,20.446856010584085,223385.22832227987,57414.77167772013
5102,80.20280789394255,19.79719210605745,225209.4845661907,55590.51543380931
5103,79.20620676112263,20.79379323887737,222411.02858523236,58388.97141476764
5104,80.96428586290844,19.03571413709156,227347.7147030469,53452.28529695312
5105,80.20306692752425,19.796933072475753,225210.21193248808,55589.78806751193
5106,78.91012962812813,21.089870371871868,221579.6439957838,59220.35600421621
5107,79.6269825594033,20.373017440596698,223592.56702680446,57207.43297319554
5108,78.6554904778364,21.344509522163605,220864.6172617646,59935.38273823539
5109,78.99582774609362,21.004172253906376,221820.2843110309,58979.715688969096
5110,78.66802679552968,21.331973204470316,220899.81924184738,59900.18075815262
5111,79.5158266268262,20.484173373173803,223280.44116812793,57519.55883187208
5112,78.903460639078,21.096539360921994,221560.91747453104,59239.08252546896
5113,79.30323780169883,20.696762198301172,222683.4917471703,58116.50825282966
5114,78.78031995416978,21.219680045830216,221215.13843130876,59584.86156869124
5115,81.30617930554911,18.693820694450892,228307.7514899819,52492.24851001811
5116,79.96541426427923,20.034585735720768,224542.8832540961,56257.116745903906
5117,79.60436281060062,20.39563718939938,223529.05077216655,57270.94922783344
5118,80.17478010534857,19.825219894651426,225130.7825358188,55669.21746418121
5119,78.78152890640136,21.218471093598637,221218.53316917503,59581.466830824946
5120,79.27369815523424,20.726301844765757,222600.54441989775,58199.45558010223
5121,80.17888002357928,19.821119976420718,225142.29510621063,55657.704893789385
5122,78.93462912165651,21.065370878343487,221648.4385736115,59151.561426388515
5123,80.47331682889276,19.526683171107237,225969.07365553087,54830.926344469146
5124,77.66440838120545,22.335591618794552,218081.6587344249,62718.34126557507
5125,80.68242334135498,19.317576658645024,226556.24474252475,54243.755257475255
5126,80.30550351319893,19.69449648680107,225497.85386506259,55302.146134937415
5127,79.25215299922952,20.747847000770477,222540.0456218365,58259.95437816351
5128,79.39589381154448,20.604106188455518,222943.6698228169,57856.33017718309
5129,78.47305438317017,21.526945616829835,220352.33670794184,60447.66329205817
5130,79.80834987611112,20.191650123888877,224101.84645212005,56698.15354787997
5131,81.55318091654232,18.446819083457683,229001.33201365086,51798.66798634913
5132,79.42255868912639,20.57744131087361,223018.5447990669,57781.455200933095
5133,78.29846449703528,21.701535502964717,219862.08830767506,60937.911692324946
5134,79.38817257906685,20.611827420933153,222921.98860201973,57878.011397980285
5135,78.54552598921562,21.45447401078438,220555.83697771747,60244.16302228251
5136,79.01521642262914,20.984783577370862,221874.7277147426,58925.27228525739
5137,79.7470414601867,20.252958539813307,223929.69242020423,56870.30757979576
5138,79.0559314043724,20.9440685956276,221989.0553834777,58810.944616522276
5139,79.22005967442104,20.779940325578963,222449.92756577427,58350.072434225716
5140,79.76552498947262,20.234475010527376,223981.59417043912,56818.405829560856
5141,78.0305019873266,21.969498012673398,219109.64958041307,61690.3504195869
5142,80.2408052264379,19.7591947735621,225316.18107583764,55483.81892416237
5143,79.13405856729966,20.86594143270034,222208.43645697745,58591.56354302254
5144,79.94064008322641,20.059359916773587,224473.31735369976,56326.682646300265
5145,80.59214879102508,19.407851208974918,226302.75380519842,54497.246194801584
5146,81.46099013780598,18.53900986219402,228742.4603069592,52057.53969304081
5147,78.40217075712977,21.597829242870233,220153.29548602036,60646.704513979654
5148,79.27295488728205,20.727045112717946,222598.45732348802,58201.54267651196
5149,78.62503569726326,21.374964302736743,220779.10023791523,60020.899762084766
5150,78.82769175847895,21.17230824152105,221348.1584578089,59451.841542191076
5151,78.2546836152294,21.745316384770604,219739.15159156412,61060.84840843588
5152,78.96825000705961,21.03174999294039,221742.8460198234,59057.153980176605
5153,80.30077189183804,19.69922810816196,225484.56747228123,55315.43252771876
5154,80.24073304379549,19.759266956204513,225315.97838697772,55484.02161302229
5155,78.16706247043976,21.83293752956024,219493.11141699486,61306.88858300516
5156,79.47867163966502,20.521328360334977,223176.10996417937,57623.890035820616
5157,79.27372508399995,20.72627491600005,222600.62003587183,58199.379964128144
5158,79.95034692861338,20.049653071386615,224500.5741755464,56299.42582445359
5159,81.57020282157512,18.429797178424877,229049.12952298293,51750.870477017066
5160,79.33436916158063,20.665630838419375,222770.9086057184,58029.09139428161
5161,79.43866905413101,20.56133094586899,223063.78270399987,57736.21729600013
5162,81.25301729606262,18.746982703937377,228158.47256734385,52641.52743265616
5163,79.81260816570641,20.187391834293592,224113.8037293036,56686.1962706964
5164,78.64222833577519,21.357771664224813,220827.37716685672,59972.62283314328
5165,79.83097301759871,20.16902698240129,224165.37223341718,56634.62776658282
5166,80.85909836581526,19.140901634184743,227052.34821120923,53747.65178879079
5167,81.0089403964744,18.9910596035256,227473.1046333001,53326.895366699886
5168,78.15954228498798,21.840457715012022,219471.99473624624,61328.00526375378
5169,80.59010510871809,19.40989489128191,226297.0151452804,54502.984854719616
5170,78.94395427117654,21.056045728823463,221674.62359346374,59125.37640653625
5171,80.74993725820892,19.250062741791083,226745.82382105064,54054.17617894938
5172,78.787857329879,21.212142670120997,221236.30338230022,59563.69661769977
5173,80.29640086080902,19.703599139190985,225472.2936171517,55327.70638284829
5174,80.01563986409583,19.98436013590417,224683.9167383811,56116.0832616189
5175,79.15266658902796,20.84733341097204,222260.6877819905,58539.31221800952
5176,78.07517534990491,21.92482465009509,219235.09238253298,61564.90761746702
5177,80.23576991287112,19.76423008712888,225302.0419153421,55497.958084657905
5178,78.66325368819746,21.336746311802543,220886.41635645845,59913.58364354157
5179,80.65896259585395,19.34103740414605,226490.36696915788,54309.6330308421
5180,79.77900822209905,20.22099177790095,224019.45508765415,56780.54491234584
5181,79.60472852649619,20.39527147350381,223530.07770240132,57269.92229759867
5182,77.87518164670506,22.12481835329494,218673.51006394782,62126.489936052196
5183,79.34449691338342,20.655503086616577,222799.34733278066,58000.65266721935
5184,81.36362356288778,18.63637643711222,228469.0549645889,52330.9450354111
5185,80.93677996007229,19.063220039927714,227270.47812788296,53529.52187211704
5186,80.00344371775734,19.996556282242665,224649.6699594626,56150.3300405374
5187,78.40500714887212,21.594992851127884,220161.2600740329,60638.73992596707
5188,80.56689327028457,19.433106729715433,226231.83630295907,54568.163697040945
5189,78.41851995316719,21.58148004683281,220199.2040284935,60600.79597150652
5190,79.76538614717931,20.234613852820686,223981.2043012795,56818.79569872051
5191,78.18253085563511,21.817469144364892,219536.5466426234,61263.453357376595
5192,79.91152934809855,20.088470651901446,224391.57440946074,56408.42559053925
5193,79.54447046428379,20.45552953571621,223360.8730637089,57439.12693629109
5194,79.5659824568757,20.4340175431243,223421.27873890699,57378.721261093044
5195,79.88759352494233,20.112406475057668,224324.36261803808,56475.637381961904
5196,80.40718952644583,19.592810473554167,225783.3881902599,55016.611809740076
5197,79.07700100418204,20.922998995817963,222048.21881974314,58751.78118025686
5198,79.50012350241474,20.499876497585262,223236.34679478058,57563.65320521941
5199,79.90787914769872,20.092120852301278,224381.324646738,56418.67535326199
5200,80.93109304729317,19.068906952706826,227254.50927679925,53545.49072320075
5201,79.90307465375427,20.096925346245726,224367.83362774202,56432.166372257976
5202,80.55893304200345,19.441066957996554,226209.48398194567,54590.516018054324
5203,81.12370744479503,18.87629255520497,227795.37050498443,53004.629495015586
5204,80.11645791659389,19.883542083406113,224967.01382979564,55832.98617020434
5205,79.36130715783804,20.63869284216196,222846.5504992092,57953.44950079078
5206,80.07943722125972,19.920562778740276,224863.05971729732,55936.94028270268
5207,79.62105320543576,20.378946794564243,223575.9174008636,57224.08259913637
5208,78.71072707919726,21.289272920802745,221019.7216383859,59780.2783616141
5209,80.01197696193935,19.988023038060646,224673.63130912572,56126.36869087428
5210,78.45038030707484,21.549619692925162,220288.66790226614,60511.33209773383
5211,81.62454859529718,18.375451404702815,229201.7324555945,51598.26754440553
5212,79.55919188845625,20.440808111543745,223402.21082278516,57397.789177214836
5213,79.89024225685269,20.109757743147313,224331.80025724234,56468.19974275766
5214,79.14200767440418,20.857992325595816,222230.75754972693,58569.24245027306
5215,79.20830034501338,20.791699654986616,222416.90736879758,58383.09263120241
5216,78.51680919590235,21.483190804097646,220475.2002220938,60324.799777906206
5217,80.2829087282484,19.7170912717516,225434.40770892153,55365.59229107847
5218,78.93733104058043,21.062668959419568,221656.02556194988,59143.97443805014
5219,79.60434149122446,20.39565850877554,223528.9909073583,57271.0090926417
5220,81.21584527431159,18.78415472568841,228054.09353026695,52745.906469733054
5221,80.28976255010608,19.710237449893924,225453.65324069787,55346.34675930216
5222,79.6911277913709,20.308872208629097,223772.68683816952,57027.313161830476
5223,80.24527195297495,19.754728047025054,225328.72364395362,55471.27635604639
5224,79.30949285011012,20.690507149889882,222701.0559231092,58098.94407689078
5225,79.9953930111915,20.004606988808504,224627.0635754257,56172.93642457432
5226,79.05090682571269,20.949093174287313,221974.94636660122,58825.05363339877
5227,81.47556753276572,18.524432467234277,228783.39363200616,52016.60636799385
5228,79.1659894135843,20.8340105864157,222298.0982733447,58501.90172665532
5229,79.83050096274569,20.16949903725431,224164.0467033899,56635.953296610125
5230,81.40023631159067,18.599763688409325,228571.86356294662,52228.136437053385
5231,81.08206309520624,18.917936904793763,227678.4331713391,53121.56682866092
5232,80.99812432808078,19.001875671919223,227442.73311325084,53357.266886749145
5233,78.464600207874,21.535399792126,220328.5973837102,60471.402616289786
5234,80.07033815468222,19.92966184531778,224837.50953834766,55962.49046165234
5235,79.2650458606096,20.734954139390396,222576.2487765918,58223.751223408224
5236,80.30326619925852,19.696733800741484,225491.5714875179,55308.4285124821
5237,79.91285086575228,20.087149134247724,224395.28523103238,56404.71476896765
5238,78.94754151612722,21.052458483872783,221684.6965772852,59115.303422714795
5239,79.1351267908717,20.864873209128305,222211.43602876773,58588.56397123229
5240,79.68853159569065,20.311468404309352,223765.39672069933,57034.60327930069
5241,78.90510234930206,21.094897650697945,221565.5273968402,59234.4726031598
5242,79.18693923906608,20.813060760933922,222356.92538329755,58443.07461670243
5243,80.49531132233594,19.504688677664063,226030.8341931193,54769.1658068807
5244,79.25597004657156,20.744029953428438,222550.76389077294,58249.236109227044
5245,80.92437404460915,19.075625955390848,227235.64231726248,53564.35768273755
5246,79.98344853228691,20.016551467713086,224593.52347866166,56206.47652133835
5247,79.28629495535404,20.713705044645963,222635.91623463412,58164.0837653659
5248,78.45309131545575,21.54690868454425,220296.28041379974,60503.71958620026
5249,78.67333951769083,21.326660482309165,220914.73736567586,59885.26263432411
5250,80.93709705351164,19.062902946488364,227271.36852626066,53528.63147373937
5251,79.24909397543512,20.750906024564884,222531.45588302182,58268.5441169782
5252,81.23375022553229,18.76624977446771,228104.37063329466,52695.62936670535
5253,79.08793822049493,20.912061779505066,222078.9305231498,58721.069476850214
5254,80.75235069231881,19.247649307681186,226752.60074403125,54047.39925596877
5255,80.21976096665763,19.78023903334237,225257.0887943746,55542.911205625394
5256,79.74343831108446,20.25656168891554,223919.57477752515,56880.42522247487
5257,79.06148728418238,20.938512715817623,222004.6562939841,58795.343706015905
5258,79.58976112618116,20.41023887381884,223488.0492423167,57311.95075768331
5259,80.20777577414943,19.792224225850575,225223.4343738116,55576.565626188414
5260,79.44172214536268,20.558277854637325,223072.35578417836,57727.64421582167
5261,81.646869269084,18.353130730916007,229264.40890758787,51535.59109241212
5262,81.08907134250258,18.910928657497422,227698.11232974724,53101.88767025275
5263,81.36797554396635,18.632024456033648,228481.27532745752,52318.72467254249
5264,79.4343243638587,20.565675636141293,223051.58281371527,57748.41718628473
5265,80.27829736928787,19.72170263071213,225421.45901296032,55378.54098703968
5266,80.89143740411305,19.10856259588695,227143.15623074945,53656.843769250554
5267,79.80846033309764,20.191539666902358,224102.15661533817,56697.84338466184
5268,77.33511851943804,22.66488148056196,217157.012802582,63642.987197418
5269,80.2824755845423,19.717524415457703,225433.1914413948,55366.808558605204
5270,80.7449737936737,19.255026206326306,226731.88641263574,54068.11358736427
5271,78.48887384668039,21.51112615331961,220396.7577614785,60403.2422385215
5272,79.79048516017372,20.209514839826284,224051.6823297678,56748.31767023219
5273,78.82737390047812,21.172626099521878,221347.26591254259,59452.73408745743
5274,79.49835902358727,20.50164097641273,223231.39213823306,57568.60786176693
5275,79.14741200138279,20.85258799861721,222245.93289988287,58554.067100117136
5276,80.25038037874097,19.74961962125903,225343.06810350466,55456.93189649531
5277,79.13635850814943,20.863641491850572,222214.8946908836,58585.10530911638
5278,79.23780178966874,20.762198210331263,222499.74742538983,58300.25257461019
5279,79.95176625307255,20.04823374692745,224504.5596386277,56295.44036137232
5280,79.11222505334743,20.88777494665257,222147.1279497996,58652.87205020043
5281,79.52443791302431,20.475562086975685,223304.62165977227,57495.37834022773
5282,79.33444007411258,20.665559925887422,222771.10772810812,58028.89227189186
5283,81.29771181673011,18.702288183269886,228283.97478137814,52516.02521862186
5284,78.95045433342669,21.04954566657331,221692.87576826214,59107.12423173785
5285,79.11283245001793,20.887167549982067,222148.83351965036,58651.16648034964
5286,80.62616711300036,19.373832886999637,226398.27725330502,54401.72274669499
5287,79.63725275551262,20.36274724448738,223621.40573747945,57178.59426252055
5288,78.60749649707752,21.39250350292248,220729.8501637937,60070.14983620631
5289,78.78864466845572,21.211355331544283,221238.51422902365,59561.485770976346
5290,80.9079316995341,19.092068300465897,227189.47221229173,53610.52778770827
5291,79.37209959764371,20.62790040235629,222876.85567018355,57923.14432981647
5292,81.00038790465317,18.999612095346833,227449.0892362661,53350.91076373393
5293,79.70217517482052,20.297824825179475,223803.70789089604,56996.29210910394
5294,79.56059402926937,20.439405970730633,223406.14803418837,57393.851965811635
5295,81.91214339118397,18.087856608816026,230009.2986424446,50790.701357555416
5296,81.6582074456555,18.341792554344494,229296.24650740065,51503.75349259935
5297,79.50879958529022,20.49120041470978,223260.70923549493,57539.29076450508
5298,80.36141194378892,19.638588056211077,225654.84473815927,55145.15526184073
5299,79.91640433826288,20.08359566173712,224405.26338184217,56394.736618157825
5300,80.34512312570851,19.65487687429149,225609.10573698953,55190.89426301047
5301,79.61634527958789,20.38365472041211,223562.69754508277,57237.30245491721
5302,79.74393247862804,20.25606752137196,223920.9623999875,56879.037600012496
5303,79.00279270954668,20.997207290453318,221839.84192840706,58960.158071592945
5304,78.75469775533298,21.245302244667016,221143.191296975,59656.80870302498
5305,79.15430227374401,20.84569772625599,222265.2807846732,58534.71921532681
5306,79.20931615089532,20.79068384910468,222419.75975171404,58380.24024828596
5307,80.14159867512876,19.858401324871238,225037.60907976158,55762.390920238446
5308,80.65311238049787,19.346887619502127,226473.939564438,54326.06043556199
5309,79.63929762318782,20.360702376812185,223627.1477259114,57172.85227408858
5310,80.28177986804407,19.71822013195593,225431.23786946773,55368.76213053227
5311,79.19071224600614,20.809287753993857,222367.51998678525,58432.48001321474
5312,80.89731192958428,19.102688070415724,227159.65189827263,53640.34810172737
5313,80.18907782897747,19.810922171022526,225170.93054376874,55629.06945623126
5314,79.32585674989798,20.67414325010202,222747.00575371354,58052.99424628644
5315,79.99938165085692,20.000618349143082,224638.26367560623,56161.73632439377
5316,79.35637905246737,20.643620947532625,222832.71237932838,57967.28762067164
5317,80.34504339081984,19.65495660918016,225608.88184142212,55191.11815857788
5318,78.1190641174708,21.8809358825292,219358.332041858,61441.66795814202
5319,79.55040438822674,20.449595611773262,223377.53552214068,57422.46447785932
5320,79.46022291530662,20.539777084693384,223124.305946181,57675.69405381901
5321,80.34880423267225,19.65119576732775,225619.44228534368,55180.5577146563
5322,78.65037190122517,21.34962809877483,220850.24429864026,59949.75570135974
5323,79.87647122103724,20.123528778962765,224293.13118867256,56506.86881132744
5324,80.26569618998442,19.734303810015575,225386.07490147627,55413.925098523716
5325,78.68947480159983,21.31052519840017,220960.04524289235,59839.954757107655
5326,79.28455122381428,20.715448776185724,222631.01983647048,58168.98016352954
5327,79.58484088305467,20.415159116945333,223474.2331996175,57325.766800382495
5328,81.04730665822939,18.952693341770612,227580.83709630813,53219.162903691846
5329,78.48643328379474,21.51356671620526,220389.90466089564,60410.095339104366
5330,78.95950257640447,21.040497423595525,221718.28323454375,59081.71676545625
5331,79.01858885103896,20.981411148961044,221884.19749371737,58915.802506282635
5332,79.68714866354925,20.31285133645075,223761.51344724628,57038.48655275372
5333,79.82216411497468,20.177835885025317,224140.6368348489,56659.363165151095
5334,79.44555093496501,20.554449065034987,223083.10702538176,57716.892974618226
5335,78.67531896280178,21.324681037198218,220920.29564754743,59879.70435245258
5336,80.66629760006042,19.333702399939583,226510.96366096966,54289.03633903035
5337,79.67328800763933,20.32671199236067,223722.59272545125,57077.407274548765
5338,79.63381413586258,20.36618586413742,223611.7500935021,57188.249906497906
5339,77.97583556440817,22.02416443559183,218956.14626485814,61843.85373514185
5340,78.58102315097895,21.41897684902105,220655.5130079489,60144.4869920511
5341,81.62687754241766,18.37312245758234,229208.27213910877,51591.72786089123
5342,81.16638228719398,18.833617712806017,227915.20146244072,52884.79853755931
5343,80.30030900914991,19.699690990850087,225483.26769769297,55316.73230230702
5344,79.71824895281726,20.281751047182738,223848.84305951087,56951.15694048915
5345,80.3857432078627,19.614256792137297,225723.16692767848,55076.833072321526
5346,80.70951497878244,19.290485021217563,226632.3180604211,54167.68193957889
5347,79.17594924852295,20.824050751477046,222326.06548985242,58473.934510147585
5348,81.42965849990198,18.570341500098024,228654.48106772476,52145.51893227525
5349,77.88286259021501,22.117137409784988,218695.07815332376,62104.92184667623
5350,79.62401500809379,20.375984991906208,223584.2341427274,57215.76585727259
5351,78.64934021911017,21.350659780889828,220847.34733526138,59952.65266473861
5352,80.48885653330422,19.511143466695785,226012.70914551822,54787.29085448179
5353,80.03760814273294,19.962391857267065,224745.60366479406,56054.39633520595
5354,79.79411003137574,20.205889968624263,224061.86096810305,56738.13903189696
5355,78.72789520416332,21.272104795836682,221067.92973329057,59732.07026670943
5356,79.52798766278302,20.47201233721698,223314.58935709472,57485.41064290528
5357,80.78135259690298,19.218647403097023,226834.03809210355,53965.96190789646
5358,79.48404971351218,20.515950286487822,223191.2115955422,57608.78840445781
5359,77.85292398369225,22.14707601630775,218611.01054620784,62188.98945379216
5360,79.3217435899338,20.678256410066197,222735.45600053412,58064.54399946585
5361,79.10991411165503,20.89008588834497,222140.63882552733,58659.361174472666
5362,79.65785204087787,20.34214795912213,223679.24853078506,57120.75146921495
5363,78.82250703113009,21.177492968869913,221333.59974341327,59466.40025658674
5364,78.48903042031921,21.51096957968079,220397.19742025633,60402.802579743686
5365,80.15181520523444,19.848184794765558,225066.2970962983,55733.70290370168
5366,79.16843853649584,20.83156146350416,222304.97541048034,58495.02458951968
5367,80.37163251068186,19.628367489318137,225683.54408999468,55116.45591000533
5368,80.3677313694809,19.632268630519107,225672.58968550235,55127.41031449767
5369,79.3858576794473,20.614142320552702,222915.48836388803,57884.51163611197
5370,79.75128641369093,20.248713586309066,223941.61224964415,56858.38775035586
5371,78.84287857240832,21.157121427591676,221390.80303132258,59409.196968677425
5372,78.41671645985971,21.583283540140286,220194.13981928607,60605.86018071393
5373,80.17199750151873,19.82800249848127,225122.9689842646,55677.031015735425
5374,80.60050173592045,19.399498264079554,226326.20887446462,54473.79112553537
5375,78.96762100503065,21.03237899496935,221741.07978212606,59058.920217873965
5376,80.0644756564241,19.935524343575906,224821.04764323885,55978.95235676114
5377,79.31868326646708,20.681316733532924,222726.86261223955,58073.13738776042
5378,79.34243762947574,20.65756237052426,222793.56486356788,58006.43513643211
5379,78.80565892899484,21.194341071005155,221286.29027261754,59513.70972738246
5380,80.4876742181258,19.512325781874196,226009.38920449725,54790.61079550274
5381,80.83640994869839,19.16359005130161,226988.6391359451,53811.3608640549
5382,80.14286974069435,19.85713025930565,225041.1782318697,55758.82176813031
5383,79.60600450180463,20.393995498195366,223533.66064106743,57266.33935893255
5384,80.35844851295485,19.64155148704515,225646.52342437723,55153.47657562278
5385,79.87930035354137,20.120699646458633,224301.07539274413,56498.924607255874
5386,81.09792938857888,18.902070611421124,227722.98572312947,53077.01427687053
5387,80.31582991868376,19.68417008131624,225526.850411664,55273.14958833602
5388,80.67046910549489,19.329530894505112,226522.67724822965,54277.322751770334
5389,78.9175059359698,21.0824940640302,221600.3566682032,59199.643331796804
5390,80.2876511132893,19.7123488867107,225447.72432611638,55352.27567388362
5391,80.10369854027401,19.89630145972599,224931.18550108944,55868.81449891058
5392,80.02951297077495,19.970487029225055,224722.87242193607,56077.12757806392
5393,78.10956637199045,21.890433628009546,219331.6623725492,61468.33762745079
5394,80.66936601936425,19.330633980635753,226519.57978237479,54280.42021762523
5395,78.93834899940832,21.06165100059168,221658.88399033854,59141.116009661455
5396,80.60398277943916,19.396017220560836,226335.9836446652,54464.016355334825
5397,80.48055982497364,19.51944017502636,225989.41198852597,54810.588011474036
5398,81.50972340573597,18.49027659426403,228879.3033233066,51920.696676693406
5399,80.96194650085407,19.03805349914593,227341.1457743982,53458.8542256018
5400,79.31732468512891,20.68267531487109,222723.04771584197,58076.95228415803
5401,79.9180443832971,20.0819556167029,224409.86862829828,56390.13137170173
5402,79.7370403885769,20.2629596114231,223901.60941112397,56898.39058887605
5403,79.28620794101572,20.713792058984282,222635.67189837215,58164.32810162783
5404,80.40842126106953,19.591578738930465,225786.84690108328,55013.15309891673
5405,79.71860281153808,20.281397188461924,223849.83669479893,56950.16330520107
5406,80.33158884351943,19.668411156480573,225571.10147260255,55228.89852739747
5407,79.51797700822905,20.482022991770947,223286.47943910718,57513.52056089281
5408,80.09991842159354,19.900081578406457,224920.57092783466,55879.42907216533
5409,78.30719379661487,21.692806203385132,219886.60018089457,60913.399819105434
5410,77.8529451479099,22.147054852090093,218611.06997533105,62188.93002466895
5411,77.34002380918491,22.659976190815087,217170.78685619123,63629.21314380879
5412,80.23803748162511,19.761962518374887,225308.40924840333,55491.59075159668
5413,80.74815240425784,19.251847595742163,226740.811951156,54059.18804884398
5414,80.38846072668382,19.611539273316183,225730.79772052815,55069.202279471836
5415,80.73885110472541,19.261148895274587,226714.69390206898,54085.306097931025
5416,78.79841920302067,21.20158079697933,221265.96112208205,59534.03887791797
5417,80.53427638166454,19.46572361833546,226140.24807971402,54659.75192028598
5418,78.44808758385973,21.55191241614027,220282.22993547813,60517.7700645219
5419,80.91471801079967,19.085281989200325,227208.52817432547,53591.47182567454
5420,79.77683831491004,20.223161685089963,224013.3619882674,56786.638011732604
5421,79.03015072262323,20.969849277376767,221916.66322912605,58883.33677087396
5422,80.80523772273004,19.19476227726996,226901.10752542596,53898.892474574044
5423,78.75396608668967,21.246033913310328,221141.13677142462,59658.86322857539
5424,79.72829441597213,20.27170558402787,223877.0507200497,56922.94927995029
5425,81.05555187455609,18.944448125443913,227603.98966375348,53196.01033624653
5426,80.93119545013997,19.068804549860033,227254.79682399303,53545.203176006966
5427,78.50818937250106,21.491810627498936,220450.995757983,60349.004242017014
5428,80.68540250913938,19.31459749086062,226564.61024566338,54235.389754336626
5429,78.04035792746821,21.959642072531793,219137.32506033074,61662.674939669276
5430,80.45743814244986,19.54256185755014,225924.48630399923,54875.513696000766
5431,78.67334031375478,21.326659686245222,220914.7396010234,59885.26039897659
5432,79.65405151989697,20.345948480103033,223668.57666787072,57131.423332129285
5433,80.74430359448328,19.255696405516716,226730.00449330904,54069.99550669096
5434,80.0590681064708,19.940931893529196,224805.86324297002,55994.13675702998
5435,78.68688213881822,21.31311786118178,220952.76504580156,59847.23495419844
5436,79.24225773208035,20.757742267919653,222512.2597116816,58287.74028831838
5437,80.01701367944011,19.98298632055989,224687.77441186784,56112.22558813216
5438,78.96324480089662,21.036755199103382,221728.7914009177,59071.20859908231
5439,79.74705782213331,20.252942177866686,223929.73836455034,56870.26163544964
5440,81.21168570179228,18.788314298207723,228042.4134506327,52757.58654936726
5441,79.39504225725992,20.604957742740083,222941.27865838585,57858.72134161416
5442,78.22810752360296,21.771892476397042,219664.52592627713,61135.474073722886
5443,81.07826901810509,18.92173098189491,227667.77940283908,53132.220597160944
5444,78.56262575716238,21.43737424283762,220603.85312611196,60196.14687388805
5445,80.81673972569683,19.183260274303166,226933.4051497567,53866.59485024327
5446,80.39204183819555,19.607958161804447,225740.8534816531,55059.14651834691
5447,80.81666032231088,19.18333967768912,226933.18218504897,53866.81781495106
5448,79.47922868703384,20.52077131296616,223177.67415319104,57622.32584680895
5449,78.56799403438308,21.432005965616924,220618.92724854767,60181.07275145234
5450,78.71979516805715,21.280204831942854,221045.18483190448,59754.815168095534
5451,79.7853537096309,20.214646290369103,224037.27321664357,56762.72678335644
5452,78.5205885003662,21.479411499633798,220485.8125090283,60314.18749097169
5453,79.77533478543448,20.22466521456552,224009.14007750002,56790.85992249998
5454,80.51088432860163,19.489115671398366,226074.5631947134,54725.43680528659
5455,80.79992000496189,19.20007999503811,226886.175373933,53913.82462606701
5456,80.04998175371362,19.950018246286376,224780.34876442788,56019.65123557215
5457,80.44719738902141,19.55280261097859,225895.7302683721,54904.26973162789
5458,80.50672036508108,19.49327963491892,226062.87078514765,54737.12921485236
5459,80.16226074391143,19.837739256088568,225095.6281689033,55704.371831096694
5460,80.24648647496704,19.753513525032957,225332.13402170746,55467.865978292524
5461,78.85799073467574,21.142009265324262,221433.2379829695,59366.762017030516
5462,79.24866426127754,20.75133573872246,222530.2492456673,58269.75075433268
5463,79.88602948095517,20.113970519044827,224319.9707825221,56480.0292174779
5464,79.60093442621563,20.39906557378437,223519.4238688135,57280.57613118652
5465,77.47805876874106,22.521941231258936,217558.3890226249,63241.610977375094
5466,81.03853337382233,18.961466626177668,227556.2017136931,53243.79828630688
5467,80.31526378889211,19.68473621110789,225525.26071920904,55274.73928079098
5468,78.29156003471117,21.708439965288832,219842.70057746896,60957.29942253104
5469,79.83239015262525,20.16760984737475,224169.35154857172,56630.64845142825
5470,80.03672047418374,19.96327952581626,224743.11109150792,56056.88890849205
5471,78.82065973525378,21.179340264746216,221328.41253659263,59471.587463407355
5472,80.86304727603788,19.136952723962125,227063.43675111438,53736.56324888565
5473,79.84821785193546,20.15178214806454,224213.79572823475,56586.20427176523
5474,79.26611023754047,20.733889762459526,222579.23754701365,58220.76245298633
5475,81.47751995913463,18.522480040865375,228788.87604525004,52011.12395474996
5476,78.63697607306443,21.36302392693557,220812.62881316495,59987.37118683505
5477,77.10746933778361,22.892530662216387,216517.77390049637,64282.22609950365
5478,80.16016874868187,19.83983125131813,225089.7538462987,55710.246153701286
5479,79.56276170745767,20.437238292542332,223412.2348745411,57387.76512545887
5480,79.51796633050049,20.482033669499515,223286.44945604535,57513.55054395464
5481,78.18978840070622,21.81021159929378,219556.92582918305,61243.07417081695
5482,81.25025296396927,18.749747036030726,228150.7103228257,52649.289677174325
5483,78.17847958801296,21.821520411987038,219525.1706831404,61274.8293168596
5484,79.28458379406187,20.715416205938126,222631.11129372573,58168.88870627428
5485,80.32055133679307,19.679448663206927,225540.10815371494,55259.89184628507
5486,80.40737255250299,19.59262744749701,225783.9021274284,55016.09787257158
5487,80.95488580535724,19.045114194642764,227321.3193414431,53478.6806585569
5488,80.68090603653134,19.31909396346866,226551.98415058,54248.01584941999
5489,79.7039286013619,20.296071398638105,223808.6315126242,56991.3684873758
5490,78.34632813497663,21.65367186502337,219996.48940301436,60803.51059698562
5491,81.09970643391107,18.900293566088934,227727.97566642228,53072.02433357773
5492,81.23423255962426,18.76576744037574,228105.72502742492,52694.274972575105
5493,80.861756911183,19.138243088817006,227059.81340660184,53740.18659339816
5494,81.55791216979951,18.442087830200492,229014.61737279702,51785.382627202984
5495,80.0131136492896,19.986886350710407,224676.82312720516,56123.17687279483
5496,81.10403318127857,18.895966818721433,227740.12517303022,53059.87482696978
5497,80.37129406222014,19.628705937779856,225682.59372671417,55117.40627328583
5498,79.0351084527515,20.9648915472485,221930.58453532623,58869.415464673795
5499,78.356296165396,21.643703834603997,220024.47963243196,60775.52036756803
5500,77.56899379282298,22.43100620717702,217813.73457024695,62986.26542975305
5501,80.30339033702991,19.69660966297009,225491.92006638,55308.079933620014
5502,77.95742657529155,22.04257342470845,218904.45382341865,61895.54617658134
5503,78.54126625032023,21.458733749679766,220543.87563089922,60256.124369100784
5504,79.14547982264932,20.85452017735068,222240.5073419993,58559.4926580007
5505,80.86454736785753,19.135452632142474,227067.64900894393,53732.350991056046
5506,81.75552479375334,18.244475206246662,229569.5136208594,51230.48637914059
5507,81.10150927334419,18.898490726655808,227733.03803955048,53066.961960449495
5508,78.90393507684637,21.096064923153634,221562.2496957846,59237.7503042154
5509,80.32347538590649,19.67652461409351,225548.31888362544,55251.68111637456
5510,81.08027719957303,18.919722800426968,227673.41837640107,53126.58162359892
5511,78.46550667751607,21.534493322483925,220331.14275046514,60468.85724953485
5512,81.57368633007547,18.426313669924525,229058.91121485195,51741.08878514806
5513,80.22888665848498,19.77111334151502,225282.71373702586,55517.28626297416
5514,80.04453143786185,19.95546856213815,224765.04427751608,56034.95572248394
5515,79.25587096720356,20.744129032796437,222550.48567590758,58249.51432409242
5516,78.2745884349066,21.725411565093395,219795.04432521772,61004.955674782264
5517,79.8726563345953,20.127343665404695,224282.4189875436,56517.58101245641
5518,78.5826340340569,21.417365965943105,220660.03636763178,60139.96363236823
5519,79.40694011509908,20.593059884900924,222974.68784319822,57825.31215680178
5520,81.80463328455322,18.19536671544678,229707.41026302543,51092.58973697456
5521,81.0517458524863,18.948254147513694,227593.30235378156,53206.697646218425
5522,79.3361017731605,20.663898226839507,222775.77377903467,58024.22622096533
5523,79.58777905948187,20.412220940518125,223482.48359902512,57317.5164009749
5524,80.03696767727179,19.96303232272821,224743.80523777916,56056.194762220824
5525,79.03106915981303,20.96893084018697,221919.242200755,58880.757799244995
5526,79.36173439867929,20.63826560132071,222847.75019149145,57952.24980850857
5527,80.63581837455851,19.36418162544149,226425.3779957603,54374.6220042397
5528,79.60925197749307,20.390748022506926,223542.77955280052,57257.22044719946
5529,79.37720527105151,20.62279472894849,222891.19240111264,57908.80759888736
5530,77.78062050347226,22.219379496527736,218407.98237375013,62392.01762624985
5531,80.32605778772002,19.673942212279982,225555.57026791782,55244.42973208218
5532,80.25709049541814,19.74290950458186,225361.91011113412,55438.0898888659
5533,79.57992074887899,20.42007925112101,223460.41746285223,57339.58253714777
5534,78.89622772832837,21.10377227167163,221540.60746114608,59259.392538853914
5535,79.88947527375082,20.11052472624918,224329.64656869232,56470.35343130767
5536,79.8944862621307,20.105513737869302,224343.717424063,56456.28257593697
5537,79.1296654978595,20.870334502140494,222196.1007179895,58603.89928201052
5538,79.62573026369769,20.37426973630231,223589.0505804631,57210.94941953689
5539,80.49005606580162,19.509943934198375,226016.07743277098,54783.92256722901
5540,80.72440718348034,19.275592816519662,226674.1353712128,54125.86462878724
5541,80.87092582354796,19.129074176452036,227085.55971252266,53714.44028747734
5542,78.34237217130887,21.657627828691133,219985.3810570353,60814.61894296471
5543,80.2099950832831,19.790004916716896,225229.66619385895,55570.33380614106
5544,78.76301798337019,21.23698201662981,221166.55449730347,59633.445502696515
5545,79.86483694921877,20.13516305078123,224260.46215340632,56539.53784659367
5546,80.75890024898567,19.241099751014332,226770.99189915176,54029.00810084823
5547,77.74794697712277,22.252053022877234,218316.2351117607,62483.7648882393
5548,80.49658851819753,19.503411481802473,226034.42055909868,54765.57944090132
5549,79.957461384847,20.042538615153006,224520.55156865035,56279.448431349636
5550,78.89908871423657,21.10091128576343,221548.64110957627,59251.35889042374
5551,80.12200851937604,19.87799148062396,224982.59992240788,55817.400077592094
5552,77.9244481313336,22.075551868666395,218811.8503527848,61988.1496472152
5553,80.23815540533343,19.76184459466657,225308.74037817627,55491.25962182375
5554,79.50604788943188,20.493952110568117,223252.98247352472,57547.01752647526
5555,79.76679731756055,20.233202682439455,223985.16686771,56814.833132289976
5556,80.58765231404286,19.412347685957144,226290.12769783233,54509.872302167656
5557,78.98339683944224,21.016603160557764,221785.37832515378,59014.6216748462
5558,79.04786600624473,20.952133993755268,221966.4077455352,58833.59225446479
5559,79.18038384787668,20.819616152123317,222338.51784483774,58461.48215516225
5560,79.29172338426308,20.70827661573692,222651.15926301072,58148.84073698926
5561,79.55875512844123,20.441244871558766,223400.984400663,57399.015599337
5562,79.74062895021412,20.259371049785884,223911.68609220124,56888.31390779876
5563,78.27830400739644,21.721695992603557,219805.4776527692,60994.52234723083
5564,80.38883418222808,19.61116581777192,225731.84638369642,55068.15361630358
5565,78.61547181804004,21.384528181959965,220752.24486505642,60047.7551349436
5566,79.2501917545085,20.749808245491494,222534.53844665986,58265.46155334012
5567,80.18076265695002,19.819237343049977,225147.58154071568,55652.41845928432
5568,78.74828182360211,21.251718176397887,221125.17536067474,59674.82463932526
5569,80.51521055414777,19.48478944585223,226086.71123604692,54713.28876395311
5570,80.11614952837355,19.883850471626445,224966.14787567293,55833.852124327095
5571,79.95395078419607,20.046049215803933,224510.69380202258,56289.30619797743
5572,78.65287924926943,21.347120750730568,220857.28493194855,59942.715068051424
5573,79.84515694395994,20.154843056040065,224205.2006986395,56594.799301360516
5574,79.90904343595587,20.090956564044134,224384.59396816406,56415.40603183592
5575,79.20605830405037,20.793941695949627,222410.61171777346,58389.38828222655
5576,81.3530758253495,18.646924174650493,228439.43691758142,52360.563082418594
5577,80.27331200379709,19.726687996202912,225407.4601066622,55392.539893337795
5578,78.51010530606702,21.489894693932982,220456.3756994362,60343.6243005638
5579,80.20065714767982,19.79934285232018,225203.44527068493,55596.55472931508
5580,78.9336246032455,21.066375396754495,221645.61788591335,59154.38211408667
5581,80.8979062044856,19.102093795514406,227161.32062219555,53638.67937780446
5582,79.05366778388131,20.94633221611869,221982.69913713873,58817.30086286126
5583,79.37718118276868,20.62281881723132,222891.12476121445,57908.875238785535
5584,78.31204101109925,21.687958988900746,219900.2111591667,60899.78884083332
5585,80.07518931339523,19.924810686604772,224851.13159201381,55948.86840798617
5586,80.66596053610509,19.33403946389491,226510.01718538307,54289.98281461693
5587,79.89204559984464,20.107954400155364,224336.86404436373,56463.13595563627
5588,79.5607562751374,20.439243724862607,223406.60362058578,57393.396379414226
5589,80.51180607076822,19.488193929231784,226077.15144671712,54722.84855328289
5590,80.20736290160568,19.792637098394323,225222.27502770876,55577.72497229125
5591,78.03557007363699,21.96442992636301,219123.88076677267,61676.11923322736
5592,79.74627867523704,20.253721324762964,223927.5505200656,56872.44947993441
5593,78.85295588315851,21.147044116841485,221419.1001199091,59380.8998800909
5594,79.93805113996217,20.06194886003783,224466.0476010138,56333.95239898622
5595,80.70197409194934,19.29802590805066,226611.14325019374,54188.85674980629
5596,82.19235093986057,17.807649060139426,230796.12143912847,50003.878560871526
5597,79.19546829376694,20.804531706233064,222380.87496889755,58419.12503110246
5598,80.43981247198832,19.56018752801168,225874.9934213432,54925.00657865679
5599,79.89843415429966,20.101565845700335,224354.80310527346,56445.19689472653
5600,79.40739198171734,20.59260801828266,222975.95668466226,57824.043315337745
5601,79.05726532222226,20.942734677777736,221992.80102480014,58807.19897519988
5602,78.93092970061763,21.069070299382375,221638.0505993343,59161.9494006657
5603,78.99606225463107,21.00393774536893,221820.94281100406,58979.057188995954
5604,80.057788603115,19.942211396885,224802.2703975469,55997.72960245308
5605,77.99589118132111,22.004108818678887,219012.4624371497,61787.53756285031
5606,79.74843404715095,20.25156595284905,223933.60280439988,56866.397195600126
5607,78.28803684395874,21.711963156041264,219832.8074578361,60967.19254216388
5608,80.00032035895016,19.999679641049838,224640.89956793207,56159.10043206794
5609,79.1752469342769,20.8247530657231,222324.09339144954,58475.90660855046
5610,79.82913484232778,20.170865157672225,224160.2106372564,56639.78936274362
5611,79.40170247006077,20.59829752993923,222959.98053593063,57840.019464069366
5612,79.86880621444045,20.131193785559546,224271.6078501488,56528.39214985122
5613,80.00410454741511,19.99589545258489,224651.52556914164,56148.47443085835
5614,78.87869719950596,21.121302800494036,221491.38173621276,59308.61826378724
5615,79.32815865874556,20.671841341254435,222753.46951375753,58046.53048624248
5616,79.05710992548842,20.94289007451158,221992.3646707715,58807.635329228506
5617,79.03447011066189,20.965529889338114,221928.79207073856,58871.207929261465
5618,79.76227436097153,20.23772563902847,223972.46640560805,56827.53359439193
5619,78.60557257529581,21.39442742470419,220724.44779143063,60075.55220856938
5620,79.43902190331659,20.560978096683414,223064.77350451297,57735.22649548704
5621,80.09027619135021,19.909723808649787,224893.49554531142,55906.504454688555
5622,78.600993884656,21.399006115343994,220711.59082811407,60088.40917188595
5623,78.82418466098319,21.175815339016808,221338.31052804078,59461.689471959224
5624,79.41937845812274,20.580621541877264,223009.61471040864,57790.38528959136
5625,80.22613915780298,19.773860842197024,225274.99875511078,55525.0012448892
5626,80.47698384454692,19.523016155453078,225979.37063548775,54820.629364512235
5627,79.10704602051307,20.892953979486933,222132.5852256007,58667.41477439932
5628,80.36961972456746,19.630380275432543,225677.8921865854,55122.107813414594
5629,79.36509207018547,20.63490792981453,222857.1785330808,57942.82146691921
5630,77.74530059657123,22.254699403428774,218308.804075172,62491.195924828
5631,78.0855381046232,21.914461895376803,219264.19099778193,61535.809002218084
5632,79.00086328365346,20.99913671634654,221834.4241004989,58965.57589950111
5633,80.36202890985142,19.637971090148582,225656.5771788628,55143.422821137225
5634,79.32583804255476,20.674161957445236,222746.95322349377,58053.046776506235
5635,81.0537997252396,18.9462002747604,227599.0696284728,53200.93037152721
5636,79.68566029721649,20.314339702783514,223757.3341145839,57042.66588541611
5637,80.10645563962552,19.893544360374477,224938.92743606845,55861.072563931564
5638,79.22685287658237,20.77314712341763,222469.0028774433,58330.9971225567
5639,79.05884452555709,20.94115547444291,221997.2354277643,58802.76457223572
5640,78.93282326231358,21.067176737686424,221643.36772057653,59156.63227942347
5641,80.83067664331254,19.169323356687457,226972.54001442163,53827.459985578374
5642,81.96546398107924,18.03453601892076,230159.02285887048,50640.97714112952
5643,80.1510545806442,19.8489454193558,225064.1612624489,55735.838737551094
5644,79.45711840709193,20.542881592908074,223115.58848711415,57684.41151288586
5645,79.26056736615827,20.73943263384173,222563.6731641724,58236.3268358276
5646,79.82780737448381,20.17219262551619,224156.48310755056,56643.51689244942
5647,80.05899950334242,19.94100049665758,224805.67060538553,55994.329394614484
5648,79.93251871765727,20.067481282342726,224450.51255918163,56349.48744081836
5649,79.44918391824704,20.550816081752956,223093.3084424377,57706.69155756231
5650,79.72102678534411,20.278973214655892,223856.64321324625,56943.356786753764
5651,81.95113613316411,18.048863866835887,230118.79026192485,50681.20973807518
5652,79.24426749402204,20.75573250597796,222517.9031232139,58282.09687678609
5653,80.36616136512912,19.633838634870884,225668.18111328257,55131.81888671742
5654,79.97965331879168,20.020346681208324,224582.86651916703,56217.133480832985
5655,79.51992179063835,20.48007820936165,223291.94038811247,57508.05961188752
5656,80.81541999985731,19.184580000142688,226929.69935959933,53870.300640400645
5657,79.43894571767937,20.561054282320626,223064.55957524368,57735.44042475632
5658,79.21842796939114,20.781572030608856,222445.34573805032,58354.654261949676
5659,79.14879106533533,20.85120893466467,222249.80531146162,58550.194688538366
5660,79.34982172943748,20.65017827056252,222814.29941626044,57985.700583739526
5661,80.38721045288138,19.612789547118624,225727.2869516909,55072.71304830909
5662,79.89111897209936,20.108881027900637,224334.262073655,56465.73792634501
5663,79.38718831913127,20.61281168086873,222919.22480012057,57880.77519987943
5664,79.98112284471762,20.018877155282382,224586.99294796708,56213.00705203292
5665,80.19301646026145,19.806983539738553,225181.99022041415,55618.00977958583
5666,79.27581115158881,20.72418884841119,222606.47771366138,58193.522286338615
5667,80.75285848093083,19.247141519069174,226754.02661445376,54045.97338554624
5668,80.8143939371889,19.185606062811104,226926.81817562642,53873.18182437357
5669,78.96897273602335,21.031027263976654,221744.87544275355,59055.12455724647
5670,77.64849663336946,22.35150336663054,218036.97854650143,62763.02145349857
5671,80.26822057107378,19.731779428926217,225393.1633635752,55406.836636424785
5672,79.51237172742086,20.487628272579144,223270.73981059773,57529.26018940228
5673,79.22481429182974,20.775185708170255,222463.27853145794,58336.72146854207
5674,79.99726879295388,20.002731207046125,224632.3307706145,56167.66922938551
5675,79.08945765270863,20.91054234729137,222083.1970888058,58716.80291119418
5676,78.02850845824706,21.97149154175294,219104.05175075773,61695.948249242254
5677,80.86621477210268,19.13378522789732,227072.33108006435,53727.66891993563
5678,78.95591416458767,21.044085835412332,221708.20697416217,59091.793025837826
5679,80.50647180736551,19.493528192634486,226062.17283508237,54737.82716491763
5680,79.5478576202792,20.452142379720797,223370.38419774402,57429.61580225599
5681,80.07562553571958,19.92437446428042,224852.35650430058,55947.64349569943
5682,79.72061594144445,20.27938405855555,223855.489563576,56944.51043642401
5683,78.3465874563899,21.653412543610102,219997.21757754282,60802.78242245718
5684,80.61433947945619,19.38566052054381,226365.06525831297,54434.93474168703
5685,80.01894866074545,19.98105133925455,224693.2078393732,56106.79216062677
5686,79.27330499831973,20.72669500168027,222599.44043528178,58200.55956471819
5687,77.82249755068604,22.177502449313963,218525.57312232637,62274.426877673635
5688,80.22982674813123,19.77017325186877,225285.35350875248,55514.6464912475
5689,79.30051334014536,20.699486659854642,222675.84145912813,58124.15854087188
5690,79.09651149889825,20.903488501101748,222103.0042889063,58696.99571109371
5691,80.53919027197017,19.46080972802983,226154.04628369224,54645.95371630777
5692,79.7658066927977,20.234193307202304,223982.38519337593,56817.61480662408
5693,79.89108117779078,20.10891882220922,224334.15594723652,56465.84405276348
5694,78.44694820884192,21.553051791158083,220279.0305704281,60520.96942957191
5695,80.4877647030084,19.512235296991605,226009.64328604756,54790.35671395243
5696,81.39575650287203,18.604243497127968,228559.28426006465,52240.715739935345
5697,80.24769847453099,19.752301525469008,225335.53731648304,55464.46268351696
5698,79.61387410962709,20.38612589037291,223555.75849983288,57244.24150016712
5699,78.61918235249125,21.38081764750875,220762.66404579545,60037.33595420456
5700,78.83935867581553,21.160641324184468,221380.91916169,59419.08083831
5701,80.31892133517032,19.681078664829684,225535.53110915824,55264.468890841745
5702,80.02993127405239,19.970068725947613,224724.04701753912,56075.952982460876
5703,79.5922016907802,20.4077983092198,223494.9023477108,57305.097652289194
5704,78.10982600100509,21.89017399899491,219332.39141082228,61467.60858917771
5705,79.8313639346969,20.168636065303104,224166.46992862888,56633.53007137115
5706,79.82910578805134,20.170894211948664,224160.12905284815,56639.87094715185
5707,80.50055973590833,19.499440264091675,226045.5717384306,54754.428261569396
5708,79.29105933994028,20.708940660059724,222649.2946265523,58150.70537344771
5709,79.83071487796609,20.169285122033912,224164.64737732877,56635.35262267123
5710,80.51389251806623,19.48610748193377,226083.01019072995,54716.98980927005
5711,80.16844011828744,19.831559881712565,225112.9798521511,55687.0201478489
5712,81.4948524044553,18.5051475955447,228837.54555171047,51962.45444828953
5713,78.17141681526896,21.828583184731045,219505.33841727523,61294.66158272479
5714,80.27059192580988,19.72940807419012,225399.82212767412,55400.17787232589
5715,79.37010728772917,20.62989271227083,222871.26126394348,57928.73873605652
5716,78.66180961346335,21.338190386536652,220882.3613946051,59917.63860539489
5717,80.60044562788038,19.399554372119624,226326.05132308812,54473.948676911896
5718,79.38128232833968,20.61871767166032,222902.64077797782,57897.359222022205
5719,81.42432727724342,18.57567272275658,228639.51099449955,52160.48900550042
5720,78.94691990736828,21.053080092631717,221682.95109989014,59117.04890010987
5721,79.86999849578469,20.130001504215315,224274.9557761634,56525.044223836594
5722,78.54510432496184,21.45489567503816,220554.65294449287,60245.34705550714
5723,78.89115706136039,21.10884293863961,221526.3690283,59273.63097170001
5724,80.3745944400773,19.625405559922697,225691.86118773706,55108.13881226294
5725,79.48087136841629,20.519128631583712,223182.28680251294,57617.71319748706
5726,79.82122189804318,20.178778101956823,224137.99108970523,56662.00891029477
5727,81.55970556154575,18.440294438454245,229019.6532168205,51780.34678317951
5728,80.30252882787887,19.697471172121126,225489.50094868388,55310.49905131612
5729,81.37042000413645,18.62957999586355,228488.13937161514,52311.86062838485
5730,80.02001009836802,19.97998990163198,224696.1883562174,56103.81164378258
5731,79.45411318130084,20.54588681869916,223107.14981309275,57692.850186907235
5732,80.01454274392722,19.985457256072777,224680.83602494764,56119.163975052375
5733,79.44405653562787,20.555943464372135,223078.91075204307,57721.089247956916
5734,79.50636498965503,20.493635010344974,223253.8728909513,57546.12710904872
5735,79.86126462110907,20.138735378890928,224250.43105607427,56549.56894392571
5736,79.7978076434991,20.202192356500902,224072.24386294547,56727.75613705453
5737,81.4597788630621,18.5402211369379,228739.05904747837,52060.94095252162
5738,78.82034542830868,21.179654571691316,221327.52996269078,59472.47003730922
5739,80.59314946027558,19.406850539724417,226305.56368445384,54494.43631554616
5740,78.40133018052737,21.598669819472633,220150.93514692082,60649.064853079195
5741,79.62654593450766,20.37345406549234,223591.3409840975,57208.65901590249
5742,79.21932757833727,20.78067242166273,222447.87183997105,58352.128160028966
5743,80.47788164696627,19.522118353033733,225981.89166468126,54818.10833531874
5744,78.2803669189442,21.719633081055804,219811.27030839532,60988.72969160467
5745,80.15522236051858,19.84477763948142,225075.8643883362,55724.135611663805
5746,80.03982069625677,19.96017930374323,224751.816515089,56048.18348491096
5747,79.78186873555217,20.218131264447834,224027.48740943047,56772.51259056955
5748,79.79667634136473,20.20332365863527,224069.06716655218,56730.932833447805
5749,78.63260072947493,21.36739927052507,220800.3428483656,59999.65715163442
5750,79.6702513875315,20.329748612468507,223714.0658961884,57085.934103811596
5751,78.68494914566746,21.31505085433254,220947.33720103424,59852.66279896576
5752,80.67681334892389,19.323186651076114,226540.49188377825,54259.50811622178
5753,79.40752670924225,20.592473290757752,222976.33499955223,57823.665000447756
5754,79.88884277325462,20.111157226745377,224327.87050729897,56472.12949270104
5755,80.64492536014001,19.355074639859993,226450.95041127314,54349.04958872686
5756,79.4652932682693,20.534706731730694,223138.54349730018,57661.45650269981
5757,77.85460401782315,22.14539598217685,218615.7280820474,62184.2719179526
5758,79.21351796813347,20.786482031866527,222431.5584545188,58368.4415454812
5759,78.52923167681246,21.470768323187542,220510.0825484894,60289.9174515106
5760,81.14100440718313,18.858995592816868,227843.94037537024,52956.05962462979
5761,79.45013110572921,20.549868894270787,223095.96814488765,57704.03185511235
5762,79.1491791965212,20.850820803478797,222250.89518383154,58549.10481616846
5763,80.75658423593661,19.243415764063386,226764.48853451002,54035.511465489995
5764,79.44409719669761,20.555902803302388,223079.0249283269,57720.97507167313
5765,79.27162344613896,20.72837655386104,222594.71863675822,58205.2813632418
5766,79.2710015228502,20.7289984771498,222592.97227616337,58207.027723836625
5767,81.29172566679222,18.708274333207783,228267.16567235254,52532.83432764747
5768,78.64369440384158,21.35630559615842,220831.49388598715,59968.506114012846
5769,78.9631961050257,21.036803894974298,221728.65466291216,59071.34533708784
5770,79.40009677987993,20.59990322012007,222955.47175790282,57844.52824209718
5771,79.17779475037446,20.82220524962554,222331.2476590515,58468.7523409485
5772,78.9122923766451,21.087707623354902,221585.71699361943,59214.28300638057
5773,78.89309704649219,21.106902953507813,221531.81650655007,59268.18349344993
5774,80.77414648756371,19.225853512436288,226813.80333707892,53986.19666292108
5775,80.29195444246446,19.70804555753554,225459.80807444023,55340.191925559775
5776,78.93215049449279,21.067849505507212,221641.47858853574,59158.52141146428
5777,78.88701945375314,21.11298054624686,221514.75062613882,59285.249373861196
5778,79.352466943269,20.647533056731007,222821.72717669935,57978.27282330064
5779,80.34832327394919,19.65167672605081,225618.09175324935,55181.90824675068
5780,80.50448931787349,19.495510682126508,226056.60600458877,54743.393995411236
5781,80.06974229090048,19.93025770909952,224835.83635284856,55964.16364715142
5782,81.2010654908425,18.798934509157505,228012.59189828573,52787.408101714274
5783,80.73415483447236,19.265845165527637,226701.5067751984,54098.49322480159
5784,79.2263033255846,20.773696674415405,222467.45973824157,58332.54026175844
5785,79.62505179727114,20.37494820272886,223587.14544673736,57212.85455326266
5786,77.57549782935268,22.424502170647315,217831.99790482235,62968.002095177646
5787,81.18480432751126,18.81519567248874,227966.93055165163,52833.06944834837
5788,82.51317920066671,17.486820799333287,231697.0071954721,49102.9928045279
5789,78.84475634051554,21.155243659484455,221396.07580416763,59403.92419583237
5790,79.0512046829939,20.948795317006102,221975.78274984684,58824.217250153175
5791,80.44891706364959,19.55108293635041,225900.55911472804,54899.44088527195
5792,80.46937365182438,19.530626348175616,225958.00121432287,54841.998785677104
5793,79.56162539337576,20.438374606624237,223409.04410459916,57390.95589540083
5794,77.99703832293487,22.00296167706513,219015.68361080112,61784.316389198895
5795,78.16511157836045,21.834888421639548,219487.63331203614,61312.366687963855
5796,81.46562558448707,18.53437441551293,228755.47664123971,52044.52335876026
5797,79.874587394078,20.125412605921994,224287.84140257107,56512.15859742897
5798,79.59054992611719,20.40945007388281,223490.26419253708,57309.735807462894
5799,80.0064794805752,19.993520519424806,224658.19438145513,56141.80561854487
5800,79.41352273301709,20.58647726698291,222993.17183431197,57806.82816568804
5801,78.50104060728147,21.498959392718533,220430.92202524637,60369.077974753636
5802,79.85594883332956,20.144051166670437,224235.50432398941,56564.495676010556
5803,78.1735146642673,21.8264853357327,219511.22917726258,61288.770822737424
5804,80.31549715341838,19.684502846581623,225525.9160067988,55274.0839932012
5805,79.22840147052295,20.771598529477046,222473.3513292285,58326.648670771545
5806,80.06204264458087,19.93795735541913,224814.21574598306,55985.78425401695
5807,80.12107530465123,19.878924695348772,224979.97945546068,55820.020544539344
5808,78.87605233374762,21.123947666252377,221483.95495316334,59316.04504683665
5809,79.84302326518036,20.156976734819636,224199.20932862643,56600.79067137357
5810,78.39368704309267,21.60631295690733,220129.4732170042,60670.52678299576
5811,79.71462642193656,20.285373578063442,223838.67099279788,56961.32900720212
5812,80.67646931485784,19.32353068514216,226539.52583612083,54260.474163879175
5813,79.71794308063937,20.282056919360627,223847.98417043537,56952.01582956464
5814,80.573632715667,19.426367284332997,226250.76066559297,54549.239334407044
5815,79.30008749803824,20.699912501961762,222674.64569449137,58125.354305508634
5816,80.7427347026552,19.2572652973448,226725.59904505577,54074.40095494423
5817,80.30809390294718,19.691906097052822,225505.12767947567,55294.87232052434
5818,79.22766111758067,20.772338882419334,222471.27241816648,58328.727581833526
5819,79.72746103349706,20.272538966502935,223874.71058205975,56925.289417940236
5820,78.74574781797027,21.25425218202973,221118.05987286053,59681.940127139474
5821,78.11320377612499,21.88679622387501,219341.87620335896,61458.123796641026
5822,79.9019299190341,20.098070080965897,224364.61921264778,56435.38078735221
5823,81.14271708910232,18.85728291089768,227848.74958619932,52951.250413800684
5824,79.70633326703071,20.293666732969285,223815.38381382223,56984.616186177765
5825,80.20173883113677,19.798261168863235,225206.48263783206,55593.51736216795
5826,79.730018940393,20.269981059607005,223881.8931846235,56918.10681537651
5827,80.17969233775355,19.82030766224645,225144.57608441196,55655.423915588035
5828,81.42680311735786,18.573196882642137,228646.46315354086,52153.536846459145
5829,78.81709252414754,21.18290747585246,221318.3958078063,59481.60419219372
5830,78.66819694422841,21.331803055771587,220900.29701939336,59899.702980606635
5831,80.00548813154833,19.994511868451667,224655.4106733877,56144.58932661231
5832,78.17306564063247,21.826934359367527,219509.96831889596,61290.031681104025
5833,78.93303957285922,21.066960427140785,221643.97512058867,59156.024879411314
5834,79.8754178409126,20.124582159087396,224290.1732972826,56509.826702717386
5835,78.80175200884831,21.19824799115169,221275.31964084605,59524.68035915395
5836,80.17591658754623,19.824083412453774,225133.9737778298,55666.0262221702
5837,79.34833113543175,20.65166886456825,222810.11382829235,57989.88617170766
5838,80.03476983830735,19.965230161692645,224737.63370596705,56062.366294032945
5839,79.60325991993042,20.396740080069577,223525.95385516464,57274.04614483536
5840,81.95911093435278,18.04088906564722,230141.18350366259,50658.816496337415
5841,81.01473309925233,18.985266900747675,227489.37054270052,53310.629457299496
5842,78.82499106535253,21.175008934647465,221340.57491150993,59459.42508849008
5843,78.84340914929426,21.15659085070574,221392.2928912183,59407.70710878169
5844,79.42917571234702,20.570824287652982,223037.1254002704,57762.874599729585
5845,80.02374530703369,19.976254692966307,224706.6768221506,56093.323177849394
5846,80.03049794178334,19.969502058216662,224725.63822052762,56074.36177947238
5847,80.98629788496247,19.013702115037532,227409.52446097462,53390.47553902536
5848,80.89324914207594,19.106750857924055,227148.24359094928,53651.756409050715
5849,78.94627398359437,21.053726016405633,221681.13734593298,59118.86265406704
5850,79.55289791179608,20.44710208820392,223384.5373363234,57415.46266367658
5851,78.57584313677533,21.424156863224667,220640.96752806514,60159.032471934835
5852,79.9784047161783,20.021595283821696,224579.36044302868,56220.639556971306
5853,79.83050026442413,20.16949973557587,224164.04474250297,56635.955257497044
5854,78.3136839656705,21.686316034329494,219904.8245756028,60895.17542439718
5855,80.51521783014479,19.484782169855208,226086.73166704658,54713.26833295343
5856,78.50121157413035,21.498788425869648,220431.40210015804,60368.597899841945
5857,79.9696669380659,20.0303330619341,224554.82476208903,56245.17523791096
5858,79.98484814028318,20.015151859716823,224597.45357791515,56202.54642208484
5859,79.29847183018516,20.701528169814836,222670.1088991599,58129.89110084008
5860,80.07842434744677,19.92157565255323,224860.21556763054,55939.78443236947
5861,79.11364860252993,20.886351397470065,222151.12527590408,58648.87472409592
5862,80.46504153922007,19.534958460779933,225945.83664212996,54854.16335787004
5863,78.52667450919432,21.473325490805678,220502.90202181763,60297.097978182355
5864,79.13462315319963,20.865376846800373,222210.02181418455,58589.97818581544
5865,78.87025297545102,21.129747024548976,221467.67035506648,59332.32964493352
5866,78.52234359641741,21.477656403582586,220490.7408187401,60309.25918125991
5867,78.96441149932399,21.035588500676013,221732.06749010173,59067.932509898266
5868,79.46867592831106,20.531324071688942,223148.04200669745,57651.95799330256
5869,79.47542651500544,20.524573484994562,223166.99765413528,57633.002345864734
5870,80.00035798924654,19.999642010753462,224641.0052338043,56158.9947661957
5871,80.35912595246486,19.640874047535135,225648.42567452136,55151.57432547862
5872,78.62280951159379,21.377190488406214,220772.84910855535,60027.15089144462
5873,78.73690259791364,21.26309740208636,221093.2224949415,59706.77750505851
5874,80.24361549817567,19.75638450182433,225324.07231887727,55475.92768112275
5875,78.52033986591933,21.479660134080675,220485.11434350145,60314.88565649853
5876,78.77138653298857,21.228613467011428,221190.05338463193,59609.946615368084
5877,79.44203489427653,20.55796510572347,223073.23398312848,57726.76601687154
5878,79.9263613610675,20.073638638932493,224433.22270187753,56366.77729812246
5879,79.64122671192966,20.35877328807034,223632.56460709847,57167.43539290155
5880,80.16065665898637,19.83934334101363,225091.1238984337,55708.87610156628
5881,80.47772311708736,19.522276882912635,225981.44651278132,54818.55348721871
5882,78.29067888278341,21.70932111721659,219840.2263028558,60959.773697144214
5883,78.72842523767736,21.271574762322643,221069.41806739802,59730.58193260198
5884,79.26217383681437,20.73782616318563,222568.18413377478,58231.815866225224
5885,79.06564348043433,20.934356519565668,222016.3268930596,58783.67310694039
5886,77.8378859599367,22.1621140400633,218568.78377550226,62231.21622449774
5887,80.02146719150765,19.978532808492346,224700.2798737535,56099.7201262465
5888,79.14352475093122,20.85647524906878,222235.01750061486,58564.982499385136
5889,81.41903045562108,18.580969544378917,228624.63751938398,52175.36248061604
5890,79.48730586889225,20.51269413110775,223200.35487984942,57599.64512015057
5891,79.49616416338017,20.503835836619828,223225.22897077154,57574.77102922846
5892,79.9488405845251,20.0511594154749,224496.34436134645,56303.655638653545
5893,79.70601654465874,20.293983455341262,223814.4944574017,56985.50554259827
5894,79.80010041573169,20.19989958426831,224078.68196737458,56721.31803262539
5895,79.56105362097216,20.43894637902784,223407.43856768982,57392.56143231017
5896,79.04987585447327,20.95012414552673,221972.05139936096,58827.948600639036
5897,79.12105921767865,20.87894078232135,222171.93428324163,58628.06571675838
5898,78.84000250217899,21.15999749782101,221382.7270261186,59417.27297388138
5899,80.84152156976336,19.15847843023664,227002.99256789553,53797.00743210448
5900,79.3977998515662,20.602200148433795,222949.02198319792,57850.978016802066
5901,78.92494789151917,21.075052108480833,221621.25367938582,59178.74632061419
5902,79.07372244599179,20.92627755400821,222039.01262834494,58760.987371655065
5903,81.02689926322383,18.973100736776175,227523.5331311325,53276.46686886748
5904,79.05435262995942,20.945647370040575,221984.62218492606,58815.37781507397
5905,79.62001841985168,20.379981580148325,223573.0117229435,57226.98827705647
5906,78.07725543984667,21.922744560153333,219240.93327508945,61559.06672491055
5907,80.2033089828698,19.7966910171302,225210.8916238984,55589.1083761016
5908,78.23697687293976,21.763023127060237,219689.43105921487,61110.568940785146
5909,79.6935128441405,20.3064871558595,223779.38406634654,57020.61593365346
5910,79.64762893532081,20.35237106467919,223650.54205038084,57149.457949619136
5911,77.75486126062887,22.24513873937113,218335.65041984586,62464.34958015415
5912,80.36182206356426,19.63817793643574,225655.99635448845,55144.00364551156
5913,80.45059147499195,19.549408525008047,225905.2608617774,54894.739138222576
5914,80.8352174469135,19.164782553086496,226985.29059093312,53814.70940906688
5915,77.61151626200925,22.388483737990754,217933.13766372195,62866.86233627804
5916,78.82842535062981,21.171574649370186,221350.21838456852,59449.781615431486
5917,80.30371044962538,19.696289550374615,225492.8189425481,55307.18105745191
5918,79.33062331502,20.669376684979994,222760.39026857616,58039.60973142384
5919,78.94021216074152,21.059787839258476,221664.11574736223,59135.88425263777
5920,81.43660749370297,18.563392506297035,228673.99384231793,52126.00615768209
5921,80.08909055894328,19.910909441056717,224890.1662895127,55909.83371048729
5922,79.78268988720662,20.217310112793385,224029.79320327617,56770.20679672381
5923,78.23252226997984,21.76747773002016,219676.9225341034,61123.07746589658
5924,79.27871205525521,20.721287944744788,222614.62345115666,58185.37654884336
5925,80.30350967833462,19.69649032166538,225492.2551767636,55307.74482323641
5926,79.40056840391499,20.59943159608501,222956.7960781933,57843.20392180669
5927,79.54588625558743,20.454113744412567,223364.84860568953,57435.15139431048
5928,80.35758627823317,19.64241372176683,225644.10226927875,55155.89773072124
5929,79.6558143499902,20.344185650009805,223673.52669477247,57126.47330522751
5930,80.06035042251239,19.939649577487614,224809.46398641472,55990.536013585246
5931,79.05378059575631,20.946219404243692,221983.0159128837,58816.98408711629
5932,78.92665877674376,21.073341223256236,221626.05784509648,59173.94215490352
5933,79.60090997499302,20.399090025006984,223519.3552097804,57280.644790219594
5934,79.87449915555398,20.125500844446023,224287.59362879558,56512.40637120443
5935,78.72963085004253,21.270369149957475,221072.8034269194,59727.196573080604
5936,79.8703353932494,20.129664606750595,224275.9017842443,56524.09821575567
5937,80.32200007944085,19.677999920559145,225544.17622306992,55255.82377693009
5938,78.69174522349813,21.30825477650187,220966.42058758275,59833.57941241728
5939,79.74096622638909,20.25903377361091,223912.63316370055,56887.36683629944
5940,79.3463514459061,20.653648554093905,222804.5548601043,57995.445139895695
5941,78.82307008485964,21.176929915140363,221335.18079828587,59464.8192017141
5942,79.75654249438676,20.243457505613236,223956.37132423802,56843.62867576199
5943,80.04297655117506,19.95702344882494,224760.67815569957,56039.32184430042
5944,80.85774507469074,19.14225492530926,227048.54816973157,53751.451830268416
5945,79.44602775423913,20.553972245760875,223084.44593390345,57715.55406609657
5946,80.45355959038652,19.54644040961348,225913.59532980534,54886.404670194686
5947,80.21260345047504,19.787396549524956,225236.99048893392,55563.00951106609
5948,80.58748710470238,19.412512895297624,226289.66379000427,54510.33620999573
5949,79.61078538829145,20.389214611708553,223547.0853703224,57252.914629677616
5950,80.65367062265398,19.346329377346024,226475.5071084124,54324.4928915876
5951,79.59043711261474,20.409562887385263,223489.94741222216,57310.05258777785
5952,79.9993032397372,20.000696760262798,224638.04349718208,56161.956502817935
5953,79.69416941190157,20.30583058809843,223781.2277086196,57018.77229138039
5954,80.68396680118354,19.316033198816456,226560.57877772336,54239.42122227662
5955,79.79228167889774,20.207718321102263,224056.72695434483,56743.27304565517
5956,79.12788886139937,20.87211113860063,222191.11192280945,58608.88807719055
5957,81.61716169110518,18.38283830889482,229180.99002862335,51619.009971376654
5958,79.81721151603853,20.182788483961474,224126.72993703617,56673.27006296383
5959,78.88356331987127,21.11643668012873,221505.04580219853,59294.95419780149
5960,80.35839950768323,19.64160049231677,225646.3858175745,55153.6141824255
5961,79.14539354523849,20.85460645476151,222240.2650750297,58559.73492497029
5962,80.33082015762069,19.669179842379307,225568.9430025989,55231.05699740109
5963,80.47837397724913,19.521626022750866,225983.27412811556,54816.72587188443
5964,79.64697570041129,20.35302429958871,223648.7077667549,57151.292233245076
5965,79.97144682987147,20.028553170128532,224559.82269827908,56240.177301720934
5966,80.11235603206424,19.88764396793576,224955.4957380364,55844.50426196361
5967,80.44309576011165,19.556904239888354,225884.2128943935,54915.78710560649
5968,79.51129128091164,20.488708719088365,223267.70591679987,57532.29408320013
5969,79.72702756528336,20.272972434716635,223873.49340331566,56926.506596684354
5970,81.41442419997763,18.58557580002237,228611.70315353718,52188.29684646281
5971,79.69244413037137,20.30755586962863,223776.3831180828,57023.6168819172
5972,79.41117792499519,20.588822075004813,222986.58761338645,57813.41238661355
5973,79.32089624307366,20.679103756926338,222733.07665055082,58066.92334944919
5974,79.98404583370213,20.015954166297874,224595.20070103556,56204.799298964426
5975,80.45176808180075,19.54823191819925,225908.56477369653,54891.43522630345
5976,80.26637389653035,19.733626103469646,225387.97790145723,55412.02209854279
5977,78.456430568617,21.543569431383006,220305.65703667654,60494.34296332346
5978,80.71050259049662,19.289497409503383,226635.0912741145,54164.90872588549
5979,79.50515971273938,20.494840287260615,223250.48847337218,57549.51152662782
5980,79.51276377223378,20.487236227766218,223271.84067243247,57528.15932756752
5981,78.70951064017952,21.290489359820484,221016.30587762408,59783.69412237593
5982,79.87014322923132,20.129856770768683,224275.36218768155,56524.637812318426
5983,80.76061498235522,19.23938501764478,226775.80687045347,54024.19312954653
5984,79.89793999197926,20.102060008020743,224353.41549747772,56446.584502522295
5985,80.0218680414453,19.978131958554698,224701.4054603784,56098.59453962163
5986,80.40013778127428,19.59986221872572,225763.5868898182,55036.41311018179
5987,81.11255887686025,18.88744112313975,227764.06532622356,53035.93467377645
5988,79.98486244740683,20.015137552593174,224597.49375231838,56202.50624768161
5989,80.3100981929065,19.689901807093506,225510.75572568143,55289.24427431858
5990,79.41360450150574,20.586395498494255,222993.40144022813,57806.59855977186
5991,80.93068031555563,19.069319684444366,227253.35032608022,53546.64967391976
5992,77.43625346845349,22.563746531546514,217440.9997394174,63359.00026058259
5993,82.02759277399775,17.972407226002247,230333.4805093857,50466.519490614315
5994,79.35959890241163,20.640401097588366,222841.75371797188,57958.24628202812
5995,79.63321218727324,20.366787812726756,223610.05982186328,57189.940178136705
5996,80.95755438724683,19.04244561275317,227328.8127193891,53471.18728061087
5997,79.35563702342003,20.64436297657997,222830.62876176345,57969.37123823654
5998,79.92189960187626,20.078100398123738,224420.6940820685,56379.30591793149
5999,79.0540877164427,20.945912283557305,221983.8783077711,58816.12169222888
6000,78.57552407612039,21.424475923879612,220640.07160574605,60159.92839425395
6001,79.42690752153038,20.57309247846962,223030.7563204573,57769.24367954269
6002,80.59406961206611,19.405930387933893,226308.14747068164,54491.85252931837
6003,80.90886163281357,19.09113836718643,227192.0834649405,53607.91653505952
6004,79.59592993462532,20.404070065374682,223505.3712564279,57294.62874357209
6005,78.584248366926,21.415751633073995,220664.5694143282,60135.43058567181
6006,80.11284060012534,19.887159399874662,224956.85640515195,55843.14359484805
6007,80.29399387068487,19.706006129315128,225465.53478888312,55334.46521111687
6008,80.56567716795864,19.43432283204136,226228.42148762784,54571.57851237214
6009,80.23287000185567,19.767129998144327,225293.89896521074,55506.10103478925
6010,80.88756713512761,19.11243286487239,227132.28851543833,53667.71148456166
6011,80.11950766840866,19.88049233159134,224975.57753289153,55824.422467108474
6012,79.058282429571,20.941717570429006,221995.65706223535,58804.34293776465
6013,79.84333431620895,20.156665683791047,224200.08275991475,56599.91724008528
6014,79.06689818299174,20.933101817008264,222019.8500978408,58780.149902159195
6015,79.95537312030208,20.044626879697915,224514.68772180827,56285.312278191755
6016,81.3891746943,18.610825305700004,228540.80254159437,52259.197458405644
6017,79.94275255451842,20.05724744548158,224479.2491730877,56320.75082691226
6018,79.55210042705436,20.447899572945644,223382.29799916863,57417.702000831356
6019,79.17513006918655,20.82486993081345,222323.76523427584,58476.23476572416
6020,80.65113045812562,19.34886954187438,226468.37432641673,54331.62567358327
6021,80.46182172452623,19.53817827547377,225936.79540246964,54863.20459753039
6022,80.17301107223716,19.82698892776284,225125.81509084193,55674.184909158095
6023,80.17805625044402,19.821943749555984,225139.9819512468,55660.01804875321
6024,80.53397397951738,19.466026020482616,226139.3989344848,54660.60106551518
6025,79.92102126211475,20.07897873788525,224418.2277040182,56381.772295981784
6026,79.41124656812431,20.588753431875688,222986.78036329307,57813.21963670693
6027,80.6675391873804,19.3324608126196,226514.45003816416,54285.549961835844
6028,79.15704603777245,20.842953962227554,222272.98527406505,58527.01472593495
6029,80.65408021707188,19.34591978292812,226476.65724953782,54323.34275046218
6030,80.79586906525206,19.204130934747937,226874.8003352278,53925.1996647722
6031,80.4666594367061,19.533340563293905,225950.3796982707,54849.62030172927
6032,79.48860484699205,20.511395153007953,223204.00241035369,57595.997589646315
6033,78.86933404145078,21.130665958549216,221465.0899883938,59334.91001160619
6034,78.21306509925519,21.78693490074481,219622.28679870855,61177.71320129145
6035,79.51842327801127,20.48157672198873,223287.73256465566,57512.26743534434
6036,79.05543393339144,20.94456606660856,221987.65848496315,58812.34151503687
6037,79.26109321169243,20.738906788307574,222565.14973843232,58234.8502615677
6038,79.66592046060768,20.33407953939232,223701.9046533864,57098.095346613605
6039,79.36293883518107,20.63706116481893,222851.13224918843,57948.867750811594
6040,79.37687603896639,20.623123961033613,222890.26791741763,57909.732082582355
6041,78.89241431964408,21.107585680355925,221529.89940956057,59270.10059043944
6042,80.19027346712485,19.809726532875146,225174.28789568658,55625.7121043134
6043,80.25902460675552,19.740975393244483,225367.3410957695,55432.6589042305
6044,79.97901839292936,20.020981607070638,224581.08364734566,56218.91635265437
6045,79.47061742035373,20.529382579646267,223153.49371635326,57646.506283646726
6046,79.47349109542208,20.526508904577923,223161.5629959452,57638.43700405482
6047,79.51928088310495,20.480719116895045,223290.14071975873,57509.85928024129
6048,79.74108390429663,20.25891609570337,223912.96360326494,56887.03639673505
6049,79.59662418893576,20.403375811064237,223507.32072253161,57292.679277468385
6050,79.53304268998762,20.466957310012376,223328.78387348523,57471.21612651477
6051,77.87181816593503,22.128181834064975,218664.06540994556,62135.93459005443
6052,80.60615608219858,19.39384391780142,226342.0862788136,54457.913721186385
6053,81.43588512693844,18.564114873061555,228671.96543644316,52128.03456355684
6054,80.29688386222507,19.703116137774927,225473.64988512802,55326.350114871995
6055,79.8948595380462,20.105140461953795,224344.76558283373,56455.234417166284
6056,79.14963049792365,20.850369502076347,222252.16243816962,58547.83756183038
6057,79.39329401446219,20.606705985537815,222936.36959260982,57863.63040739019
6058,77.8257447761702,22.174255223829803,218534.69133148593,62265.30866851409
6059,81.17390552290468,18.826094477095324,227936.32670831634,52863.673291683685
6060,80.13207534371388,19.86792465628612,225010.86756514857,55789.13243485143
6061,79.57984934961392,20.420150650386077,223460.21697371587,57339.78302628416
6062,81.62073662568721,18.379263374312785,229191.02844492972,51608.97155507025
6063,80.46296536827067,19.537034631729327,225940.00675410408,54859.99324589592
6064,80.23352974982654,19.766470250173455,225295.75153751293,55504.248462487085
6065,79.37209204825105,20.627907951748952,222876.83447148892,57923.16552851107
6066,80.90003384488736,19.09996615511264,227167.29503644368,53632.7049635563
6067,78.11169247311676,21.88830752688324,219337.63246451184,61462.367535488156
6068,80.11486698706776,19.885133012932243,224962.54649968626,55837.45350031376
6069,79.95307171199605,20.046928288003954,224508.2253672849,56291.774632715096
6070,79.7952183943188,20.204781605681205,224064.97325124717,56735.02674875284
6071,79.20347642645108,20.796523573548924,222403.36180547465,58396.63819452534
6072,81.01099570041906,18.98900429958094,227478.87592677673,53321.124073223255
6073,79.51359965173793,20.486400348262066,223274.1878220801,57525.81217791993
6074,80.65986081658633,19.34013918341367,226492.88917297442,54307.11082702558
6075,79.23579946782002,20.764200532179984,222494.12490563863,58305.875094361356
6076,81.15258585243316,18.847414147566838,227876.46107363232,52923.538926367684
6077,78.25188420494996,21.74811579505004,219731.2908474995,61068.70915250052
6078,78.99720486424332,21.002795135756685,221824.15125879523,58975.84874120478
6079,79.59545869518804,20.404541304811957,223504.04801608805,57295.951983911946
6080,80.00664121447693,19.99335878552307,224658.6485302512,56141.35146974878
6081,79.61038785615678,20.389612143843223,223545.96910008826,57254.030899911755
6082,78.98909922360346,21.01090077639654,221801.39061987854,58998.609380121445
6083,80.2337761886294,19.766223811370594,225296.44353767135,55503.55646232866
6084,79.209340292864,20.790659707136,222419.8275423621,58380.172457637906
6085,80.54172389448712,19.45827610551288,226161.16069571985,54638.83930428013
6086,78.8909607445117,21.109039255488298,221525.81777058888,59274.182229411126
6087,79.59333075945668,20.406669240543323,223498.07277255435,57301.92722744565
6088,77.32315161278804,22.67684838721196,217123.4097287088,63676.59027129121
6089,78.83526406271086,21.164735937289137,221369.4214880921,59430.57851190791
6090,79.48635465852331,20.51364534147669,223197.68388113345,57602.31611886655
6091,77.89826433464032,22.101735665359683,218738.32625167,62061.673748330024
6092,80.18744958763213,19.81255041236787,225166.35844207104,55633.64155792897
6093,81.08560814522053,18.914391854779467,227688.38767177926,53111.61232822073
6094,80.03391758243488,19.96608241756512,224735.24057147713,56064.75942852287
6095,80.30118113517382,19.69881886482618,225485.71662756806,55314.28337243195
6096,79.91224040128701,20.087759598712992,224393.57104681392,56406.428953186085
6097,79.40106685322674,20.598933146773263,222958.1957238607,57841.804276139286
6098,81.26434355794079,18.73565644205921,228190.27671069774,52609.723289302274
6099,78.71872675567732,21.281273244322676,221042.18472994192,59757.81527005809
6100,78.01629901418158,21.983700985818416,219069.7676318219,61730.23236817811
6101,79.430555586021,20.569444413979,223041.00008554698,57758.99991445304
6102,79.84728947079945,20.152710529200547,224211.18883400486,56588.811165995125
6103,79.32208176311619,20.677918236883812,222736.40559083023,58063.59440916977
6104,80.852843312026,19.147156687974004,227034.78402016897,53765.21597983105
6105,79.50475301192881,20.495246988071187,223249.34645749614,57550.65354250386
6106,79.63954294706706,20.360457052932944,223627.8365953643,57172.16340463571
6107,80.83816531999656,19.161834680003437,226993.56821855032,53806.43178144967
6108,79.94844753161861,20.051552468381388,224495.24066878506,56304.75933121494
6109,80.83245347638518,19.167546523614817,226977.52936168958,53822.47063831042
6110,78.16231357186261,21.83768642813739,219479.77650979022,61320.2234902098
6111,79.6854373330922,20.314562666907804,223756.7080313229,57043.291968677135
6112,79.63558522342501,20.36441477657499,223616.72330737743,57183.276692622596
6113,78.04886306962877,21.951136930371234,219161.2074995176,61638.7925004824
6114,78.97368823364559,21.02631176635441,221758.11656007683,59041.88343992316
6115,79.44116690238721,20.55883309761279,223070.79666190327,57729.203338096726
6116,78.38502422306524,21.614975776934756,220105.1480183672,60694.851981632775
6117,79.76100441618378,20.23899558381622,223968.90040064405,56831.09959935595
6118,79.88775813163241,20.11224186836759,224324.8248336238,56475.175166376204
6119,78.84676418187756,21.15323581812244,221401.7138227122,59398.28617728784
6120,79.21363877947054,20.786361220529457,222431.8976927533,58368.10230724672
6121,80.36505066882374,19.63494933117626,225665.06227805707,55134.93772194293
6122,78.01299158971247,21.98700841028753,219060.48038391263,61739.51961608736
6123,78.00822658737597,21.991773412624028,219047.10025735173,61752.89974264827
6124,79.02769251248193,20.972307487518066,221909.76057504927,58890.23942495074
6125,78.3244964144284,21.675503585571605,219935.18593171495,60864.81406828503
6126,78.31726355243305,21.682736447566953,219914.876055232,60885.123944768
6127,79.83987319324986,20.160126806750142,224190.3639266456,56609.636073354384
6128,80.72786276743113,19.272137232568866,226683.83865094662,54116.16134905339
6129,78.40821311067567,21.591786889324325,220170.2624147773,60629.73758522271
6130,80.66702106671892,19.332978933281083,226512.9951553467,54287.004844653275
6131,81.03105797974094,18.968942020259064,227535.21080711257,53264.78919288746
6132,79.26341311341159,20.736586886588412,222571.66402245974,58228.335977540264
6133,79.0248632540593,20.975136745940702,221901.8160173985,58898.183982601506
6134,79.92824816604649,20.071751833953513,224438.52085025853,56361.47914974147
6135,79.88233121709838,20.117668782901617,224309.58605761224,56490.413942387764
6136,78.40483753104712,21.59516246895288,220160.78378718032,60639.21621281965
6137,79.0456638527399,20.954336147260094,221960.22409849364,58839.775901506386
6138,80.16561016908231,19.834389830917686,225105.03335478314,55694.966645216875
6139,80.13904437288042,19.86095562711958,225030.4365990482,55769.5634009518
6140,80.85245839473623,19.14754160526377,227033.70317241934,53766.29682758068
6141,79.61234003328677,20.38765996671323,223551.45081346924,57248.54918653077
6142,78.96864115627795,21.031358843722046,221743.94436682848,59056.055633171505
6143,77.49288171377297,22.507118286227026,217600.0118522745,63199.9881477255
6144,79.58316298678197,20.41683701321803,223469.52166688378,57330.47833311623
6145,80.93170053338442,19.068299466615585,227256.21509774346,53543.78490225655
6146,80.71066780663674,19.289332193363265,226635.55520103595,54164.44479896404
6147,79.34281563393739,20.65718436606261,222794.6263000962,58005.3736999038
6148,79.38907706193523,20.610922938064775,222924.5283899141,57875.47161008591
6149,79.70357750107037,20.29642249892963,223807.64562300558,56992.354376994444
6150,80.07488153622533,19.925118463774666,224850.26735372073,55949.732646279284
6151,79.6705922327906,20.329407767209403,223715.02298967598,57084.97701032403
6152,79.31051162160927,20.689488378390735,222703.91663347883,58096.08336652115
6153,79.53591130267883,20.464088697321174,223336.83893792215,57463.16106207786
6154,78.19125346826107,21.808746531738933,219561.03973887707,61238.96026112295
6155,80.33336817565076,19.66663182434924,225576.09783722734,55223.90216277264
6156,80.4304616962368,19.569538303763196,225848.73644303298,54951.263556967024
6157,79.05991491724065,20.940085082759353,222000.24108761174,58799.75891238828
6158,78.89000556556701,21.10999443443299,221523.13562811218,59276.864371887816
6159,79.68681916327532,20.313180836724683,223760.5882104771,57039.411789522914
6160,80.12075951859181,19.87924048140819,224979.0927282058,55820.9072717942
6161,79.71259845696865,20.28740154303135,223832.976467168,56967.02353283201
6162,78.66888208528057,21.331117914719428,220902.22089546785,59897.77910453215
6163,79.35143948497522,20.648560515024784,222818.8420738104,57981.157926189626
6164,79.00304211932476,20.99695788067524,221840.54227106392,58959.457728936075
6165,78.63287760495112,21.36712239504888,220801.12031470274,59998.87968529727
6166,78.94625960320633,21.05374039679367,221681.09696580336,59118.90303419663
6167,76.91994209320823,23.080057906791765,215991.19739772874,64808.80260227126
6168,78.06746158119591,21.932538418804086,219213.43211999815,61586.56788000185
6169,79.72861764484817,20.27138235515183,223877.95834673365,56922.04165326635
6170,80.02814606442259,19.971853935577414,224719.03414889862,56080.96585110137
6171,79.3881817763083,20.6118182236917,222922.01442787368,57877.98557212632
6172,77.98794327459196,22.012056725408044,218990.1447150542,61809.85528494581
6173,80.78976614452822,19.210233855471785,226857.66333383523,53942.33666616476
6174,79.9978068039604,20.0021931960396,224633.8415055208,56166.158494479205
6175,78.47462465488888,21.525375345111115,220356.74603092798,60443.253969072
6176,80.06077665453327,19.93922334546673,224810.66084592944,55989.33915407058
6177,79.05520426760499,20.944795732395008,221987.01358343483,58812.98641656518
6178,80.99193539441258,19.00806460558742,227425.35458751052,53374.64541248951
6179,80.75991543313664,19.24008456686336,226773.84253624768,54026.15746375231
6180,78.12626013680405,21.87373986319595,219378.53846414576,61421.461535854236
6181,79.53625648296463,20.46374351703537,223337.80820416467,57462.191795835315
6182,79.31966872482128,20.680331275178716,222729.62977929815,58070.370220701836
6183,80.58285125597841,19.41714874402159,226276.64632678736,54523.353673212645
6184,81.76696639708815,18.233033602911846,229601.64164302355,51198.358356976445
6185,78.3660604517294,21.633939548270604,220051.89774845616,60748.102251543816
6186,78.19694923225809,21.803050767741908,219577.03344418074,61222.96655581925
6187,80.62562409031328,19.37437590968672,226396.7524455997,54403.24755440028
6188,79.5343548439124,20.465645156087604,223332.46840170602,57467.53159829397
6189,80.3867040584872,19.613295941512803,225725.86499623203,55074.13500376795
6190,79.54368697958884,20.45631302041116,223358.67303868543,57441.32696131455
6191,78.7152910902369,21.284708909763097,221032.53738138522,59767.46261861479
6192,80.76470320228127,19.235296797718732,226787.2865920058,54012.71340799419
6193,78.98697264890335,21.013027351096653,221795.4191981206,59004.58080187939
6194,80.70745437218129,19.29254562781871,226626.53187708504,54173.46812291496
6195,79.63383700215057,20.36616299784943,223611.8143020388,57188.185697961206
6196,78.99908509673331,21.00091490326669,221829.43095162715,58970.569048372854
6197,81.66875377683535,18.331246223164655,229325.86060535366,51474.13939464632
6198,79.63922207671287,20.36077792328713,223626.93559140974,57173.06440859026
6199,79.62296279841117,20.377037201588834,223581.27953793856,57218.720462061436
6200,79.1667920631928,20.8332079368072,222300.35211344538,58499.64788655461
6201,77.74276696897576,22.257233031024242,218301.68964888394,62498.310351116044
6202,80.61785214514815,19.38214785485185,226374.92882357602,54425.071176423975
6203,80.31968073099085,19.680319269009146,225537.66349262232,55262.33650737768
6204,80.20803975662714,19.791960243372856,225224.17563660903,55575.82436339098
6205,80.62855999272894,19.37144000727106,226404.99645958288,54395.00354041713
6206,78.9263078098593,21.073692190140704,221625.07233008492,59174.92766991506
6207,78.85063501480195,21.149364985198048,221412.5831215639,59387.41687843611
6208,78.19645496995301,21.80354503004699,219575.64555562806,61224.35444437193
6209,78.10970150486118,21.890298495138822,219332.0418256502,61467.9581743498
6210,79.56756982531992,20.43243017468008,223425.73606949835,57374.263930501635
6211,80.07619801300294,19.923801986997063,224853.96402051224,55946.03597948775
6212,80.0842585157969,19.915741484203096,224876.5979123577,55923.402087642295
6213,78.4303382947794,21.569661705220597,220232.38993174056,60567.610068259426
6214,80.32272461316018,19.677275386839824,225546.21071375377,55253.78928624625
6215,79.20649710629397,20.793502893706034,222411.84387447344,58388.156125526584
6216,79.54820027304429,20.451799726955713,223371.34636670837,57428.65363329163
6217,78.06263756726113,21.937362432738865,219199.88628886925,61600.113711130725
6218,80.00505947323666,19.994940526763344,224654.20700084855,56145.79299915147
6219,79.33643957986811,20.663560420131887,222776.72234026965,58023.277659730345
6220,78.86518249188194,21.13481750811806,221453.43243720446,59346.567562795535
6221,79.37974941969811,20.620250580301885,222898.3363705123,57901.66362948771
6222,80.14315921689543,19.856840783104573,225041.99108104233,55758.00891895769
6223,81.6834437838726,18.316556216127395,229367.11014511427,51432.88985488571
6224,78.1865021709502,21.813497829049794,219547.69809602815,61252.30190397185
6225,80.43714985564604,19.56285014435396,225867.51679465408,54932.48320534592
6226,78.86337023347488,21.136629766525118,221448.34361559746,59351.65638440254
6227,78.84768265631253,21.15231734368747,221404.2928989256,59395.7071010744
6228,78.58166479939027,21.418335200609732,220657.31475668785,60142.68524331213
6229,80.7905076783081,19.209492321691897,226859.74556068916,53940.25443931086
6230,78.90881670150637,21.091183298493632,221575.95729782988,59224.04270217013
6231,80.28335609692657,19.716643903073432,225435.66392016978,55364.33607983022
6232,78.16363547331298,21.83636452668702,219483.48840906285,61316.51159093717
6233,81.13480326544801,18.865196734551986,227826.52756937803,52973.472430622
6234,79.45008477263332,20.549915227366682,223095.83804155438,57704.161958445606
6235,78.14764324090415,21.852356759095855,219438.58222045883,61361.41777954116
6236,77.66661467159498,22.333385328405015,218087.8539978387,62712.14600216128
6237,80.34483494998587,19.655165050014133,225608.2965395603,55191.70346043969
6238,80.61955406697048,19.38044593302952,226379.7078200531,54420.292179946904
6239,80.60139945444621,19.39860054555379,226328.72966808497,54471.27033191502
6240,79.39939127228462,20.600608727715382,222953.4906925752,57846.50930742481
6241,80.0359764098273,19.9640235901727,224741.02175879508,56058.9782412049
6242,77.51550435783903,22.484495642160965,217663.536236812,63136.463763187974
6243,80.97181216307195,19.028187836928055,227368.84855390602,53431.151446093994
6244,79.20536701420808,20.79463298579192,222408.6705758963,58391.32942410369
6245,80.85096386308567,19.149036136914333,227029.50652754455,53770.49347245546
6246,79.27566512243963,20.724334877560366,222606.06766381048,58193.93233618953
6247,80.3672287974676,19.632771202532396,225671.17846328905,55128.82153671095
6248,80.1216206434495,19.878379356550496,224981.51076680623,55818.48923319377
6249,79.23105822241726,20.76894177758274,222480.81148854765,58319.18851145235
6250,80.06697775365669,19.933022246343313,224828.07353226797,55971.92646773204
6251,79.10693614693722,20.893063853062785,222132.2767005997,58667.72329940031
6252,81.28810988199197,18.71189011800803,228257.01254863347,52542.98745136653
6253,82.0273454886167,17.972654511383297,230332.78613203572,50467.21386796428
6254,79.38195952015766,20.618040479842335,222904.54233260272,57895.45766739726
6255,80.47719705446264,19.522802945537364,225979.96932893107,54820.03067106891
6256,80.33151185203074,19.668488147969256,225570.88528050232,55229.11471949766
6257,79.18129296373625,20.818707036263746,222341.07064217143,58458.92935782859
6258,80.50083995043931,19.499160049560686,226046.35858083356,54753.64141916642
6259,79.97490478607276,20.025095213927244,224569.5326392923,56230.467360707706
6260,79.73448254999157,20.26551745000843,223894.42700037634,56905.57299962367
6261,80.4666124326646,19.533387567335396,225950.2477109222,54849.7522890778
6262,79.69262835759952,20.307371642400483,223776.90042813943,57023.09957186058
6263,79.006669593302,20.993330406698007,221850.728217992,58949.271782008014
6264,80.64786708831613,19.352132911683867,226459.2107839917,54340.789216008314
6265,80.26940696005954,19.73059303994046,225396.4947438472,55403.505256152814
6266,79.43719946111581,20.56280053888419,223059.65608681322,57740.34391318678
6267,78.21523117058142,21.78476882941858,219628.36912699262,61171.63087300739
6268,78.78562476711629,21.21437523288371,221230.03434606254,59569.965653937455
6269,79.744932005786,20.255067994214002,223923.7690722471,56876.23092775291
6270,79.13370160176602,20.86629839823398,222207.43409775902,58592.56590224098
6271,79.91737134464007,20.082628655359926,224407.97873574935,56392.02126425065
6272,79.60335029337554,20.39664970662446,223526.20762379852,57273.79237620149
6273,80.54704595255967,19.45295404744033,226176.10503478756,54623.89496521244
6274,78.46559659347302,21.534403406526977,220331.39523447223,60468.60476552777
6275,78.84342691974884,21.156573080251164,221392.34279065474,59407.657209345256
6276,80.92608035406694,19.07391964593306,227240.43363421998,53559.56636578002
6277,78.48106065651025,21.51893934348975,220374.81832348078,60425.18167651925
6278,78.55162913376137,21.448370866238633,220572.97460760194,60227.02539239805
6279,81.36695619349392,18.63304380650608,228478.41299133093,52321.58700866908
6280,79.12645064248107,20.873549357518925,222187.07340408684,58612.92659591317
6281,79.4853503516138,20.514649648386197,223194.86378733156,57605.13621266845
6282,79.70097093674717,20.29902906325283,223800.32639038604,56999.67360961395
6283,79.02771983427539,20.972280165724612,221909.8372946453,58890.16270535471
6284,80.18874803440251,19.811251965597492,225170.00448060222,55629.99551939778
6285,79.121592159991,20.878407840009004,222173.43078525472,58626.569214745265
6286,79.62784040612935,20.37215959387065,223594.97586041124,57205.02413958874
6287,81.00502447920107,18.99497552079893,227462.1087375966,53337.89126240343
6288,79.08469539400252,20.915304605997477,222069.82466635908,58730.17533364092
6289,80.41989300378096,19.580106996219044,225819.05955461692,54980.94044538308
6290,80.0369025794757,19.963097420524306,224743.62244316773,56056.377556832245
6291,81.23791651671428,18.76208348328572,228116.0695789337,52683.93042106628
6292,79.04431832518469,20.95568167481531,221956.4458571186,58843.55414288138
6293,78.59418925773164,21.405810742268358,220692.48343571046,60107.516564289544
6294,78.78870144048948,21.211298559510524,221238.67364489444,59561.32635510554
6295,80.75927450239918,19.24072549760082,226772.0428027369,54027.95719726309
6296,79.82806485214141,20.17193514785859,224157.20610481309,56642.7938951869
6297,77.99894926551809,22.001050734481908,219021.0495375748,61778.95046242517
6298,78.8431483771783,21.156851622821705,221391.56064311665,59408.43935688334
6299,79.32373488254628,20.676265117453724,222741.04755018992,58058.95244981009
6300,80.59335304722417,19.40664695277583,226306.13535660546,54493.86464339454
6301,80.95251114907592,19.047488850924083,227314.65130660517,53485.34869339484
6302,80.52106192933128,19.47893807066872,226103.14189756225,54696.85810243776
6303,77.11059395641335,22.889406043586646,216526.5478296087,64273.452170391305
6304,78.85384243493303,21.14615756506697,221421.58955729194,59378.41044270803
6305,78.90798208302452,21.09201791697548,221573.61368913285,59226.38631086715
6306,81.61808094161512,18.38191905838488,229183.57128405524,51616.42871594474
6307,79.82987843528231,20.17012156471769,224162.2986462727,56637.7013537273
6308,80.25943721465258,19.74056278534742,225368.49969874445,55431.50030125558
6309,80.51204748705662,19.48795251294338,226077.829343655,54722.170656345
6310,79.75270424487164,20.247295755128363,223945.59351959953,56854.406480400496
6311,78.88327202570945,21.116727974290555,221504.2278481921,59295.772151807934
6312,78.59656986682845,21.403430133171554,220699.16818605427,60100.83181394572
6313,81.26489136595967,18.73510863404033,228191.81495561474,52608.185044385245
6314,78.56997746503245,21.43002253496755,220624.49672181113,60175.503278188895
6315,78.12209638131894,21.87790361868106,219366.8466387436,61433.153361256394
6316,80.72455080450416,19.27544919549584,226674.53865904768,54125.461340952315
6317,80.45110172723307,19.548898272766934,225906.69365007046,54893.30634992955
6318,80.23699308891156,19.76300691108844,225305.47659366368,55494.52340633632
6319,79.97101276324756,20.028987236752442,224558.60383919912,56241.3961608009
6320,78.31652154677859,21.68347845322141,219912.79250335426,60887.20749664576
6321,80.38362012355854,19.616379876441457,225717.20530695238,55082.7946930476
6322,79.6182755008422,20.381724499157798,223568.1176063649,57231.88239363511
6323,78.64517786640887,21.354822133591128,220835.6594488761,59964.340551123896
6324,78.80966299331786,21.190337006682142,221297.53368523656,59502.46631476344
6325,79.38496189595635,20.61503810404365,222912.97300384543,57887.026996154586
6326,80.55666987172995,19.44333012827005,226203.12899981768,54596.87100018232
6327,80.08258042065025,19.917419579349755,224871.8858211859,55928.11417881408
6328,78.4169946850719,21.5830053149281,220194.92107568186,60605.07892431814
6329,80.74854457446519,19.251455425534814,226741.91316509823,54058.08683490176
6330,78.58092903081734,21.419070969182656,220655.24871853512,60144.75128146485
6331,79.42742892322212,20.572571076777876,223032.2204164077,57767.779583592295
6332,80.2501576452519,19.749842354748097,225342.44266786735,55457.55733213267
6333,80.20020285215776,19.79979714784224,225202.169608859,55597.83039114101
6334,79.51559980710681,20.48440019289319,223279.80425835593,57520.19574164406
6335,79.32351210848535,20.676487891514654,222740.42200062686,58059.57799937314
6336,80.0825916824894,19.917408317510606,224871.9174444302,55928.082555569796
6337,79.44989441670532,20.55010558329468,223095.30352210856,57704.696477891426
6338,78.36774744070128,21.63225255929872,220056.63481348922,60743.36518651076
6339,81.38491148489234,18.615088515107658,228528.8314495777,52271.1685504223
6340,79.45907724383623,20.540922756163766,223121.08890069212,57678.911099307894
6341,79.7755421127412,20.224457887258794,224009.7222525773,56790.277747422704
6342,78.88930346502644,21.110696534973556,221521.16412979428,59278.835870205694
6343,79.2916071828555,20.7083928171445,222650.83296945825,58149.16703054175
6344,79.6420118416884,20.3579881583116,223634.76925146102,57165.230748538976
6345,79.37548528005017,20.62451471994983,222886.36266638088,57913.63733361913
6346,79.95518705298947,20.044812947010527,224514.16524479445,56285.834755205564
6347,80.05735360666185,19.94264639333815,224801.0489275065,55998.95107249351
6348,77.96776671496188,22.032233285038117,218933.48893561296,61866.51106438703
6349,79.88482265292754,20.11517734707246,224316.58200942056,56483.41799057942
6350,79.5925224927492,20.407477507250803,223495.80315963973,57304.196840360266
6351,80.79402776802941,19.20597223197059,226869.62997262657,53930.37002737343
6352,80.19208794420952,19.80791205579048,225179.38294734035,55620.617052659654
6353,78.79442580756847,21.205574192431527,221254.74766765226,59545.25233234776
6354,78.22550683110435,21.774493168895646,219657.22318174102,61142.776818259
6355,78.80781303994719,21.19218696005281,221292.33901617173,59507.660983828275
6356,77.5294072464435,22.470592753556502,217702.57554801332,63097.42445198666
6357,79.62918551014211,20.370814489857892,223598.75291247905,57201.24708752098
6358,79.83526462428367,20.164735375716333,224177.4230649885,56622.57693501147
6359,79.29679716369658,20.70320283630342,222665.40643566003,58134.59356433997
6360,80.17448311457261,19.82551688542739,225129.9485857199,55670.051414280104
6361,80.04631345288622,19.953686547113776,224770.04817570455,56029.951824295444
6362,78.70055038680793,21.299449613192067,220991.14548615666,59808.85451384334
6363,78.80891401743803,21.191085982561972,221295.43056096596,59504.56943903405
6364,78.7059110314533,21.294088968546703,221006.19817632088,59793.8018236791
6365,78.76224139646172,21.237758603538282,221164.37384126452,59635.62615873548
6366,78.74134636334998,21.258653636650024,221105.70058828674,59694.29941171326
6367,80.45561449159713,19.54438550840287,225919.36549240473,54880.63450759527
6368,79.9840034628791,20.0159965371209,224595.08172376454,56204.918276235476
6369,80.15484083547328,19.84515916452672,225074.79306600895,55725.20693399107
6370,79.21224346027685,20.787756539723148,222427.9796364574,58372.02036354259
6371,78.24032832077819,21.75967167922181,219698.84192474518,61101.158075254796
6372,80.23139935672265,19.768600643277352,225289.7693936772,55510.2306063228
6373,79.37498216570575,20.625017834294255,222884.94992130174,57915.050078698245
6374,78.79661630204814,21.203383697951864,221260.89857615117,59539.10142384883
6375,79.30713554096228,20.69286445903772,222694.4365990221,58105.5634009779
6376,79.49792458241778,20.50207541758222,223230.1722274291,57569.82777257089
6377,79.78648635713115,20.213513642868847,224040.45369082427,56759.546309175705
6378,80.21587055178567,19.78412944821433,225246.16450941417,55553.83549058583
6379,77.76603780247395,22.233962197526054,218367.03414934681,62432.965850653185
6380,79.60950595875632,20.390494041243684,223543.49273218773,57256.50726781228
6381,80.12242139254737,19.877578607452634,224983.75927027297,55816.24072972703
6382,78.15282609263178,21.847173907368216,219453.13566811007,61346.86433188993
6383,80.59502285489324,19.404977145106756,226310.82417654022,54489.17582345978
6384,79.8510049390027,20.148995060997294,224221.62186871958,56578.37813128042
6385,79.39448082094995,20.60551917905005,222939.70214522746,57860.29785477254
6386,80.49122105450502,19.50877894549498,226019.3487210501,54780.65127894988
6387,79.62379381594434,20.37620618405566,223583.61303517167,57216.38696482833
6388,80.03427887040934,19.965721129590662,224736.25506810943,56063.744931890564
6389,79.98269479844356,20.01730520155644,224591.40699402953,56208.59300597046
6390,78.90426714372674,21.09573285627326,221563.1821395847,59236.81786041528
6391,79.12929302156834,20.870706978431656,222195.05480456393,58604.94519543607
6392,80.70552225445736,19.294477745542636,226621.10649051628,54178.8935094837
6393,79.73944155712532,20.260558442874682,223908.3518924079,56891.64810759209
6394,80.39453311586433,19.605466884135666,225747.84898934705,55052.15101065296
6395,80.65519267518386,19.344807324816145,226479.78103191627,54320.21896808373
6396,80.81343470451222,19.18656529548778,226924.12465027033,53875.875349729686
6397,79.42884212905716,20.57115787094284,223036.18869839248,57763.81130160754
6398,78.89199079730153,21.10800920269847,221528.7101588227,59271.2898411773
6399,79.22403678553597,20.775963214464028,222461.09529378504,58338.90470621498
6400,78.57139076789989,21.428609232100115,220628.46527626287,60171.53472373712
6401,81.31537697828473,18.684623021715268,228333.57855502353,52466.421444976455
6402,80.94188115137409,19.05811884862591,227284.80227305845,53515.19772694155
6403,79.01381923679587,20.986180763204132,221870.8044169228,58929.195583077206
6404,78.58541277642571,21.414587223574287,220667.8390762034,60132.16092379659
6405,79.5021955148574,20.497804485142595,223242.1650057196,57557.834994280376
6406,77.43670428960601,22.563295710393987,217442.2656452137,63357.73435478631
6407,78.962035173883,21.037964826117005,221725.39476826345,59074.60523173656
6408,80.31159556717027,19.688404432829728,225514.9603526141,55285.039647385885
6409,78.2068874497585,21.793112550241503,219604.93995892187,61195.06004107815
6410,81.86079212609476,18.139207873905235,229865.1042900741,50934.8957099259
6411,79.12638746112073,20.87361253887927,222186.895990827,58613.10400917298
6412,78.91749873116711,21.082501268832885,221600.33643711725,59199.66356288273
6413,80.70712490762861,19.29287509237139,226625.60674062115,54174.393259378856
6414,79.3245804550953,20.6754195449047,222743.4219179076,58056.57808209241
6415,79.78768538708333,20.21231461291667,224043.82056693,56756.179433070036
6416,80.90820163988622,19.091798360113785,227190.2302048005,53609.76979519951
6417,78.82876049883896,21.17123950116104,221351.1594807398,59448.84051926021
6418,80.57991244833326,19.42008755166674,226268.39415491978,54531.60584508022
6419,78.53482378480199,21.465176215198014,220525.785187724,60274.214812276
6420,79.45860400176635,20.541395998233654,223119.7600369599,57680.23996304011
6421,79.89175472312458,20.108245276875422,224336.0472625338,56463.952737466214
6422,79.31645301041837,20.68354698958163,222720.6000532548,58079.39994674521
6423,79.05915749878729,20.940842501212714,221998.1142565947,58801.885743405284
6424,79.2159727754033,20.7840272245967,222438.45155333247,58361.54844666752
6425,80.09733561760376,19.90266438239624,224913.31841423135,55886.68158576863
6426,79.26523273664078,20.734767263359217,222576.77352448733,58223.22647551267
6427,78.7006345807951,21.299365419204904,220991.3819028726,59808.61809712737
6428,78.34456146982231,21.65543853017769,219991.52860726102,60808.47139273897
6429,78.60632863782884,21.393671362171162,220726.57081502338,60073.42918497659
6430,79.63898399807269,20.36101600192731,223626.2670665881,57173.732933411906
6431,81.24464918816794,18.75535081183206,228134.97492037556,52665.025079624436
6432,78.89338411823074,21.106615881769258,221532.6226039919,59267.37739600809
6433,79.95657938334308,20.043420616656917,224518.07490842737,56281.925091572615
6434,77.92007157291924,22.07992842708076,218799.56097675726,62000.43902324275
6435,79.94123727321067,20.058762726789325,224474.99426317558,56325.0057368244
6436,79.26448422721766,20.735515772782335,222574.6717100272,58225.32828997277
6437,80.55925141687811,19.440748583121888,226210.37797859375,54589.62202140624
6438,79.03981595242735,20.960184047572653,221943.803194416,58856.19680558401
6439,78.61637649163771,21.38362350836229,220754.7851885187,60045.2148114813
6440,77.17115158414924,22.828848415850757,216696.59364829108,64103.40635170891
6441,78.66222641782257,21.337773582177434,220883.53178124578,59916.46821875422
6442,81.06796216000353,18.932037839996468,227638.83774528993,53161.16225471007
6443,79.97219187421604,20.027808125783963,224561.91478279862,56238.08521720136
6444,78.68926893362857,21.31073106637143,220959.46716562903,59840.53283437099
6445,79.11437127168,20.88562872832,222153.15453087742,58646.845469122556
6446,78.31065852251807,21.689341477481932,219896.3291312307,60903.67086876928
6447,78.85558966357377,21.144410336426233,221426.49577531512,59373.50422468486
6448,80.6427357859174,19.357264214082605,226444.80208685604,54355.197913143966
6449,79.84072742355164,20.15927257644836,224192.762605333,56607.23739466701
6450,80.4973156886282,19.502684311371794,226036.46245366798,54763.53754633202
6451,79.59119226487573,20.40880773512427,223492.06787977106,57307.93212022895
6452,80.02638555154226,19.973614448457738,224714.0906287307,56085.909371269314
6453,79.48227769796326,20.517722302036745,223186.2357758808,57613.76422411918
6454,80.12732811667416,19.872671883325836,224997.53735162105,55802.46264837893
6455,79.18947304020318,20.810526959796817,222364.04029689054,58435.959703109445
6456,79.12726761117784,20.872732388822158,222189.36745218738,58610.632547812624
6457,80.59393373276403,19.40606626723597,226307.76592160139,54492.2340783986
6458,78.69341294397896,21.306587056021044,220971.1035466929,59828.8964533071
6459,79.11752724700986,20.88247275299014,222162.01650960368,58637.983490396335
6460,78.08870250529846,21.911297494701543,219273.07663487806,61526.92336512194
6461,79.1762862804712,20.823713719528797,222327.01187556313,58472.98812443687
6462,80.72832526011649,19.271674739883508,226685.1373304071,54114.86266959293
6463,81.26723934515908,18.732760654840916,228198.4080812067,52601.5919187933
6464,80.86215617957964,19.137843820420358,227060.93455225963,53739.06544774037
6465,78.6753534684664,21.324646531533602,220920.39253945363,59879.60746054635
6466,80.71831998057726,19.281680019422737,226657.04250546094,54142.957494539056
6467,78.24485269830865,21.755147301691352,219711.5463768507,61088.453623149326
6468,80.72284625765286,19.27715374234714,226669.75229148922,54130.2477085108
6469,80.36131841270041,19.638681587299587,225654.58210286277,55145.41789713723
6470,79.30438264801545,20.695617351984552,222686.70647562738,58113.2935243726
6471,79.26175407429965,20.738245925700355,222567.00544063342,58232.994559366576
6472,80.23463709267799,19.765362907322015,225298.86095623978,55501.13904376024
6473,79.7850513953108,20.214948604689198,224036.42431803272,56763.5756819673
6474,78.21341409696763,21.786585903032375,219623.26678428508,61176.733215714914
6475,78.13758334904215,21.862416650957854,219410.33404411032,61389.66595588969
6476,79.5861896407586,20.413810359241396,223478.0205112502,57321.97948874981
6477,80.73692893445468,19.26307106554532,226709.29644794873,54090.70355205128
6478,79.19855110947913,20.801448890520874,222389.5315154174,58410.4684845826
6479,78.71037253050874,21.289627469491265,221018.7260656685,59781.273934331504
6480,80.25759796951603,19.742402030483973,225363.335098401,55436.664901599
6481,79.67314107738773,20.326858922612274,223722.18014530477,57077.81985469526
6482,80.58057995739034,19.41942004260966,226270.26852035208,54529.73147964793
6483,80.04434032435536,19.95565967564464,224764.50763078986,56035.492369210144
6484,78.32545009229962,21.67454990770038,219937.86385917733,60862.13614082265
6485,80.05659907770372,19.943400922296277,224798.93021019205,56001.069789807974
6486,80.21082475410361,19.789175245896388,225231.99590952296,55568.00409047704
6487,78.0179227456166,21.982077254383398,219074.3270696914,61725.67293030859
6488,79.74864002423723,20.251359975762767,223934.18118805814,56865.81881194186
6489,80.259754517231,19.740245482768998,225369.39068438468,55430.60931561535
6490,80.19803446839092,19.801965531609085,225196.0807872417,55603.91921275832
6491,78.84244621304482,21.157553786955177,221389.58896622987,59410.41103377014
6492,78.14482718006117,21.85517281993883,219430.67472161178,61369.325278388234
6493,78.57808138019288,21.421918619807116,220647.25251558164,60152.74748441834
6494,78.9931294438114,21.006870556188602,221812.70747822238,58987.292521777636
6495,78.76667883766906,21.233321162330938,221176.8341761747,59623.165823825286
6496,80.95808642656152,19.041913573438478,227330.30668578477,53469.69331421521
6497,79.02148982514746,20.978510174852545,221892.34342901406,58907.65657098596
6498,79.93365918069402,20.066340819305978,224453.7149793888,56346.28502061119
6499,78.91754336687131,21.082456633128686,221600.46177417465,59199.53822582535
6500,78.65050167555115,21.349498324448845,220850.60870494763,59949.391295052366
6501,79.61840267968833,20.38159732031167,223568.47472456482,57231.52527543515
6502,78.41204454700187,21.58795545299813,220181.02108798124,60618.978912018734
6503,80.88377162493695,19.116228375063045,227121.63072282297,53678.369277177015
6504,79.72109804739596,20.278901952604045,223856.84331708783,56943.15668291218
6505,79.86024882844599,20.13975117155401,224247.57871027634,56552.42128972364
6506,79.05513577229301,20.944864227706987,221986.8212485988,58813.17875140119
6507,78.88848300767118,21.111516992328816,221518.8602855407,59281.13971445933
6508,80.84031024088031,19.159689759119686,226999.59115639195,53800.40884360805
6509,78.27928770532063,21.720712294679373,219808.2398765403,60991.760123459724
6510,80.1033112213687,19.8966887786313,224930.09790960333,55869.902090396674
6511,80.33742933867858,19.662570661321425,225587.50158300946,55212.49841699053
6512,79.62481976482164,20.375180235178362,223586.49389961915,57213.50610038082
6513,79.80928160985769,20.190718390142308,224104.46276048038,56695.53723951961
6514,79.10228816541563,20.89771183458437,222119.22516848712,58680.774831512885
6515,78.164398644069,21.835601355931004,219485.63139254577,61314.368607454235
6516,78.74804185746551,21.25195814253449,221124.50153576315,59675.49846423686
6517,81.01308874246914,18.986911257530863,227484.75318885333,53315.24681114666
6518,79.32812005474675,20.671879945253252,222753.3611137289,58046.63888627109
6519,79.3082391614327,20.691760838567305,222697.535565303,58102.464434697
6520,80.56061595048347,19.439384049516534,226214.2095889576,54585.79041104241
6521,79.55993682588247,20.440063174117526,223404.302607078,57395.69739292202
6522,80.25334942656215,19.746650573437847,225351.4051897865,55448.59481021347
6523,79.03126470438373,20.96873529561627,221919.7912899095,58880.20871009049
6524,78.53557976705726,21.464420232942743,220527.9079858968,60272.092014103226
6525,80.25135081305706,19.74864918694294,225345.7930830642,55454.20691693581
6526,79.66988438463852,20.33011561536148,223713.03535206497,57086.964647935034
6527,78.8656387738624,21.1343612261376,221454.7136770056,59345.28632299439
6528,79.48023853363775,20.519761466362255,223180.5098024548,57619.49019754522
6529,79.24123929819615,20.75876070180385,222509.3999493348,58290.60005066518
6530,79.72011191604285,20.279888083957147,223854.07426024834,56945.92573975165
6531,79.96107284196871,20.038927158031285,224530.69254024816,56269.30745975184
6532,79.40163225600533,20.59836774399467,222959.78337486295,57840.21662513705
6533,79.06973406620735,20.930265933792654,222027.81325791022,58772.18674208979
6534,79.74086981997863,20.259130180021373,223912.3624545,56887.63754549998
6535,79.60885789410362,20.391142105896378,223541.67296664297,57258.327033357025
6536,79.5993476470775,20.400652352922506,223514.96819299358,57285.03180700643
6537,80.52207747413391,19.47792252586609,226105.99354736804,54694.00645263196
6538,81.10788539264648,18.89211460735352,227750.9421825513,53049.0578174487
6539,78.85562457347723,21.14437542652277,221426.59380232403,59373.40619767594
6540,79.70379306332276,20.296206936677237,223808.25092181034,56991.74907818968
6541,78.38063657402077,21.61936342597923,220092.8274998503,60707.172500149725
6542,77.89528517420993,22.10471482579007,218729.9607691815,62070.03923081848
6543,80.48970762296625,19.51029237703375,226015.0990052892,54784.90099471081
6544,78.49921710630242,21.500782893697576,220425.80163449718,60374.19836550282
6545,81.00220598480657,18.997794015193435,227454.19440533684,53345.80559466315
6546,79.57752037601558,20.422479623984415,223453.67721585176,57346.322784148244
6547,79.56473731951995,20.43526268048005,223417.78239321202,57382.21760678799
6548,80.10095992763581,19.899040072364187,224923.49547680136,55876.504523198615
6549,79.89459650053779,20.105403499462213,224344.0269735101,56455.97302648991
6550,79.99999266597342,20.000007334026577,224639.9794060534,56160.02059394659
6551,78.53863978388661,21.46136021611339,220536.5005131536,60263.499486846384
6552,77.68028055684229,22.31971944315771,218126.22780361315,62673.77219638685
6553,80.63357155916802,19.36642844083198,226419.06893814378,54380.931061856245
6554,79.66403538085738,20.335964619142615,223696.61134944754,57103.38865055245
6555,80.16704666979419,19.83295333020581,225109.06704878208,55690.93295121794
6556,79.53877747571437,20.46122252428563,223344.88715180595,57455.112848194054
6557,79.29083628581715,20.70916371418285,222648.66829057463,58151.33170942541
6558,79.63647962951008,20.363520370489923,223619.23479966432,57180.765200335656
6559,79.51222462583291,20.487775374167086,223270.32674933883,57529.67325066116
6560,79.17590157400757,20.82409842599243,222325.93161981326,58474.06838018674
6561,79.13633164548526,20.863668354514743,222214.8192605226,58585.180739477386
6562,78.82483378955173,21.175166210448268,221340.13328106125,59459.86671893875
6563,81.04299176185415,18.957008238145846,227568.72086728647,53231.27913271352
6564,78.99579874179612,21.004201258203878,221820.20286696352,58979.79713303647
6565,80.06335962594594,19.936640374054065,224817.9138296562,55982.0861703438
6566,78.803089470244,21.196910529755996,221279.07523244515,59520.92476755484
6567,79.53709916091127,20.462900839088732,223340.17444383883,57459.825556161144
6568,79.43226984246436,20.567730157535635,223045.81371763995,57754.186282360024
6569,79.65247375959744,20.34752624040256,223664.14631694963,57135.8536830504
6570,80.31118136377292,19.688818636227083,225513.79726947437,55286.20273052565
6571,79.67550503603833,20.32449496396167,223728.81814119563,57071.18185880438
6572,78.93114714102222,21.068852858977777,221638.66117199042,59161.33882800957
6573,78.46749212294702,21.53250787705298,220336.71788123524,60463.28211876478
6574,79.35016315774062,20.649836842259376,222815.25814693567,57984.74185306432
6575,79.95811579041498,20.04188420958502,224522.38913948525,56277.61086051476
6576,80.25404270891457,19.745957291085432,225353.35192663208,55446.648073367935
6577,80.35567912966002,19.644320870339982,225638.74699608533,55161.25300391469
6578,80.7266033837863,19.273396616213702,226680.30230167194,54119.69769832805
6579,78.87552407717858,21.124475922821418,221482.47160871746,59317.528391282525
6580,79.6872865894364,20.312713410563603,223761.9007431374,57038.099256862595
6581,80.50172971958585,19.498270280414147,226048.85705259707,54751.14294740293
6582,79.20557316531612,20.794426834683875,222409.24944820767,58390.75055179234
6583,80.05547718198423,19.94452281801577,224795.7799270117,56004.220072988304
6584,79.46498310712046,20.53501689287954,223137.67256479425,57662.32743520574
6585,78.38790530456477,21.612094695435232,220113.23809521785,60686.76190478212
6586,78.35727177773168,21.642728222268317,220027.21915187058,60772.78084812942
6587,81.42885849562792,18.57114150437208,228652.2346557232,52147.765344276806
6588,80.93559531614032,19.064404683859678,227267.151647722,53532.84835227797
6589,79.63247397550121,20.367526024498787,223607.9869232074,57192.01307679257
6590,78.54021281465863,21.45978718534137,220540.91758356142,60259.08241643858
6591,80.96439632713509,19.03560367286491,227348.02488659535,53451.97511340467
6592,79.4647433533847,20.535256646615295,223136.99933630426,57663.00066369574
6593,80.7895080671446,19.210491932855405,226856.938652542,53943.06134745802
6594,78.64619760498205,21.35380239501795,220838.5228747896,59961.47712521041
6595,81.00746567564528,18.99253432435472,227468.96361721196,53331.03638278803
6596,79.45392043001894,20.54607956998106,223106.60856749318,57693.391432506825
6597,79.76069785701486,20.23930214298514,223968.03958249773,56831.96041750228
6598,80.74087366811116,19.259126331888837,226720.37326005616,54079.62673994383
6599,78.63784257132184,21.36215742867816,220815.06194027176,59984.93805972826
6600,80.46677628490175,19.533223715098245,225950.7078080041,54849.2921919959
6601,79.29614983158095,20.703850168419052,222663.58872707927,58136.411272920726
6602,80.990253191835,19.009746808165005,227420.63096267267,53379.369037327335
6603,80.04571990148258,19.954280098517415,224768.38148336307,56031.61851663693
6604,79.45133806501616,20.54866193498384,223099.35728656536,57700.64271343466
6605,79.05701081529398,20.942989184706022,221992.0863693455,58807.913630654526
6606,80.19839764773137,19.80160235226863,225197.10059482968,55602.89940517032
6607,80.71645429942633,19.28354570057367,226651.80367278913,54148.19632721088
6608,80.43744231840323,19.562557681596772,225868.33803007627,54931.66196992373
6609,80.41772715352009,19.58227284647991,225812.9778470844,54987.02215291559
6610,80.30544276770503,19.69455723229497,225497.68329171572,55302.31670828429
6611,80.19474866071815,19.805251339281853,225186.85423929658,55613.14576070344
6612,78.52396751959802,21.476032480401983,220495.30079503122,60304.6992049688
6613,79.97364275819929,20.02635724180071,224565.98886502362,56234.01113497638
6614,80.07880607209808,19.921193927901925,224861.2874504514,55938.71254954861
6615,79.0629822734041,20.937017726595897,222008.85422371872,58791.14577628128
6616,79.30169186126304,20.698308138736962,222679.1507464266,58120.84925357339
6617,81.30594546950636,18.694054530493645,228307.09487837384,52492.90512162616
6618,78.34506407617503,21.654935923824965,219992.9399258995,60807.0600741005
6619,78.27447326320049,21.72552673679951,219794.72092306698,61005.27907693304
6620,80.0508520367299,19.949147963270093,224782.7925191376,56017.20748086239
6621,81.45637529069114,18.543624709308858,228729.50181626072,52070.498183739284
6622,78.66869654683528,21.331303453164722,220901.69990351348,59898.30009648654
6623,80.25804131698546,19.741958683014545,225364.58001809515,55435.419981904844
6624,79.92820131190594,20.071798688094063,224438.38928383187,56361.61071616812
6625,79.20693419004508,20.793065809954925,222413.07120564656,58386.928794353444
6626,79.0204784575605,20.9795215424395,221889.50350882986,58910.49649117015
6627,79.84837605365024,20.15162394634976,224214.23995864988,56585.76004135012
6628,78.64644888416015,21.35355111583985,220839.2284667217,59960.77153327829
6629,79.68252386376166,20.31747613623834,223748.52700944274,57051.47299055725
6630,80.40897983409579,19.59102016590421,225788.41537414095,55011.58462585904
6631,79.63440408893977,20.365595911060225,223613.40668174287,57186.59331825714
6632,79.2526746564984,20.7473253435016,222541.5104354475,58258.48956455248
6633,79.93805059893995,20.061949401060048,224466.0460818234,56333.95391817657
6634,78.58823428613164,21.411765713868363,220675.76187545763,60124.23812454235
6635,79.20722605760243,20.792773942397574,222413.89076974764,58386.109230252376
6636,80.20128543489595,19.79871456510405,225205.20950118784,55594.79049881216
6637,79.22169031870516,20.778309681294843,222454.5064149241,58345.4935850759
6638,79.7766245193169,20.223375480683103,224012.76165024185,56787.23834975815
6639,80.44550032349657,19.554499676503426,225890.9649083784,54909.035091621605
6640,81.34451898319595,18.655481016804046,228415.4093048143,52384.59069518575
6641,80.86572858209038,19.134271417909616,227070.9658585098,53729.03414149021
6642,81.51461705255326,18.485382947446737,228893.04468356955,51906.95531643045
6643,78.81728311320514,21.182716886794864,221318.93098188002,59481.06901811998
6644,81.26253385692975,18.73746614307025,228185.19507025875,52614.80492974122
6645,79.65637948418996,20.343620515810045,223675.1135916054,57124.886408394625
6646,81.39748224442918,18.602517755570815,228564.13014235717,52235.869857642836
6647,80.7740364905957,19.225963509404295,226813.49446559272,53986.50553440729
6648,78.93597581157924,21.06402418842076,221652.2200789145,59147.77992108549
6649,80.3942480333137,19.6057519666863,225747.04847754486,55052.951522455114
6650,78.24156773511733,21.75843226488267,219702.32220020948,61097.67779979051
6651,79.67146238173278,20.32853761826722,223717.46636790564,57082.53363209435
6652,79.19395064227612,20.80604935772388,222376.61340351135,58423.386596488665
6653,79.85164057419058,20.148359425809417,224223.40673232716,56576.593267672826
6654,78.91063111799906,21.08936888200094,221581.05217934138,59218.947820658606
6655,80.76523395884101,19.23476604115899,226788.77695642554,54011.22304357445
6656,79.07785481449841,20.92214518550159,222050.61631911152,58749.38368088847
6657,79.92125102793032,20.078748972069675,224418.87288642832,56381.1271135717
6658,79.61866122856897,20.381338771431032,223569.20072982166,57230.799270178344
6659,78.65722079433432,21.34277920566568,220869.47599049078,59930.5240095092
6660,79.68753917633742,20.312460823662576,223762.6100071555,57037.38999284449
6661,80.53175283672152,19.468247163278477,226133.16196551404,54666.83803448596
6662,81.06365781079599,18.936342189204012,227626.75113271514,53173.248867284885
6663,80.6806152083235,19.319384791676498,226551.1675049724,54248.8324950276
6664,80.24517109965423,19.75482890034577,225328.44044782908,55471.55955217092
6665,78.50157307749674,21.498426922503256,220432.41720161086,60367.58279838912
6666,81.90067812785917,18.099321872140834,229977.10418302857,50822.89581697144
6667,79.4708873299151,20.5291126700849,223154.25162240159,57645.74837759841
6668,78.82413650837998,21.17586349162002,221338.175315531,59461.824684469
6669,78.22288805260708,21.777111947392925,219649.86965172066,61150.13034827933
6670,78.55013958466647,21.449860415333532,220568.79195374344,60231.20804625658
6671,79.63906655937464,20.36093344062536,223626.49889872398,57173.50110127605
6672,79.8876248531649,20.112375146835106,224324.45058768702,56475.549412312976
6673,80.63643645677804,19.363563543221957,226427.11357063273,54372.88642936727
6674,79.43412575364852,20.565874246351484,223051.02511624503,57748.97488375499
6675,79.41287913670074,20.587120863299262,222991.36461585568,57808.635384144334
6676,81.46658679412593,18.53341320587407,228758.1757179056,52041.824282094385
6677,79.50972312686937,20.490276873130625,223263.30254024922,57536.69745975078
6678,80.23485243708315,19.76514756291685,225299.4656433295,55500.53435667052
6679,78.6496617778177,21.3503382221823,220848.25027211208,59951.74972788793
6680,79.66350287595161,20.336497124048392,223695.11607567212,57104.88392432789
6681,78.38786860794791,21.612131392052092,220113.13505111772,60686.86494888228
6682,80.00833306938429,19.991666930615708,224663.3992588311,56136.600741168906
6683,79.4416682771764,20.558331722823596,223072.20452231134,57727.795477688676
6684,79.07173937787745,20.92826062212255,222033.4441730799,58766.55582692013
6685,79.89102101571419,20.108978984285812,224333.9870121254,56466.01298787459
6686,80.21101653943465,19.788983460565348,225232.53444273252,55567.46555726748
6687,79.49453571843725,20.50546428156275,223220.65629737178,57579.34370262822
6688,79.99337573430283,20.00662426569717,224621.39906192233,56178.600938077674
6689,80.01868455427946,19.98131544572054,224692.46622841674,56107.53377158326
6690,80.27625119199399,19.723748808006007,225415.7133471191,55384.286652880895
6691,80.78427295050601,19.215727049493992,226842.23844502086,53957.76155497914
6692,79.10135487276958,20.898645127230424,222116.604482737,58683.395517263016
6693,78.30851116286998,21.691488837130024,219890.2993453389,60909.70065466112
6694,78.59891142871011,21.40108857128989,220705.743291818,60094.25670818199
6695,78.29593538937874,21.70406461062126,219854.9865733755,60945.0134266245
6696,79.68581993591569,20.31418006408431,223757.78238005127,57042.21761994872
6697,79.4084847872762,20.591515212723806,222979.02528267156,57820.97471732844
6698,79.07255151250713,20.927448487492867,222035.72464712,58764.27535287997
6699,81.06002076742026,18.939979232579745,227616.53831491605,53183.46168508395
6700,79.46657461789253,20.533425382107467,223142.1415270422,57657.85847295778
6701,80.37071345366236,19.62928654633764,225680.9633778839,55119.03662211612
6702,78.36011097681038,21.639889023189625,220035.19162288355,60764.80837711645
6703,81.23126269604928,18.768737303950715,228097.38565050642,52702.61434949357
6704,80.51845343019156,19.481546569808444,226095.8172319779,54704.18276802208
6705,80.20143779999141,19.79856220000859,225205.63734237588,55594.3626576241
6706,79.98725686360375,20.012743136396253,224604.21727299935,56195.78272700066
6707,81.00919013830816,18.990809861691844,227473.80590836928,53326.194091630736
6708,79.48386772476532,20.516132275234682,223190.700571141,57609.299428859
6709,80.47852431226163,19.521475687738373,225983.69626883062,54816.30373116939
6710,80.00427328460582,19.995726715394184,224651.99938317316,56148.000616826845
6711,80.48033074959352,19.51966925040648,225988.7687448586,54811.2312551414
6712,81.3582452140986,18.641754785901398,228453.95256118887,52346.04743881112
6713,80.23351947548859,19.766480524511408,225295.72268717195,55504.27731282806
6714,80.04015987627649,19.95984012372351,224752.7689325844,56047.23106741556
6715,78.28606608258363,21.71393391741637,219827.27355989482,60972.726440105165
6716,81.01279616908637,18.98720383091363,227483.93164279455,53316.068357205455
6717,79.78825076891245,20.211749231087552,224045.40815910615,56754.59184089383
6718,81.26826022693577,18.731739773064234,228201.27471723562,52598.72528276439
6719,78.69836850334606,21.30163149665394,220985.01875739574,59814.981242604284
6720,80.05810385790132,19.941896142098685,224803.15563298692,55996.844367013065
6721,78.56360484634716,21.43639515365284,220606.60240854282,60193.39759145717
6722,80.25195438209485,19.74804561790515,225347.48790492234,55452.51209507765
6723,79.65225670831558,20.347743291684424,223663.53683695014,57136.46316304988
6724,80.56264796948305,19.437352030516948,226219.91549830843,54580.08450169157
6725,79.40925716756172,20.59074283243828,222981.19412651332,57818.80587348669
6726,80.06831898939973,19.931681010600272,224831.83972223446,55968.160277765564
6727,79.26853561385269,20.73146438614731,222586.04800369835,58213.951996301665
6728,80.04096101145946,19.95903898854054,224755.01852017816,56044.98147982186
6729,79.80746126936204,20.192538730637963,224099.3512443686,56700.6487556314
6730,78.67079361607531,21.329206383924685,220907.58847393948,59892.4115260605
6731,82.08740779446873,17.91259220553127,230501.44108686817,50298.55891313183
6732,79.12216309815078,20.87783690184922,222175.0339796074,58624.96602039259
6733,77.96322201785438,22.036777982145622,218920.7274261351,61879.27257386489
6734,79.33768139527263,20.662318604727375,222780.20935792552,58019.790642074455
6735,79.96930244088509,20.030697559114913,224553.80125400532,56246.19874599467
6736,80.3420215724216,19.6579784275784,225600.39657535986,55199.60342464016
6737,78.9119700748496,21.088029925150394,221584.8119701777,59215.18802982231
6738,79.46493719904907,20.535062800950925,223137.5436549298,57662.45634507021
6739,79.51200863846165,20.48799136153835,223269.72025680033,57530.27974319967
6740,81.21452992896235,18.78547007103765,228050.4000405263,52749.59995947371
6741,78.61890943897761,21.38109056102239,220761.89770464913,60038.10229535088
6742,79.21811813239367,20.78188186760633,222444.47571576142,58355.524284238556
6743,80.6055264246175,19.394473575382506,226340.3182003259,54459.68179967407
6744,79.21820720047351,20.781792799526485,222444.7258189296,58355.27418107039
6745,78.4311953343193,21.5688046656807,220234.79649876858,60565.20350123143
6746,80.66355704497875,19.336442955021255,226503.26818230032,54296.73181769968
6747,78.82332304096468,21.17667695903532,221335.8910990288,59464.1089009712
6748,81.50338639850068,18.49661360149932,228861.5090069899,51938.49099301011
6749,78.19863542197578,21.80136457802422,219581.768264908,61218.231735092006
6750,78.93360352027209,21.066396479727914,221645.55868492404,59154.44131507597
6751,81.11968410343829,18.88031589656171,227784.0729624547,53015.92703754532
6752,77.87678309503553,22.123216904964465,218678.0069308598,62121.99306914023
6753,80.48919455370684,19.510805446293162,226013.6583068088,54786.34169319121
6754,80.60304030390856,19.396959696091443,226333.3371733752,54466.66282662477
6755,81.38872516768197,18.61127483231803,228539.54027085096,52260.459729149035
6756,79.03271392721022,20.967286072789776,221923.8607076063,58876.13929239369
6757,79.67380065325608,20.32619934674392,223724.03223434306,57075.96776565695
6758,80.36691736855208,19.63308263144792,225670.30397089425,55129.69602910576
6759,78.17150459071553,21.82849540928447,219505.58489072922,61294.41510927076
6760,79.40478678553605,20.595213214463953,222968.64129378524,57831.35870621477
6761,80.63538536571009,19.364614634289907,226424.16210691395,54375.83789308606
6762,78.63302117114155,21.36697882885845,220801.52344856548,59998.47655143452
6763,79.98055736584134,20.019442634158665,224585.40508328247,56214.59491671751
6764,80.19839715556873,19.801602844431272,225197.099212837,55602.90078716299
6765,78.3883498462919,21.611650153708098,220114.48636838768,60685.51363161234
6766,78.95825708318705,21.04174291681295,221714.78588958923,59085.21411041076
6767,81.40036897280359,18.59963102719641,228572.23607563248,52227.76392436752
6768,79.69586875404919,20.304131245950813,223785.99946137014,57014.00053862985
6769,79.56080936747676,20.439190632523236,223406.75270387475,57393.24729612525
6770,79.21656203613385,20.78343796386615,222440.10619746387,58359.89380253613
6771,80.45673103851722,19.54326896148278,225922.50075615634,54877.49924384365
6772,79.66289781048584,20.337102189514155,223693.41705184424,57106.582948155745
6773,78.89359551605057,21.106404483949433,221533.21620907,59266.78379093
6774,79.33821407303495,20.661785926965052,222781.7051170821,58018.29488291789
6775,80.22942933893037,19.770570661069627,225284.23758371652,55515.76241628349
6776,80.21127450598375,19.788725494016248,225233.25881280238,55566.74118719763
6777,78.88224906740683,21.117750932593168,221501.35538127838,59298.64461872162
6778,79.86764030857523,20.132359691424767,224268.33398647927,56531.666013520735
6779,79.74134350034483,20.258656499655174,223913.69254896825,56886.307451031746
6780,79.6415138812368,20.358486118763196,223633.37097851295,57166.629021487046
6781,80.67936094295092,19.32063905704908,226547.6455278062,54252.354472193794
6782,79.20313853163049,20.796861468369514,222402.41299681843,58397.58700318155
6783,78.04003180094115,21.95996819905885,219136.40929704276,61663.59070295725
6784,78.23761163820853,21.762388361791466,219691.21348008956,61108.78651991043
6785,79.96381199328184,20.036188006718163,224538.38407713542,56261.615922864585
6786,80.89984939800216,19.10015060199784,227166.77710959004,53633.222890409954
6787,79.68084250497498,20.319157495025024,223743.80575396973,57056.19424603029
6788,80.01750368823652,19.982496311763484,224689.15035656813,56110.84964343186
6789,78.91188376668052,21.088116233319482,221584.56961683888,59215.43038316113
6790,80.51242412381322,19.48757587618678,226078.8869396675,54721.1130603325
6791,80.26657962084813,19.733420379151866,225388.55557534157,55411.444424658446
6792,78.54303106451049,21.456968935489513,220548.83122914546,60251.16877085455
6793,78.30449349317921,21.69550650682079,219879.01772884722,60920.982271152774
6794,78.06426665180344,21.935733348196564,219204.46075826406,61595.539241735954
6795,80.2488791514296,19.751120848570395,225338.85265721433,55461.147342785654
6796,79.57485924142185,20.425140758578152,223446.20474991255,57353.79525008745
6797,79.05817097719319,20.941829022806814,221995.34410395846,58804.65589604153
6798,80.66176994677934,19.338230053220656,226498.25001055637,54301.74998944365
6799,79.98822295329062,20.011777046709383,224606.93005284006,56193.06994715992
6800,81.19900177902407,18.800998220975927,228006.79699549958,52793.203004500414
6801,78.81558149639561,21.18441850360439,221314.15284187885,59485.84715812114
6802,81.40240818122072,18.59759181877928,228577.9621728678,52222.037827132204
6803,79.61131018038103,20.388689819618975,223548.55898650992,57251.44101349009
6804,80.56486075738407,19.435139242615932,226226.12900673447,54573.87099326555
6805,78.95333449924087,21.046665500759133,221700.96327386837,59099.03672613163
6806,79.47872908279471,20.521270917205285,223176.2712644876,57623.72873551241
6807,79.49051701788346,20.509482982116538,223209.37178621674,57590.62821378326
6808,78.42156582799508,21.57843417200492,220207.75684501018,60592.243154989825
6809,78.628630638684,21.371369361316,220789.19483342464,60010.80516657537
6810,79.46658807662263,20.533411923377372,223142.17931915633,57657.82068084365
6811,77.26890300310863,22.731096996891367,216971.07963272906,63828.92036727094
6812,79.03529995566223,20.964700044337775,221931.1222754995,58868.87772450049
6813,81.6221195736442,18.3778804263558,229194.9117627929,51605.08823720711
6814,80.67758726281387,19.322412737186127,226542.66503398138,54257.33496601864
6815,79.40045287870389,20.599547121296112,222956.4716834005,57843.52831659946
6816,78.68177329286034,21.318226707139658,220938.41940635187,59861.58059364812
6817,79.3572290306054,20.642770969394604,222835.09911793994,57964.90088206004
6818,78.13060088535435,21.869399114645645,219390.727286075,61409.272713925
6819,79.84070398481703,20.159296015182974,224192.6967893662,56607.303210633814
6820,78.59112126954841,21.40887873045159,220683.8685248919,60116.13147510809
6821,78.54549467540404,21.454505324595956,220555.74904853455,60244.250951465445
6822,80.38289723749303,19.617102762506974,225715.1754428804,55084.8245571196
6823,78.29433247062477,21.705667529375233,219850.48557751437,60949.51442248565
6824,78.38296867074361,21.617031329256392,220099.37602744804,60700.62397255194
6825,80.89598918834999,19.104010811650014,227155.93764088675,53644.062359113246
6826,79.80122942336074,20.198770576639262,224081.85222079692,56718.14777920307
6827,80.12612432928357,19.87387567071643,224994.15711662828,55805.842883371704
6828,78.89267876685517,21.10732123314483,221530.64197732933,59269.35802267066
6829,80.49021403057792,19.509785969422083,226016.5209978628,54783.479002137195
6830,80.84805126390495,19.15194873609505,227021.3279490451,53778.6720509549
6831,79.78327191966383,20.216728080336168,224031.42755041606,56768.572449583924
6832,79.93308838322139,20.06691161677861,224452.11218008568,56347.88781991432
6833,79.13430070347577,20.865699296524227,222209.11637536,58590.88362463998
6834,79.24348603355494,20.756513966445056,222515.7087822223,58284.29121777771
6835,80.91018414385543,19.08981585614457,227195.79707594606,53604.202924053956
6836,79.86168373801739,20.13831626198261,224251.60793635284,56548.39206364717
6837,80.07424435338332,19.92575564661668,224848.47814430034,55951.521855699655
6838,79.46267110182185,20.537328898178146,223131.1804539158,57668.81954608422
6839,80.45994057416526,19.54005942583474,225931.51313225605,54868.48686774397
6840,80.12117338668936,19.878826613310636,224980.25486982375,55819.74513017626
6841,79.61659851684301,20.383401483156987,223563.40863529517,57236.59136470483
6842,78.52227090724415,21.47772909275585,220490.53670754159,60309.463292458415
6843,79.78288252126137,20.21711747873863,224030.33411970193,56769.66588029808
6844,79.88712286914138,20.11287713085862,224323.041016549,56476.958983451026
6845,79.8501322811532,20.149867718846806,224219.17144547816,56580.82855452184
6846,80.17047870565962,19.82952129434038,225118.70420549222,55681.29579450778
6847,81.01504122296305,18.98495877703695,227490.23575408023,53309.76424591978
6848,79.33970336784245,20.660296632157554,222785.88705690159,58014.112943098415
6849,80.50754779972227,19.492452200277725,226065.19422162016,54734.80577837987
6850,79.27340173926116,20.72659826073884,222599.71208384534,58200.28791615463
6851,80.5589938071876,19.441006192812395,226209.6546105828,54590.34538941721
6852,77.86558619796543,22.134413802034572,218646.56604388694,62153.43395611306
6853,79.42646479176143,20.573535208238567,223029.5131352661,57770.4868647339
6854,78.97172757427509,21.028272425724907,221752.61102856448,59047.38897143552
6855,80.53184914736515,19.46815085263485,226133.43240580134,54666.567594198634
6856,82.31324827997906,17.686751720020936,231135.60117018118,49664.39882981882
6857,79.181044555884,20.818955444116,222340.3731129223,58459.62688707771
6858,78.62823955809951,21.37176044190049,220788.09667914343,60011.903320856545
6859,78.94785238558426,21.052147614415745,221685.56949872058,59114.43050127943
6860,79.26415693993398,20.735843060066017,222573.75268733464,58226.24731266536
6861,80.41323662106467,19.58676337893533,225800.3684319496,54999.631568050405
6862,78.94582453412407,21.05417546587593,221679.87529182038,59120.12470817962
6863,79.50787385972626,20.49212614027374,223258.10979811134,57541.89020188865
6864,79.43166022422274,20.56833977577726,223044.10190961743,57755.89809038257
6865,80.39022214706551,19.609777852934485,225735.74378895998,55064.25621104003
6866,80.70505633125885,19.294943668741155,226619.79817817485,54180.20182182514
6867,77.71400576973903,22.285994230260968,218220.92820142722,62579.0717985728
6868,79.2793968336985,20.7206031663015,222616.5463090254,58183.4536909746
6869,79.91983070314664,20.080169296853356,224414.88461443578,56385.11538556422
6870,80.1433010027963,19.856698997203694,225042.38921585202,55757.61078414797
6871,79.36141749589078,20.638582504109223,222846.8603284613,57953.139671538695
6872,79.67781571274466,20.32218428725534,223735.306521387,57064.69347861297
6873,80.47961409633939,19.52038590366061,225986.756382521,54813.243617479
6874,80.97375115674362,19.026248843256383,227374.29324813606,53425.706751863945
6875,79.793663230856,20.206336769144002,224060.60635224363,56739.39364775637
6876,79.82907109102433,20.170928908975668,224160.03162359633,56639.968376403674
6877,81.85166873272537,18.148331267274628,229839.48580149285,50960.51419850718
6878,78.10280658581205,21.897193414187953,219312.68089296023,61487.319107039744
6879,78.52685848433876,21.47314151566124,220503.41862402324,60296.58137597676
6880,80.02065407785487,19.97934592214513,224697.99665061646,56102.003349383514
6881,79.01152676994741,20.98847323005259,221864.36717001232,58935.632829987684
6882,80.02252647544745,19.97747352455255,224703.25434305644,56096.745656943574
6883,80.37592052653491,19.624079473465088,225695.58483851003,55104.415161489975
6884,81.77608436893901,18.22391563106099,229627.24490798073,51172.75509201928
6885,79.01584567510017,20.984154324899833,221876.49465568128,58923.50534431871
6886,79.84021747432588,20.159782525674117,224191.33066790708,56608.66933209294
6887,80.85164913383318,19.148350866166822,227031.43076780357,53768.569232196416
6888,79.66698100668725,20.33301899331275,223704.88266677782,57095.11733322218
6889,80.26742780661048,19.732572193389515,225390.93728096221,55409.06271903777
6890,79.59559038664888,20.40440961335112,223504.41780571005,57295.582194289964
6891,79.30092341046038,20.699076589539615,222676.99293657276,58123.00706342727
6892,78.74304855275099,21.25695144724901,221110.48033612478,59689.519663875224
6893,80.56130334291808,19.43869665708192,226216.13978691396,54583.86021308603
6894,78.82889296962993,21.171107030370067,221351.53145872086,59448.468541279115
6895,78.16090344161955,21.839096558380447,219475.81686406772,61324.18313593228
6896,82.44425738387011,17.55574261612989,231503.47473390726,49296.525266092736
6897,79.18965719542825,20.810342804571746,222364.55740476254,58435.44259523747
6898,80.1483604988881,19.851639501111904,225056.59628087777,55743.403719122216
6899,79.9812486791624,20.018751320837595,224587.34629108803,56212.65370891196
6900,79.42453681114904,20.57546318885096,223024.0993657065,57775.90063429352
6901,79.9064667105413,20.093533289458705,224377.35852319998,56422.641476800025
6902,79.51535466159483,20.484645338405173,223279.11588975828,57520.88411024173
6903,78.61534433691976,21.38465566308024,220751.8868980707,60048.113101929295
6904,80.78905927674785,19.21094072325215,226855.67844910797,53944.32155089202
6905,79.7721472844038,20.2278527155962,224000.18957460587,56799.81042539413
6906,80.88897473814453,19.111025261855474,227136.24106470981,53663.758935290185
6907,80.74440889951852,19.25559110048148,226730.300189848,54069.69981015199
6908,79.34095522204444,20.659044777955557,222789.4022635008,58010.5977364992
6909,79.07977483680318,20.920225163196818,222056.00774174335,58743.99225825665
6910,80.22444069448596,19.775559305514037,225270.22947011658,55529.77052988342
6911,78.86237294736888,21.137627052631117,221445.54323621184,59354.45676378816
6912,80.07252049539632,19.92747950460368,224843.63755107287,55956.36244892716
6913,80.55989017403662,19.440109825963376,226212.17160869483,54587.828391305186
6914,79.83086665471635,20.169133345283655,224165.07356644352,56634.92643355647
6915,79.46935302869782,20.530646971302176,223149.9433045835,57650.056695416504
6916,79.9199405333369,20.0800594666631,224415.19301761,56384.80698239
6917,81.05620518265532,18.94379481734468,227605.82415289612,53194.17584710386
6918,80.40919472630986,19.590805273690137,225789.0187914781,55010.9812085219
6919,80.79967114437584,19.200328855624164,226885.47657340736,53914.52342659263
6920,81.57850829798085,18.421491702019154,229072.4513007302,51727.5486992698
6921,78.36557983627058,21.634420163729416,220050.5481802478,60749.45181975221
6922,79.97971570436916,20.020284295630844,224583.0416978686,56216.9583021314
6923,80.04921799833731,19.950782001662688,224778.20413933118,56021.79586066884
6924,78.88101195990428,21.118988040095715,221497.88158341125,59302.11841658875
6925,79.09719030898404,20.90280969101596,222104.9103876272,58695.0896123728
6926,80.15821947998255,19.84178052001745,225084.280299791,55715.719700209
6927,80.55768074278784,19.442319257212162,226205.96752574824,54594.03247425173
6928,78.90600953212946,21.09399046787054,221568.07476621954,59231.92523378046
6929,80.96582090520428,19.034179094795718,227352.0251018136,53447.974898186396
6930,78.28342388305597,21.716576116944026,219819.85426362118,60980.145736378814
6931,79.25186290870319,20.74813709129681,222539.23104763855,58260.76895236145
6932,79.15329389852097,20.84670610147903,222262.44926704688,58537.55073295313
6933,80.463783354208,19.536216645791995,225942.3036586161,54857.69634138392
6934,81.20914189308279,18.790858106917213,228035.27043577647,52764.729564223526
6935,80.41446994865467,19.58553005134533,225803.8316158223,54996.16838417768
6936,79.99139071340912,20.008609286590882,224615.8251232528,56184.174876747216
6937,78.7790418734772,21.220958126522802,221211.54958072398,59588.45041927601
6938,79.3178894441775,20.682110555822504,222724.63355925042,58075.36644074958
6939,79.22830073270842,20.77169926729158,222473.06845744522,58326.93154255478
6940,80.3233398288659,19.676660171134102,225547.93823945546,55252.06176054456
6941,78.78594537963548,21.21405462036452,221230.93462601642,59569.06537398361
6942,79.34297040639305,20.65702959360695,222795.06090115168,58004.93909884832
6943,81.02008188371327,18.979918116286726,227504.38992946685,53295.61007053315
6944,79.15823275363356,20.841767246366445,222276.31757220303,58523.68242779697
6945,80.46657133152154,19.533428668478464,225950.13229891245,54849.86770108754
6946,78.21292913440988,21.787070865590124,219621.90500942295,61178.09499057705
6947,80.16355576259305,19.83644423740695,225099.2645813613,55700.735418638695
6948,77.41608024768564,22.583919752314358,217384.35333550128,63415.6466644987
6949,79.96327412930242,20.03672587069758,224536.8737550812,56263.12624491876
6950,80.73366673245552,19.266333267544482,226700.1361847351,54099.86381526492
6951,79.78289100277141,20.217108997228593,224030.3579357821,56769.64206421787
6952,80.53820262674954,19.461797373250462,226151.27297591273,54648.72702408726
6953,80.8354143065219,19.164585693478102,226985.8433727135,53814.15662728647
6954,80.51247629298696,19.48752370701304,226079.03343070738,54720.96656929261
6955,79.43321139521483,20.566788604785174,223048.45759776322,57751.54240223678
6956,79.67887383041777,20.32112616958223,223738.2777158131,57061.7222841869
6957,79.38291256385006,20.617087436149944,222907.21847929095,57892.781520709046
6958,79.71273391201953,20.28726608798047,223833.35682495084,56966.64317504916
6959,79.9801843020909,20.019815697909095,224584.35752027127,56215.64247972872
6960,79.88391163648222,20.116088363517775,224314.0238752421,56485.97612475788
6961,79.48429218674656,20.515707813253442,223191.89246038435,57608.10753961566
6962,78.97160354801576,21.028396451984236,221752.26276282826,59047.73723717175
6963,80.43258006306424,19.567419936935764,225854.6848170844,54945.315182915605
6964,78.54924713549683,21.450752864503173,220566.2859564751,60233.7140435249
6965,78.85734701625476,21.142652983745236,221431.43042164337,59368.56957835665
6966,79.99680736314109,20.003192636858913,224631.03507570017,56168.96492429981
6967,79.49866605342527,20.501333946574732,223232.25427801817,57567.74572198182
6968,79.26454159287974,20.735458407120262,222574.83279280632,58225.167207193655
6969,81.1541219756867,18.845878024313294,227880.77450772826,52919.22549227174
6970,81.18575743628693,18.814242563713066,227969.6068810937,52830.3931189063
6971,81.33760572327344,18.66239427672656,228395.9968709518,52404.00312904818
6972,78.85887446136887,21.14112553863113,221435.71948752378,59364.28051247624
6973,81.4879628905275,18.5120371094725,228818.19979660123,51981.80020339879
6974,79.0428789981596,20.957121001840406,221952.40422683215,58847.59577316786
6975,80.94671208263334,19.05328791736666,227298.36752803443,53501.63247196559
6976,79.6577473422479,20.3422526577521,223678.95453703208,57121.04546296792
6977,79.92150815635377,20.078491843646233,224419.59490304135,56380.40509695866
6978,79.99011619545215,20.009883804547854,224612.24627682962,56187.75372317036
6979,80.45502298103057,19.544977018969433,225917.70453073384,54882.29546926616
6980,80.93424349170847,19.06575650829153,227263.35572471737,53536.64427528261
6981,77.62517091944204,22.37482908055796,217971.47994179325,62828.52005820674
6982,79.13964717823056,20.86035282176944,222224.12927647142,58575.870723528555
6983,79.73035936039902,20.26964063960098,223882.84908400045,56917.15091599956
6984,80.67444762120195,19.32555237879805,226533.84892033506,54266.151079664945
6985,79.6512116611779,20.348788338822104,223660.60234458753,57139.39765541246
6986,78.8539880109941,21.1460119890059,221421.99833487143,59378.00166512859
6987,79.36016937196565,20.639830628034346,222843.35559647955,57956.64440352046
6988,80.01057257171557,19.98942742828443,224669.68778137735,56130.31221862264
6989,78.78459920579311,21.215400794206886,221227.15456986707,59572.84543013292
6990,80.74376640423002,19.256233595769984,226728.49606307788,54071.50393692212
6991,78.90036595480349,21.09963404519651,221552.22760108818,59247.77239891182
6992,80.31509168934049,19.68490831065951,225524.77746366808,55275.222536331894
6993,79.30433642428882,20.69566357571118,222686.57667940302,58113.42332059698
6994,81.13154596023021,18.868454039769787,227817.38105632644,52982.61894367357
6995,79.60483719234831,20.395162807651687,223530.38283611406,57269.61716388594
6996,79.52391743186065,20.476082568139347,223303.16014866473,57496.83985133527
6997,79.56520117672895,20.434798823271052,223419.08490425488,57380.91509574512
6998,80.06199831219799,19.938001687802014,224814.09126065194,55985.90873934806
6999,80.1327051928153,19.867294807184706,225012.63618142533,55787.36381857467
7000,79.00826247290104,20.991737527098962,221855.20102390612,58944.79897609387
7001,78.65559528881828,21.344404711181724,220864.9115710017,59935.08842899831
7002,80.2712222253997,19.728777774600303,225401.59200892234,55398.40799107766
7003,79.68235766915005,20.31764233084995,223748.06033497333,57051.93966502665
7004,78.79508945933004,21.204910540669957,221256.61120179875,59543.38879820127
7005,78.21946974637835,21.78053025362165,219640.2710478304,61159.72895216959
7006,80.48049855924728,19.51950144075272,225989.23995436638,54810.760045633615
7007,80.27913839216006,19.720861607839936,225423.82060518546,55376.17939481454
7008,81.00043631316429,18.999563686835714,227449.2251673653,53350.77483263469
7009,80.97806560945821,19.021934390541787,227386.40823135868,53413.591768641345
7010,78.59793775635092,21.402062243649084,220703.0092198334,60096.99078016661
7011,79.61421383176526,20.385786168234745,223556.71243959683,57243.2875604032
7012,79.41949176089693,20.580508239103068,223009.93286459858,57790.06713540139
7013,78.73949260981185,21.260507390188152,221100.49524835165,59699.504751648354
7014,80.44911116242147,19.550888837578526,225901.1041440795,54898.89585592051
7015,78.98867003318279,21.011329966817215,221800.18545317726,58999.81454682272
7016,81.20578220669334,18.794217793306657,228025.83643639492,52774.16356360507
7017,78.39496601564076,21.60503398435924,220133.06457191924,60666.935428080775
7018,79.51839584376762,20.48160415623238,223287.6555292995,57512.34447070051
7019,78.21642843838286,21.783571561617137,219631.7310549791,61168.268945020915
7020,79.91547801405487,20.08452198594513,224402.6622634661,56397.3377365339
7021,79.6333344755121,20.3666655244879,223610.403207238,57189.59679276202
7022,79.99139892375756,20.008601076242442,224615.84817791125,56184.15182208877
7023,78.96247001054638,21.037529989453617,221726.61578961424,59073.384210385775
7024,79.43481758477655,20.565182415223447,223052.96777805255,57747.032221947426
7025,80.7914415422553,19.2085584577447,226862.36785065287,53937.63214934713
7026,78.70926626123077,21.290733738769234,221015.61966153598,59784.38033846401
7027,80.01108888063382,19.98891111936618,224671.13757681975,56128.86242318027
7028,80.74644725929636,19.25355274070364,226736.0239041042,54063.97609589579
7029,77.78192821710043,22.21807178289957,218411.654433618,62388.34556638199
7030,79.07545595787101,20.924544042128986,222043.88032970182,58756.1196702982
7031,78.95886182678099,21.04113817321901,221716.48400960103,59083.51599039897
7032,80.30083676097749,19.69916323902251,225484.7496248248,55315.250375175194
7033,80.34811739916317,19.651882600836828,225617.5136568502,55182.48634314978
7034,79.92463163909245,20.075368360907547,224428.3656425716,56371.634357428426
7035,79.07253832801152,20.927461671988482,222035.68762505634,58764.31237494365
7036,79.70017167244846,20.299828327551538,223798.0820562353,57001.917943764696
7037,80.90475101405342,19.095248985946583,227180.54084746202,53619.459152537995
7038,81.80864045275943,18.191359547240566,229718.66239134848,51081.337608651535
7039,78.64054777005195,21.359452229948047,220822.65813830588,59977.34186169412
7040,79.46379881724795,20.536201182752052,223134.34707883224,57665.65292116777
7041,79.66478782322521,20.33521217677479,223698.7242076164,57101.275792383574
7042,81.1809941350338,18.8190058649662,227956.2315311749,52843.76846882509
7043,79.06703359084445,20.932966409155554,222020.2303230912,58779.76967690878
7044,79.37462174668568,20.625378253314324,222883.9378646934,57916.06213530658
7045,80.12730559157042,19.87269440842958,224997.47410112974,55802.52589887024
7046,78.78367521314448,21.216324786855523,221224.5599985097,59575.44000149031
7047,81.28832297305752,18.711677026942482,228257.61090834552,52542.389091654484
7048,80.11999881974197,19.880001180258034,224976.95668583544,55823.04331416457
7049,80.15138906640225,19.848610933597755,225065.1004984575,55734.89950154249
7050,77.89292399194917,22.107076008050825,218723.3305693933,62076.66943060672
7051,81.2200352386115,18.7799647613885,228065.8589500211,52734.141049978905
7052,79.59331360381317,20.406686396186828,223498.0245995074,57301.97540049263
7053,80.90746023274035,19.09253976725965,227188.1483335349,53611.851666465096
7054,79.91426267492486,20.085737325075144,224399.24959118897,56400.750408811036
7055,81.07113852751283,18.92886147248717,227647.75698525604,53152.243014743945
7056,80.7558891518484,19.244110848151607,226762.53673839028,54037.4632616097
7057,78.85949097452232,21.140509025477684,221437.45065645868,59362.54934354133
7058,80.21808619594403,19.781913804055975,225252.38603821083,55547.61396178919
7059,79.70745640380596,20.292543596194037,223818.53758188715,56981.46241811287
7060,79.46376339404821,20.536236605951785,223134.2476104874,57665.75238951262
7061,81.5035144869665,18.496485513033505,228861.8686794019,51938.1313205981
7062,81.04766733925065,18.95233266074935,227581.84988861583,53218.15011138417
7063,80.53628878943945,19.463711210560547,226145.898920746,54654.10107925398
7064,79.1066343231454,20.8933656768546,222131.4291793923,58668.57082060773
7065,80.46771403354076,19.53228596645924,225953.34100618245,54846.65899381756
7066,79.11912784538885,20.880872154611154,222166.5109898519,58633.489010148085
7067,78.83984485088207,21.160155149117926,221382.28434127689,59417.71565872312
7068,80.47834843057467,19.52165156942533,225983.20239305365,54816.797606946355
7069,79.28903701213999,20.710962987860015,222643.6159300891,58156.38406991091
7070,78.78630902098827,21.21369097901173,221231.9557309351,59568.04426906491
7071,80.0879168199587,19.912083180041293,224886.87043044405,55913.12956955595
7072,79.53209772030515,20.467902279694854,223326.13039861684,57473.86960138316
7073,78.6229833190774,21.377016680922594,220773.33715996935,60026.66284003065
7074,80.31371372996499,19.686286270035012,225520.90815374168,55279.09184625831
7075,79.4833279656277,20.516672034372306,223189.18492748257,57610.81507251744
7076,79.61051314536653,20.389486854633475,223546.3209121892,57253.679087810815
7077,80.63693544667018,19.36306455332982,226428.51473424985,54371.48526575013
7078,80.98248459365686,19.017515406343136,227398.81673898848,53401.18326101154
7079,79.43907088770369,20.560929112296307,223064.91105267196,57735.08894732802
7080,80.44612586344294,19.553874136557056,225892.72142454778,54907.27857545223
7081,79.96523295538834,20.034767044611655,224542.37413873046,56257.62586126955
7082,79.91076166574503,20.089238334254972,224389.41875741203,56410.58124258797
7083,79.385648589169,20.614351410831006,222914.90123838652,57885.098761613495
7084,81.20961071956492,18.79038928043508,228036.5869005383,52763.4130994617
7085,80.04285865678169,19.95714134321831,224760.34710824298,56039.652891757054
7086,79.31144474375434,20.688555256245664,222706.53684046218,58093.46315953783
7087,79.91657499294514,20.083425007054856,224405.74258018995,56394.25741981006
7088,81.07701608063388,18.922983919366118,227664.26115441995,53135.738845580054
7089,79.3529945243311,20.647005475668905,222823.20862432173,57976.79137567825
7090,78.45540645710891,21.544593542891093,220302.7813315618,60497.21866843818
7091,80.03612402347471,19.963875976525287,224741.43625791703,56058.56374208297
7092,80.46302595564308,19.536974044356924,225940.17688344576,54859.82311655425
7093,79.21387666272643,20.786123337273565,222432.56566893583,58367.43433106417
7094,79.82197867215558,20.17802132784442,224140.11611141288,56659.88388858711
7095,79.31400805789023,20.685991942109766,222713.73462655576,58086.26537344426
7096,79.87592203703774,20.12407796296226,224291.58908000196,56508.410919998045
7097,79.89853064258867,20.101469357411332,224355.07404438895,56444.925955611034
7098,79.8612902746623,20.138709725337705,224250.5030912517,56549.49690874831
7099,81.2579618140638,18.742038185936195,228172.35677389117,52627.643226108834
7100,80.61127334273122,19.388726657268776,226356.45554638928,54443.544453610746
7101,80.26155265607517,19.738447343924832,225374.43985825905,55425.56014174095
7102,80.44658124328564,19.553418756714365,225894.00013114608,54905.999868853905
7103,80.49444329382696,19.50555670617304,226028.3967690661,54771.60323093388
7104,80.33494126529821,19.665058734701788,225580.51507295738,55219.48492704265
7105,79.37006144686882,20.629938553131183,222871.1325428076,57928.86745719239
7106,81.31259711664957,18.68740288335043,228325.772703552,52474.227296448
7107,79.07498150889472,20.925018491105277,222042.54807697638,58757.451923023604
7108,80.175725081683,19.824274918317002,225133.43602936584,55666.56397063413
7109,78.46190837964579,21.53809162035421,220321.0387300454,60478.9612699546
7110,78.83349428400048,21.16650571599952,221364.45194947335,59435.54805052663
7111,78.97958002846696,21.020419971533045,221774.6607199352,59025.339280064814
7112,79.64180918671761,20.35819081328239,223634.20019630305,57165.79980369695
7113,80.37719810988929,19.622801890110708,225699.17229256913,55100.827707430886
7114,80.12335204049074,19.876647959509256,224986.372529698,55813.62747030199
7115,80.86959528056953,19.130404719430473,227081.82354783925,53718.17645216074
7116,80.1328985143467,19.867101485653293,225013.17902828555,55786.82097171445
7117,79.24993338578949,20.75006661421051,222533.8129472969,58266.18705270311
7118,80.19051662250087,19.809483377499134,225174.97067598242,55625.02932401757
7119,81.5483338209505,18.451666179049496,228987.72136922902,51812.278630770976
7120,80.43745815467477,19.562541845325228,225868.38249832674,54931.61750167326
7121,78.52768149800785,21.47231850199215,220505.72964640605,60294.270353593936
7122,82.18135417388528,17.818645826114718,230765.24252026988,50034.75747973012
7123,79.67582589657498,20.324174103425023,223729.71911758254,57070.28088241743
7124,79.82553187543246,20.17446812456754,224150.09350621433,56649.90649378567
7125,80.49080064136676,19.50919935863324,226018.16820095788,54781.83179904212
7126,79.28921679596937,20.710783204030633,222644.12076308197,58155.879236918016
7127,79.91689542458944,20.08310457541056,224406.64235224715,56393.357647752855
7128,79.78455323887876,20.215446761121243,224035.02549477154,56764.97450522847
7129,80.94367083697409,19.056329163025907,227289.82771022324,53510.17228977675
7130,79.88657502303667,20.11342497696333,224321.50266468697,56478.49733531304
7131,79.7318978048721,20.268102195127895,223887.1690360809,56912.83096391913
7132,78.98084847310183,21.01915152689817,221778.22251246992,59021.77748753008
7133,79.60088614181127,20.399113858188727,223519.28828620608,57280.711713793935
7134,80.39661895234374,19.603381047656256,225753.70601818123,55046.29398181877
7135,78.83040831891736,21.169591681082636,221355.78655951997,59444.213440480045
7136,79.25426202349509,20.745737976504913,222545.9677619742,58254.032238025786
7137,79.0033457410242,20.996654258975795,221841.39484079595,58958.60515920407
7138,78.67626015781168,21.323739842188317,220922.9385231352,59877.06147686479
7139,79.930673673218,20.069326326782004,224445.33167439612,56354.66832560388
7140,78.90747920850536,21.092520791494636,221572.20161748305,59227.798382516936
7141,79.93162309829279,20.06837690170721,224447.99766000616,56352.00233999386
7142,78.55433904613268,21.445660953867318,220580.58404154057,60219.415958459445
7143,81.38342008714018,18.61657991285982,228524.64360468963,52275.356395310366
7144,79.31738316672055,20.682616833279454,222723.2119321513,58076.788067848705
7145,79.54658858129541,20.45341141870459,223366.8207362775,57433.179263722486
7146,78.96658576682312,21.033414233176885,221738.1728332393,59061.827166760675
7147,80.26853570638535,19.73146429361465,225394.04826353004,55405.95173646994
7148,79.42316693941109,20.57683306058891,223020.25276586635,57779.747234133654
7149,79.319368534027,20.680631465972994,222728.78684354786,58071.21315645215
7150,80.07825993148037,19.921740068519625,224859.7538875969,55940.24611240311
7151,79.12638455906131,20.873615440938693,222186.88784184415,58613.11215815587
7152,78.70414896659652,21.29585103340348,221001.25029820303,59798.74970179696
7153,78.9754550364466,21.024544963553396,221763.07774234208,59036.922257657934
7154,81.98406101911398,18.01593898088602,230211.24334167206,50588.756658327955
7155,79.4741121157678,20.525887884232205,223163.30682107597,57636.693178924055
7156,79.92003562146269,20.079964378537312,224415.4600250672,56384.539974932806
7157,80.17353719984844,19.82646280015156,225127.29245717442,55672.7075428256
7158,79.22923749144599,20.770762508554014,222475.69887598034,58324.30112401967
7159,78.44649841436737,21.55350158563263,220277.76754754357,60522.23245245643
7160,78.897543483524,21.102456516475996,221544.3021017354,59255.69789826461
7161,78.86455370309628,21.135446296903723,221451.66679829435,59348.33320170567
7162,80.0802929956871,19.919707004312897,224865.46273188936,55934.53726811064
7163,79.30472980289063,20.695270197109366,222687.68128651692,58112.31871348308
7164,79.81755165170567,20.18244834829433,224127.68503798952,56672.31496201048
7165,79.78303607256349,20.21696392743651,224030.7652917583,56769.23470824171
7166,80.18552789058462,19.814472109415377,225160.96231676164,55639.03768323837
7167,80.9125463977754,19.0874536022246,227202.43028495333,53597.56971504667
7168,79.65689226036024,20.343107739639763,223676.55346709155,57123.44653290844
7169,81.22907330015377,18.77092669984623,228091.23782683178,52708.762173168216
7170,79.97434073827027,20.02565926172973,224567.94879306294,56232.051206937045
7171,79.97782208737532,20.022177912624684,224577.72442134988,56222.27557865015
7172,79.84461459260828,20.15538540739172,224203.67777604406,56596.322223955955
7173,82.06074506052981,17.93925493947019,230426.57212996774,50373.42787003226
7174,80.846847694567,19.153152305432997,227017.94832634414,53782.05167365584
7175,79.44770629284102,20.55229370715898,223089.1592702976,57710.84072970241
7176,80.5042279183374,19.495772081662594,226055.87199469146,54744.12800530852
7177,79.67790094940712,20.322099050592882,223735.5458659352,57064.454134064814
7178,79.03150271809054,20.968497281909464,221920.45963239824,58879.540367601774
7179,79.95622003966902,20.04377996033098,224517.06587139063,56282.934128609355
7180,78.30267442530044,21.697325574699562,219873.90978624363,60926.09021375634
7181,80.00985411722378,19.99014588277622,224667.67036116438,56132.329638835625
7182,78.66151971507222,21.338480284927783,220881.54735992278,59918.452640077194
7183,79.81719777173643,20.18280222826357,224126.6913430359,56673.30865696412
7184,80.53139893645435,19.46860106354565,226132.1682135638,54667.83178643621
7185,79.56130172132994,20.43869827867006,223408.13523349445,57391.86476650556
7186,81.11904825131508,18.88095174868492,227782.28748969274,53017.71251030725
7187,79.84017156414215,20.159828435857847,224191.20175211114,56608.79824788888
7188,79.09374839611945,20.90625160388055,222095.24549630343,58704.75450369659
7189,79.29340717852254,20.706592821477457,222655.8873572913,58144.11264270869
7190,78.43602105034577,21.563978949654228,220248.34710937092,60551.6528906291
7191,79.66585722018092,20.334142779819075,223701.72707426804,57098.272925731944
7192,78.65175227200956,21.34824772799044,220854.12037980283,59945.87962019717
7193,78.86713801930216,21.13286198069784,221458.92355820048,59341.07644179955
7194,80.39371231147844,19.60628768852156,225745.54417063145,55054.45582936857
7195,77.26300080840576,22.736999191594236,216954.50627000336,63845.49372999664
7196,79.87799883377201,20.12200116622799,224297.42072523182,56502.5792747682
7197,79.86106198270494,20.13893801729506,224249.86204743548,56550.1379525645
7198,80.62902488882749,19.370975111172513,226406.30188782758,54393.69811217243
7199,79.13983004677387,20.860169953226134,222224.642771341,58575.35722865901
7200,78.93418612771211,21.06581387228789,221647.1946466156,59152.805353384414
7201,80.71733555026601,19.282664449733986,226654.27822514696,54145.72177485304
7202,82.04145817737778,17.958541822622223,230372.4145620768,50427.585437923204
7203,79.2218575834745,20.778142416525498,222454.97609439638,58345.02390560359
7204,79.88145046784233,20.118549532157672,224307.11291370128,56492.887086298724
7205,79.18264160704268,20.817358392957317,222344.85763257585,58455.142367424145
7206,80.71633972466842,19.283660275331584,226651.4819468689,54148.51805313108
7207,79.9544997180908,20.0455002819092,224512.23520839895,56287.76479160103
7208,78.17389849441312,21.826101505586877,219512.30697231204,61287.693027687965
7209,79.50322092145298,20.49677907854702,223245.04434743995,57554.95565256005
7210,78.33604718575035,21.663952814249654,219967.62049758696,60832.37950241302
7211,80.83358127823597,19.166418721764032,226980.69622928658,53819.303770713406
7212,78.4188552688815,21.5811447311185,220200.14559501928,60599.85440498072
7213,79.3892904516018,20.610709548398205,222925.12758809782,57874.87241190219
7214,79.46401626212041,20.53598373787959,223134.9576640341,57665.04233596591
7215,79.91377567984907,20.086224320150933,224397.88210901618,56402.1178909838
7216,79.73155439142343,20.26844560857657,223886.204731117,56913.79526888302
7217,78.53221249192816,21.467787508071837,220518.45267733428,60281.54732266571
7218,80.3439923883085,19.656007611691507,225605.93062637025,55194.06937362977
7219,79.67596651420152,20.32403348579848,223730.11397187784,57069.88602812217
7220,79.01381683757963,20.986183162420375,221870.7976799236,58929.2023200764
7221,80.48672508909522,19.513274910904784,226006.72405017936,54793.27594982065
7222,79.80477651432194,20.195223485678056,224091.81245221602,56708.18754778395
7223,79.75475828469429,20.24524171530571,223951.36126342157,56848.638736578425
7224,80.27058603621184,19.72941396378816,225399.80558968283,55400.19441031718
7225,78.25146784664003,21.748532153359974,219730.12171336517,61069.87828663482
7226,80.65341389807598,19.346586101924018,226474.78622579738,54325.2137742026
7227,77.8396249864842,22.160375013515804,218573.6669620476,62226.33303795239
7228,80.33538274647213,19.664617253527865,225581.75475209372,55218.24524790626
7229,77.80675075891632,22.193249241083677,218481.35613103703,62318.643868962965
7230,78.34236959476384,21.657630405236162,219985.37382209685,60814.62617790315
7231,81.15031559502197,18.849684404978035,227870.08619082166,52929.91380917834
7232,79.04621714240733,20.95378285759267,221961.77773587976,58838.222264120224
7233,79.85746156817515,20.142538431824846,224239.75208343583,56560.24791656417
7234,80.66940433444265,19.330595665557354,226519.68737111497,54280.31262888505
7235,79.34671050784914,20.65328949215086,222805.56310604038,57994.43689395963
7236,80.16027449703358,19.839725502966417,225090.05078767033,55709.94921232968
7237,79.58161809484248,20.418381905157517,223465.18361031768,57334.816389682324
7238,79.20797620782825,20.792023792171747,222415.99719158176,58384.00280841825
7239,80.37167872310386,19.628321276896145,225683.67385447564,55116.32614552436
7240,78.94206447411504,21.057935525884957,221669.31704331507,59130.682956684934
7241,79.78586837079898,20.21413162920102,224038.71838520354,56761.28161479647
7242,79.53257479381655,20.46742520618345,223327.47002103686,57472.52997896315
7243,80.5922260691352,19.407773930864806,226302.9708021316,54497.02919786841
7244,80.00719840393334,19.992801596066656,224660.21311824484,56139.786881755164
7245,78.8405531343574,21.159446865642593,221384.2732012756,59415.72679872441
7246,80.19362229184331,19.80637770815669,225183.69139549602,55616.30860450397
7247,80.2729054416641,19.727094558335907,225406.3184801928,55393.68151980722
7248,78.23979520731189,21.760204792688114,219697.34494213175,61102.655057868265
7249,79.57040948373202,20.42959051626798,223433.7098303195,57366.290169680506
7250,79.13053984233612,20.86946015766388,222198.55587727984,58601.444122720175
7251,80.37981977636164,19.620180223638357,225706.53393202348,55093.46606797651
7252,79.68748942876239,20.31251057123761,223762.4703159648,57037.529684035195
7253,80.41921463429746,19.58078536570254,225817.1546931073,54982.845306892705
7254,79.86394620480128,20.13605379519872,224257.960943082,56542.03905691799
7255,78.05152120374889,21.94847879625111,219168.6715401269,61631.32845987308
7256,78.17993659815767,21.820063401842333,219529.26196762675,61270.738032373265
7257,79.24067148918753,20.759328510812466,222507.80554163858,58292.194458361395
7258,80.88592420174841,19.11407579825159,227127.67515850952,53672.32484149046
7259,79.87454137177316,20.125458628226838,224287.71217193903,56512.28782806098
7260,79.24448490870553,20.75551509129447,222518.51362364512,58281.486376354886
7261,77.95911528910106,22.040884710898936,218909.1957317958,61890.80426820421
7262,79.09074567998786,20.90925432001214,222086.81386940592,58713.186130594084
7263,80.4362402154953,19.563759784504697,225864.9625251108,54935.03747488916
7264,79.33523362797209,20.664766372027913,222773.33602734562,58026.66397265437
7265,78.86746081161753,21.132539188382466,221459.82995902206,59340.17004097794
7266,80.07877100169007,19.921228998309928,224861.18897274573,55938.811027254276
7267,80.19584475482003,19.80415524517997,225189.93207153465,55610.067928465345
7268,79.96539757837806,20.03460242162194,224542.8364000856,56257.163599914405
7269,80.14818859163145,19.851811408368548,225056.11356530112,55743.886434698885
7270,79.42199646292217,20.578003537077834,223016.96606788546,57783.03393211455
7271,80.81240618451794,19.18759381548206,226921.23656612638,53878.763433873624
7272,80.1801865632647,19.819813436735302,225145.96386964727,55654.03613035273
7273,81.97800694011373,18.02199305988627,230194.24348783935,50605.756512160675
7274,80.10811555505656,19.891884444943443,224943.5884785988,55856.41152140118
7275,79.77484569212282,20.225154307877176,224007.76670348088,56792.233296519116
7276,79.66027260556334,20.339727394436665,223686.04547642183,57113.954523578155
7277,79.91743678565646,20.082563214343537,224408.16249412333,56391.83750587667
7278,80.37835857078342,19.62164142921658,225702.43086675985,55097.56913324016
7279,78.93665808378141,21.06334191621859,221654.1358992582,59145.86410074179
7280,79.49444204984289,20.50555795015711,223220.39327595884,57579.60672404118
7281,78.98612188524028,21.01387811475972,221793.0302537547,59006.969746245304
7282,79.7833678181127,20.216632181887306,224031.69683326044,56768.303166739555
7283,79.49557877877531,20.50442122122469,223223.58521080107,57576.41478919894
7284,78.06562700079502,21.93437299920498,219208.2806182324,61591.71938176759
7285,79.0839954688256,20.916004531174394,222067.85927646232,58732.140723537676
7286,78.15969318237022,21.84030681762978,219472.41845609556,61327.581543904416
7287,79.02517508298405,20.97482491701595,221902.6916330192,58897.308366980826
7288,78.63779118368848,21.362208816311522,220814.91764379723,59985.08235620279
7289,79.76106565120183,20.238934348798168,223969.07234857476,56830.92765142524
7290,78.83107207361947,21.168927926380533,221357.65038272346,59442.349617276544
7291,79.50688939352982,20.493110606470182,223255.34541703176,57544.65458296826
7292,79.12796766208619,20.872032337913808,222191.33319513805,58608.66680486196
7293,80.31605828650098,19.683941713499024,225527.4916684947,55272.508331505305
7294,79.46365417704736,20.53634582295264,223133.940929149,57666.059070851
7295,81.32964991686481,18.67035008313519,228373.6569665564,52426.34303344362
7296,79.6060383382984,20.393961661701596,223533.75565394192,57266.2443460581
7297,79.82384789597549,20.17615210402451,224145.36489189917,56654.6351081008
7298,81.20189404990958,18.798105950090417,228014.9184921461,52785.0815078539
7299,80.92805908415663,19.07194091584337,227245.9899083118,53554.0100916882
7300,78.9222241025882,21.077775897411797,221613.60528006766,59186.39471993233
7301,80.57857966257454,19.42142033742546,226264.6516925093,54535.3483074907
7302,79.12816843184781,20.87183156815219,222191.89695662865,58608.10304337136
7303,80.45383987461997,19.546160125380027,225914.38236793288,54885.61763206715
7304,79.99199320811269,20.00800679188731,224617.51692838044,56182.48307161955
7305,81.24497735307561,18.755022646924388,228135.89640743632,52664.103592563675
7306,80.53328258082169,19.46671741917831,226137.45748694733,54662.54251305268
7307,80.78537829702039,19.214621702979613,226845.34225803323,53954.657741966774
7308,81.35809518636633,18.641904813633673,228453.53128331667,52346.46871668333
7309,79.48943530148249,20.510564698517513,223206.33432656282,57593.66567343718
7310,79.84932501493671,20.15067498506329,224216.9046419423,56583.0953580577
7311,78.87671396199225,21.12328603800775,221485.81280527424,59314.18719472576
7312,79.6686087743656,20.331391225634405,223709.45343841857,57090.54656158143
7313,79.12778630744266,20.872213692557338,222190.82395129898,58609.176048701
7314,80.72890546018546,19.27109453981454,226686.76653220077,54113.23346779922
7315,79.50277814820494,20.49722185179506,223243.80104015948,57556.19895984049
7316,79.61758844741486,20.38241155258514,223566.18836034095,57233.81163965904
7317,79.94116277309517,20.058837226904828,224474.78506685124,56325.214933148745
7318,77.99281077584823,22.007189224151773,219003.8126585818,61796.1873414182
7319,80.31816040875621,19.681839591243786,225533.39442778745,55266.60557221254
7320,78.7563788771746,21.243621122825402,221147.91188710628,59652.08811289372
7321,78.33361021794275,21.66638978205725,219960.77749198326,60839.222508016755
7322,79.54612976528382,20.453870234716177,223365.532380917,57434.467619082985
7323,78.9279714654897,21.072028534510295,221629.7438750951,59170.25612490491
7324,78.63602080526664,21.36397919473336,220809.9464211887,59990.05357881129
7325,79.51487694795019,20.485123052049815,223277.77446984412,57522.22553015587
7326,81.18487032050197,18.81512967949803,227967.11585996952,52832.88414003049
7327,78.96236030860325,21.03763969139675,221726.30774655793,59073.692253442074
7328,79.91181281464053,20.088187185359473,224392.3703835106,56407.629616489394
7329,79.30541728871167,20.694582711288334,222689.61174670234,58110.388253297664
7330,78.84190474623033,21.158095253769673,221388.06852741475,59411.93147258526
7331,81.12104154451949,18.878958455480515,227787.88465701073,53012.115342989244
7332,79.98175366082965,20.018246339170346,224588.7642796097,56211.23572039032
7333,81.52345724479258,18.47654275520742,228917.86794337758,51882.1320566224
7334,79.99771460611032,20.00228539388968,224633.58261395775,56166.41738604226
7335,78.755154222146,21.244845777853996,221144.473055786,59655.526944214
7336,79.5806240362406,20.419375963759407,223462.39229376358,57337.607706236435
7337,81.52034758286709,18.47965241713291,228909.13601269078,51890.86398730922
7338,80.08760506433003,19.912394935669965,224885.99502063874,55914.00497936126
7339,78.70775175646367,21.292248243536335,221011.36693214998,59788.63306785003
7340,78.69119131032217,21.308808689677832,220964.86519938463,59835.13480061534
7341,80.08572306179754,19.914276938202462,224880.71035752748,55919.28964247252
7342,80.56638861574804,19.43361138425196,226230.4192330205,54569.58076697946
7343,79.11529463022488,20.88470536977512,222155.74732167146,58644.25267832854
7344,80.62918864950831,19.370811350491692,226406.76172781934,54393.238272180686
7345,80.3466297132591,19.653370286740895,225613.33623483157,55186.663765168414
7346,80.81391174429803,19.186088255701975,226925.46417798888,53874.53582201114
7347,79.97091770930622,20.02908229069378,224558.33692773187,56241.66307226813
7348,80.31718461429199,19.68281538570801,225530.6543969319,55269.3456030681
7349,79.53117156872386,20.468828431276137,223323.52976497659,57476.470235023444
7350,78.41809778886672,21.581902211133283,220198.01859113772,60601.98140886228
7351,79.43035490813011,20.569645091869887,223040.43658202933,57759.56341797068
7352,81.28780134045076,18.712198659549244,228256.14616398572,52543.853836014314
7353,78.03163948749629,21.968360512503708,219112.8436808896,61687.15631911039
7354,78.05679104387968,21.943208956120316,219183.46925121415,61616.53074878584
7355,81.46184025398175,18.538159746018252,228744.84743318078,52055.1525668192
7356,81.49876009208681,18.501239907913188,228848.51833857974,51951.48166142027
7357,78.7874605080549,21.212539491945094,221235.18910661817,59564.81089338183
7358,79.99024832954427,20.009751670455728,224612.6173093603,56187.38269063967
7359,79.02362199447661,20.976378005523387,221898.3305604903,58901.66943950967
7360,78.83859099523794,21.161409004762064,221378.7635146281,59421.236485371875
7361,79.60810189992755,20.391898100072453,223539.55013499653,57260.44986500347
7362,79.74166266841253,20.25833733158747,223914.58877290238,56885.41122709762
7363,80.45866479122347,19.54133520877653,225927.9307337555,54872.069266244485
7364,80.04080978137867,19.95919021862133,224754.5938661113,56045.406133888675
7365,79.01549308569804,20.98450691430196,221875.5045846401,58924.49541535989
7366,78.88216477445286,21.11783522554714,221501.11868666363,59298.881313336344
7367,79.71748115155226,20.282518848447737,223846.68707355874,56953.31292644124
7368,80.57998912075938,19.42001087924062,226268.6094510923,54531.3905489077
7369,79.04154277090207,20.95845722909793,221948.652100693,58851.347899306995
7370,79.23256555465122,20.767434445348783,222485.0440774606,58314.9559225394
7371,76.67253557914043,23.32746442085957,215296.47990622633,65503.52009377365
7372,81.15330788155055,18.846692118449454,227878.48853139396,52921.51146860606
7373,79.27727147075711,20.722728529242886,222610.57828988598,58189.421710114024
7374,79.99755352552287,20.002446474477125,224633.13029966824,56166.86970033175
7375,79.56028030565713,20.43971969434287,223405.2670982852,57394.7329017148
7376,79.94105695737039,20.058943042629608,224474.48793629606,56325.51206370393
7377,79.94438536808846,20.05561463191154,224483.8341135924,56316.165886407616
7378,79.6019691025974,20.398030897402606,223522.32924009347,57277.67075990655
7379,78.95503350517504,21.044966494824962,221705.73408253153,59094.265917468496
7380,79.05683424208236,20.94316575791764,221991.59055176727,58808.409448232705
7381,80.49537797099437,19.50462202900563,226031.02134255218,54768.97865744783
7382,80.03456650779708,19.96543349220292,224737.0627538942,56062.93724610581
7383,79.78441664906451,20.21558335093549,224034.64195057316,56765.35804942684
7384,79.8866977609828,20.1133022390172,224321.84731283967,56478.15268716033
7385,79.07363233572269,20.926367664277308,222038.7595987093,58761.240401290735
7386,80.6298188770161,19.370181122983894,226408.53140666123,54391.46859333875
7387,81.03742628544009,18.96257371455991,227553.09300951578,53246.90699048422
7388,80.18674831708572,19.813251682914284,225164.38927437668,55635.61072562332
7389,80.23869630584637,19.761303694153625,225310.25922681665,55489.740773183374
7390,79.78616269936585,20.213837300634154,224039.5448598193,56760.4551401807
7391,80.78033004129583,19.219669958704173,226831.1667559587,53968.83324404131
7392,77.28088906303329,22.719110936966715,217004.73648899747,63795.26351100255
7393,79.41130545760501,20.58869454239499,222986.94572495486,57813.05427504517
7394,78.97129283483974,21.028707165160256,221751.39028023,59048.60971977
7395,78.8742297066096,21.125770293390403,221478.83701615976,59321.162983840244
7396,79.95689155584608,20.043108444153916,224518.95148881583,56281.048511184184
7397,81.13149979998057,18.868500200019426,227817.25143834547,52982.74856165456
7398,80.59902854468866,19.400971455311335,226322.0721534858,54477.9278465142
7399,79.08178205835328,20.918217941646716,222061.644019856,58738.35598014401
7400,80.58025562501395,19.419744374986053,226269.35779503913,54530.642204960874
7401,79.69872565622231,20.301274343777692,223794.02164267225,57005.978357327745
7402,78.26722621636935,21.73277378363065,219774.37121556513,61025.62878443486
7403,79.64342133415798,20.356578665842022,223638.7271063156,57161.27289368441
7404,78.21108773602558,21.788912263974424,219616.7343627598,61183.26563724021
7405,80.68082353683695,19.319176463163046,226551.75249143818,54248.24750856181
7406,80.59874463414144,19.40125536585856,226321.27493266916,54478.72506733083
7407,79.30391371046181,20.696086289538187,222685.38969897677,58114.61030102321
7408,79.55512695276822,20.44487304723178,223390.79648337315,57409.203516626854
7409,78.82467510959296,21.17532489040704,221339.68770773703,59460.31229226297
7410,79.37911299971007,20.620887000289926,222896.5493031859,57903.45069681413
7411,78.65038182099511,21.349618179004892,220850.27215335425,59949.72784664573
7412,80.09410490290541,19.905895097094586,224904.2465673584,55895.75343264159
7413,79.8553750412147,20.1446249587853,224233.89311573087,56566.10688426914
7414,80.47196643539696,19.528033564603035,225965.28175059467,54834.71824940533
7415,80.05257555072467,19.94742444927533,224787.63214643486,56012.36785356511
7416,81.98001957380124,18.019980426198757,230199.8949632339,50600.105036766116
7417,79.92101943483024,20.078980565169758,224418.22257300332,56381.777426996676
7418,78.95735679663562,21.042643203364378,221712.25788495282,59087.74211504718
7419,80.46668897351664,19.53331102648336,225950.46263763474,54849.53736236524
7420,78.61810840657944,21.381891593420562,220759.64840567505,60040.35159432495
7421,80.16523615596459,19.834763844035407,225103.98312594858,55696.016874051435
7422,81.10600511090927,18.893994889090735,227745.66235143322,53054.3376485668
7423,79.9532367113149,20.0467632886851,224508.68868537224,56291.31131462777
7424,79.10080500217411,20.899194997825887,222115.0604461049,58684.93955389509
7425,79.80695138428042,20.193048615719576,224097.91948705944,56702.080512940556
7426,80.44431718415152,19.555682815848485,225887.64265309746,54912.35734690256
7427,79.2733710865291,20.726628913470904,222599.6260109737,58200.373989026266
7428,77.95542974442675,22.044570255573248,218898.8467223503,61901.15327764969
7429,80.50177295752515,19.498227042474852,226048.9784647306,54751.021535269414
7430,80.03605921097378,19.963940789026225,224741.25426441437,56058.745735585646
7431,80.50632451725677,19.493675482743228,226061.759244457,54738.240755543
7432,79.05168338381301,20.948316616186986,221977.12694174692,58822.873058253084
7433,79.82544326254461,20.17455673745539,224149.84468122528,56650.15531877473
7434,81.87979951570755,18.120200484292454,229918.4770401068,50881.522959893206
7435,79.49001349779839,20.509986502201613,223207.95790181786,57592.04209818211
7436,79.8966956537863,20.103304346213704,224349.92139583192,56450.0786041681
7437,78.61698032412924,21.383019675870756,220756.48075015494,60043.51924984505
7438,79.11820036437895,20.88179963562105,222163.90662317607,58636.093376823934
7439,80.39463572087931,19.605364279120693,225748.13710422907,55051.86289577091
7440,80.53513580746471,19.464864192535288,226142.66134736093,54657.33865263908
7441,79.2471942442293,20.752805755770694,222526.12143779587,58273.87856220415
7442,79.06207759748085,20.93792240251915,222006.31389372624,58793.686106273744
7443,79.36993876770784,20.630061232292164,222870.7880597236,57929.21194027641
7444,78.9841159423866,21.015884057613405,221787.39756622154,59012.602433778455
7445,79.18028483022078,20.819715169779215,222338.23980325996,58461.76019674007
7446,79.301032572292,20.698967427708,222677.29946299593,58122.70053700407
7447,78.66471109513081,21.335288904869188,220890.50875512732,59909.49124487266
7448,80.4615802826892,19.538419717310802,225936.11743379128,54863.88256620875
7449,80.3684234640644,19.631576535935594,225674.53308709286,55125.466912907126
7450,79.30503035991157,20.69496964008843,222688.52525063168,58111.47474936834
7451,80.32425120479118,19.67574879520882,225550.49738305365,55249.50261694634
7452,79.79146981012741,20.20853018987259,224054.44722683777,56745.55277316223
7453,79.95524955091564,20.04475044908436,224514.34073897114,56285.659261028864
7454,80.36465261440138,19.63534738559862,225663.94454123906,55136.05545876094
7455,80.58511932825415,19.41488067174585,226283.01507373765,54516.98492626235
7456,79.16493235525746,20.835067644742537,222295.13005356293,58504.86994643706
7457,79.99843060006951,20.00156939993049,224635.5931249952,56164.4068750048
7458,79.05641207058466,20.943587929415344,221990.4050942017,58809.59490579828
7459,79.55289485433876,20.44710514566124,223384.52875098324,57415.47124901676
7460,80.2555331247815,19.744466875218507,225357.53701438644,55442.462985613536
7461,79.50547639962203,20.494523600377974,223251.37773013866,57548.62226986134
7462,80.79008856160313,19.209911438396873,226858.56868098158,53941.43131901841
7463,79.55178160446206,20.448218395537936,223381.40274532948,57418.59725467052
7464,80.40379472852112,19.59620527147888,225773.8555976873,55026.144402312704
7465,80.4928567521277,19.507143247872307,226023.94175997458,54776.058240025406
7466,80.35054017553294,19.64945982446706,225624.31681289652,55175.683187103496
7467,79.68516287120757,20.314837128792433,223755.93734235084,57044.06265764916
7468,79.32967125334234,20.67032874665766,222757.7168793853,58042.28312061471
7469,80.26445013775613,19.73554986224387,225382.57598681917,55417.4240131808
7470,80.49839299346401,19.50160700653599,226039.48752564692,54760.51247435309
7471,78.87404949760236,21.125950502397643,221478.33098926744,59321.66901073254
7472,80.2006932975109,19.799306702489105,225203.5467794106,55596.45322058942
7473,79.0650603351353,20.9349396648647,222014.68942105994,58785.310578940065
7474,78.05270321350814,21.94729678649186,219171.99062353084,61628.009376469156
7475,79.87305110675268,20.126948893247317,224283.52750776155,56516.47249223846
7476,79.63429300751335,20.36570699248665,223613.09476509748,57186.90523490252
7477,80.11319092218856,19.886809077811435,224957.84010950552,55842.1598904945
7478,78.783030684355,21.216969315645002,221222.7501616688,59577.249838331176
7479,79.5705839830615,20.429416016938504,223434.19982443668,57365.80017556333
7480,79.57595142975708,20.424048570242917,223449.2716147579,57350.72838524208
7481,82.20838458081509,17.791615419184907,230841.1439029288,49958.856097071206
7482,79.48182452189295,20.518175478107054,223184.96325747538,57615.03674252462
7483,78.56321448042505,21.436785519574954,220605.50626103353,60194.493738966456
7484,78.94885296675481,21.051147033245186,221688.37913064752,59111.620869352475
7485,80.57707702825347,19.42292297174653,226260.43229533572,54539.56770466428
7486,81.38357081111678,18.616429188883217,228525.06683761594,52274.933162384055
7487,77.16979493972927,22.83020506027073,216692.7841907598,64107.21580924021
7488,77.36332337554462,22.636676624455376,217236.2120385293,63563.78796147067
7489,79.4807671150711,20.519232884928897,223181.99405911966,57618.005940880306
7490,78.41326885749898,21.586731142501023,220184.45895185712,60615.5410481429
7491,78.8882538151672,21.111746184832796,221518.21671298952,59281.783287010476
7492,78.57043945245213,21.429560547547865,220625.7939824856,60174.206017514414
7493,80.4646732323846,19.535326767615402,225944.80243653595,54855.19756346404
7494,79.72996805529282,20.270031944707185,223881.75029926223,56918.24970073778
7495,79.32415053867882,20.675849461321178,222742.21471261015,58057.78528738984
7496,79.9202513533404,20.079748646659596,224416.06580017987,56383.93419982012
7497,79.24697264135439,20.75302735864561,222525.49917692313,58274.500823076894
7498,79.62366063970886,20.37633936029114,223583.23907630247,57216.76092369751
7499,80.46754517131032,19.53245482868968,225952.86684103936,54847.13315896064
7500,79.23202848727469,20.76797151272531,222483.5359922673,58316.46400773267
7501,78.52228753397442,21.47771246602558,220490.58339540017,60309.416604599835
7502,78.08907884595105,21.91092115404895,219274.13339943058,61525.86660056942
7503,81.12171513973479,18.87828486026521,227789.7761123753,53010.22388762472
7504,80.22685583775947,19.773144162240527,225277.0111924286,55522.98880757141
7505,79.43326548841925,20.566734511580748,223048.60949148127,57751.39050851873
7506,80.33749035549114,19.66250964450886,225587.67291821915,55212.327081780844
7507,80.05008424915493,19.949915750845065,224780.63657162708,56019.363428372904
7508,79.78815529152938,20.211844708470622,224045.1400586145,56754.85994138551
7509,80.52734402502946,19.472655974970536,226120.7820222827,54679.21797771731
7510,78.11058031798309,21.889419682016907,219334.5095328965,61465.490467103475
7511,78.5098378083849,21.4901621916151,220455.6245659448,60344.3754340552
7512,78.17472773641649,21.825272263583514,219514.63548385748,61285.36451614252
7513,79.36402440557819,20.635975594421808,222854.18053086355,57945.81946913644
7514,80.743012504421,19.256987495578997,226726.37911241417,54073.62088758583
7515,79.0411162106702,20.958883789329803,221947.4543195619,58852.545680438125
7516,80.56665004629993,19.433349953700073,226231.1533300102,54568.84666998981
7517,79.35800636849845,20.64199363150155,222837.28188274367,57962.71811725633
7518,79.40979756228386,20.590202437716144,222982.71155489306,57817.288445106926
7519,80.06470855925122,19.935291440748784,224821.70163437742,55978.298365622584
7520,78.65227690215019,21.34772309784981,220855.59354123776,59944.406458762256
7521,82.06396468371241,17.936035316287587,230435.61283186445,50364.38716813554
7522,81.11692476387849,18.883075236121513,227776.32473697077,53023.67526302921
7523,80.42377861577361,19.576221384226386,225829.9703530923,54970.0296469077
7524,78.5033552125745,21.496644787425495,220437.4214369092,60362.57856309079
7525,80.04023167440046,19.95976832559954,224752.97054171647,56047.029458283534
7526,78.45905783718555,21.540942162814446,220313.03440681702,60486.965593182984
7527,80.93348365199833,19.06651634800167,227261.2220948113,53538.77790518869
7528,80.58181405523285,19.418185944767146,226273.73386709386,54526.26613290617
7529,79.81482787061131,20.18517212938869,224120.0366606766,56679.963339323396
7530,78.71945810901069,21.280541890989312,221044.23837010202,59755.761629898
7531,78.50720518271994,21.492794817280057,220448.23215307758,60351.76784692243
7532,79.68126139470566,20.318738605294342,223744.9819963335,57055.0180036665
7533,82.13053253995984,17.869467460040156,230622.53537220723,50177.46462779277
7534,81.00951415386912,18.99048584613088,227474.71574406448,53325.284255935534
7535,79.90721133045261,20.09278866954739,224379.44941591093,56420.55058408908
7536,79.16223497549456,20.837765024505444,222287.5558111887,58512.44418881129
7537,80.56072542444831,19.439274575551693,226214.51699185086,54585.48300814915
7538,79.56612197146151,20.433878028538487,223421.67049586392,57378.32950413608
7539,79.55810673169519,20.44189326830481,223399.16370260008,57400.83629739992
7540,78.26552232407454,21.73447767592546,219769.58668600128,61030.41331399872
7541,78.09528056983623,21.904719430163766,219291.54784010013,61508.45215989989
7542,78.63906817550155,21.36093182449845,220818.50343680836,59981.49656319167
7543,81.2740022975583,18.725997702441703,228217.3984515437,52582.60154845627
7544,81.53879103377399,18.46120896622601,228960.92522283737,51839.074777162634
7545,80.34200805231755,19.657991947682447,225600.35861090772,55199.641389092285
7546,80.44944908653098,19.550550913469024,225902.05303497898,54897.946965021
7547,79.69696229588251,20.303037704117486,223789.0701268381,57010.92987316188
7548,79.69600818158156,20.30399181841844,223786.390973881,57013.609026119004
7549,80.9842735457769,19.0157264542231,227403.84011654154,53396.15988345846
7550,80.55949540908433,19.440504590915666,226211.06310870883,54588.936891291196
7551,79.89468525426211,20.105314745737886,224344.27619396802,56455.72380603198
7552,80.19323093550237,19.80676906449763,225182.59246689064,55617.40753310936
7553,80.36628293708021,19.633717062919786,225668.52248732123,55131.477512678786
7554,80.95847154660827,19.041528453391734,227331.38810287602,53468.61189712399
7555,79.88248282985363,20.11751717014637,224310.011786229,56489.988213771
7556,80.3526092499657,19.647390750034305,225630.1267739037,55169.8732260963
7557,79.5258752446592,20.474124755340796,223308.65768700305,57491.342312996945
7558,78.70680125002812,21.29319874997188,221008.69791007898,59791.30208992103
7559,79.46789467992316,20.532105320076838,223145.84826122422,57654.15173877579
7560,80.66143258000464,19.338567419995357,226497.30268465303,54302.697315347
7561,79.94922230655732,20.050777693442683,224497.41623681292,56302.58376318708
7562,79.00493186717483,20.995068132825168,221845.84868302697,58954.15131697307
7563,80.20367290118429,19.79632709881571,225211.91350652548,55588.08649347452
7564,79.49741882285515,20.502581177144847,223228.7520545773,57571.24794542273
7565,79.03206071800047,20.967939281999534,221922.0264961453,58877.97350385473
7566,78.51125891781403,21.488741082185967,220459.61504122178,60340.384958778224
7567,81.24614238608967,18.753857613910327,228139.1678201398,52660.832179860234
7568,77.9007630332917,22.099236966708304,218745.34259748308,62054.657402516896
7569,78.3624480493928,21.637551950607204,220041.75412269498,60758.24587730502
7570,79.09883305861575,20.901166941384247,222109.52322859303,58690.47677140696
7571,80.58851132255029,19.41148867744971,226292.53979372123,54507.460206278796
7572,79.60327750678539,20.39672249321461,223526.00323905336,57273.996760946626
7573,81.16554260737618,18.83445739262382,227912.84364151233,52887.15635848765
7574,82.1161657759906,17.883834224009405,230582.1934989816,50217.80650101843
7575,79.43655078254992,20.563449217450085,223057.83459740016,57742.165402599836
7576,81.89166982651518,18.108330173484816,229951.80887285463,50848.19112714539
7577,80.2404075605134,19.759592439486596,225315.06442992165,55484.93557007835
7578,80.19511880081265,19.80488119918735,225187.8935926819,55612.106407318104
7579,79.19190934863065,20.808090651369355,222370.88145095488,58429.1185490451
7580,78.86380790809065,21.13619209190935,221449.57260591857,59350.427394081446
7581,79.3627872893664,20.637212710633605,222850.70670854082,57949.29329145917
7582,79.58434083969037,20.41565916030963,223472.82907785056,57327.170922149424
7583,79.99450677061807,20.005493229381926,224624.57501189556,56175.42498810445
7584,80.0916620968103,19.908337903189704,224897.3871678433,55902.612832156694
7585,79.22634325975649,20.77365674024351,222467.57187339623,58332.42812660377
7586,78.99593680197876,21.004063198021242,221820.59053995635,58979.409460043666
7587,78.81130501390385,21.188694986096152,221302.14447904204,59497.855520957964
7588,79.55781590253616,20.442184097463837,223398.34705432155,57401.65294567845
7589,80.2793318298086,19.720668170191402,225424.36377810253,55375.63622189747
7590,79.3984986443442,20.6015013556558,222950.98419331852,57849.01580668147
7591,79.64525181159965,20.35474818840035,223643.86708697182,57156.13291302817
7592,79.5954983097818,20.404501690218197,223504.15925386728,57295.840746132686
7593,78.52024660197317,21.47975339802683,220484.85245834067,60315.14754165933
7594,79.0698675506921,20.930132449307905,222028.1880823434,58771.81191765658
7595,80.07346815351909,19.926531846480913,224846.2985750816,55953.701424918385
7596,80.90367491966498,19.09632508033502,227177.51917441926,53622.48082558073
7597,78.77185788810434,21.228142111895664,221191.37694979698,59608.62305020304
7598,79.7411089124313,20.2588910875687,223913.0338261071,56886.96617389291
7599,79.12350822488989,20.87649177511011,222178.81109549082,58621.18890450921
7600,79.46846748091289,20.531532519087108,223147.45668640343,57652.54331359659
7601,80.42071720002981,19.579282799970187,225821.37389768372,54978.62610231628
7602,79.57597350019068,20.424026499809315,223449.33358853546,57350.666411464554
7603,79.82477610681894,20.175223893181055,224147.9713079476,56652.028692052416
7604,78.48075672617279,21.519243273827215,220373.96488709317,60426.035112906844
7605,78.9323081047476,21.067691895252395,221641.92115813127,59158.07884186873
7606,79.42823203628916,20.57176796371084,223034.47555789995,57765.52444210007
7607,80.09505196268627,19.90494803731373,224906.90591122306,55893.094088776925
7608,78.91766275812094,21.08233724187906,221600.7970248036,59199.202975196364
7609,79.2047529844928,20.7952470155072,222406.94638045577,58393.05361954423
7610,79.42482153891108,20.575178461088925,223024.89888126228,57775.10111873773
7611,80.05391053013226,19.946089469867744,224791.38076861136,56008.61923138865
7612,80.42715427008851,19.572845729911492,225839.44919040852,54960.55080959148
7613,79.40800749481312,20.59199250518688,222977.68504543527,57822.31495456472
7614,80.59500466288426,19.404995337115736,226310.77309337902,54489.22690662098
7615,81.83796157598196,18.162038424018036,229800.99610535736,50999.00389464266
7616,79.07820935631466,20.92179064368534,222051.6118725316,58748.388127468424
7617,80.59258337700938,19.407416622990624,226303.97412264234,54496.02587735766
7618,79.00681724838164,20.993182751618363,221851.14283345564,58948.85716654437
7619,79.99501149083159,20.004988509168413,224625.99226625508,56174.00773374494
7620,80.57729339468852,19.422706605311475,226261.0398522854,54538.960147714584
7621,78.40770795273396,21.592292047266042,220168.84393127693,60631.15606872308
7622,79.29084096881266,20.70915903118734,222648.68144042595,58151.31855957405
7623,80.23172676310944,19.768273236890565,225290.6887508113,55509.3112491887
7624,80.74251413150654,19.25748586849346,226724.97968127037,54075.02031872963
7625,78.63715658993354,21.36284341006646,220813.13570453337,59986.864295466614
7626,78.85757312466669,21.142426875333314,221432.06533406407,59367.934665935914
7627,79.04130448186145,20.958695518138555,221947.98298506695,58852.01701493304
7628,79.4520036549106,20.547996345089402,223101.22626298896,57698.77373701105
7629,78.3858028767202,21.614197123279794,220107.33447783033,60692.66552216966
7630,79.16137519993211,20.83862480006789,222285.14156140934,58514.85843859065
7631,79.83637182833617,20.16362817166383,224180.53209396798,56619.46790603201
7632,79.64796290107047,20.35203709892953,223651.47982620588,57148.520173794124
7633,79.62100810073481,20.378991899265188,223575.79074686335,57224.209253136636
7634,79.9663259807548,20.033674019245197,224545.44335395948,56254.556646040524
7635,79.18967950918314,20.810320490816864,222364.62006178626,58435.37993821375
7636,80.18795790862873,19.812042091371268,225167.78580742946,55632.21419257056
7637,79.78616278029328,20.21383721970672,224039.54508706354,56760.45491293646
7638,78.49706659420286,21.502933405797137,220419.76299652163,60380.23700347837
7639,80.89850579929531,19.101494200704693,227163.00428442121,53636.995715578785
7640,79.65333285548802,20.346667144511983,223666.5586582104,57133.4413417896
7641,80.27729004745319,19.722709952546808,225418.6304532486,55381.369546751404
7642,79.04976474210055,20.95023525789945,221971.73939581832,58828.26060418166
7643,79.72689464773674,20.273105352263258,223873.12017084478,56926.87982915525
7644,79.28736249031842,20.712637509681585,222638.9138728141,58161.08612718591
7645,80.04618455774445,19.953815442255546,224769.68623814645,56030.31376185356
7646,80.77559698919553,19.224403010804465,226817.87634566106,53982.123654338924
7647,78.38668873345016,21.613311266549843,220109.82196352805,60690.178036471916
7648,78.79677234632744,21.203227653672556,221261.33674848743,59538.66325151256
7649,78.53722195257168,21.462778047428316,220532.51924282126,60267.48075717872
7650,81.03524929826943,18.964750701730566,227546.9800295406,53253.019970459405
7651,79.64662876399092,20.35337123600908,223647.73356928647,57152.266430713484
7652,79.74443488216896,20.25556511783104,223922.37314913044,56877.62685086958
7653,79.73270302560177,20.267296974398235,223889.43009588975,56910.569904110256
7654,78.58724739727995,21.412752602720047,220672.99069156212,60127.009308437875
7655,79.89792513792868,20.10207486207132,224353.37378730375,56446.62621269623
7656,80.18024385540463,19.819756144595374,225146.1247459762,55653.87525402379
7657,78.53062285636167,21.469377143638326,220513.9889806636,60286.011019336394
7658,79.11425639097732,20.885743609022683,222152.8319458643,58647.16805413571
7659,79.03610419112212,20.96389580887788,221933.38056867092,58866.619431329076
7660,80.8199414101341,19.180058589865894,226942.39547965658,53857.60452034343
7661,79.71936964423287,20.28063035576713,223851.98996100592,56948.01003899407
7662,78.17418662425865,21.825813375741347,219513.1160409183,61286.88395908171
7663,79.63914048782546,20.360859512174542,223626.70648981386,57173.29351018614
7664,79.6026871948892,20.3973128051108,223524.34564324887,57275.65435675111
7665,80.38179230608047,19.61820769391953,225712.07279547397,55087.92720452601
7666,79.2326643088346,20.7673356911654,222485.32137920754,58314.678620792474
7667,80.53850868496721,19.461491315032788,226152.13238738794,54647.86761261204
7668,79.90231049803937,20.09768950196063,224365.68787849453,56434.31212150547
7669,80.67526371308004,19.324736286919958,226536.14050632878,54263.8594936712
7670,79.46139500413274,20.53860499586726,223127.59717160472,57672.40282839528
7671,80.11262087329281,19.887379126707188,224956.23941220623,55843.76058779379
7672,79.15149960796109,20.848500392038915,222257.41089915473,58542.589100845275
7673,77.70788849890717,22.292111501092833,218203.7509049313,62596.249095068684
7674,79.62817850710958,20.37182149289042,223595.9252479637,57204.07475203629
7675,78.36646424204082,21.63353575795918,220053.03159165062,60746.968408349356
7676,80.67143552401255,19.32856447598745,226525.39095142722,54274.609048572805
7677,79.21596841960627,20.78403158039373,222438.4393222544,58361.56067774562
7678,79.67559545719737,20.324404542802625,223729.0720438102,57070.927956189786
7679,81.0357315573315,18.964268442668498,227548.33421298687,53251.66578701311
7680,79.5413309754843,20.4586690245157,223352.05737915993,57447.94262084006
7681,80.15925115530945,19.840748844690552,225087.1772441089,55712.8227558911
7682,79.41836666935956,20.581633330640443,223006.77360756166,57793.22639243833
7683,80.58406676709554,19.415933232904464,226280.0594820043,54519.940517995725
7684,80.18609529641513,19.813904703584868,225162.55559233367,55637.444407666335
7685,78.34332862286631,21.65667137713369,219988.06677300858,60811.93322699142
7686,80.88793516808174,19.11206483191826,227133.3219519735,53666.67804802649
7687,80.19266904410519,19.807330955894813,225181.01467584737,55618.98532415263
7688,80.44680112247077,19.553198877529226,225894.6175518979,54905.38244810207
7689,79.72378900064918,20.276210999350823,223864.3995138229,56935.60048617711
7690,80.66882004555741,19.33117995444259,226518.0466879252,54281.953312074795
7691,81.19142330167584,18.80857669832416,227985.51663110574,52814.48336889427
7692,80.13929182013338,19.86070817986662,225031.13143093453,55768.868569065475
7693,80.55608674367954,19.443913256320457,226201.49157625216,54598.50842374784
7694,79.30977193124824,20.690228068751765,222701.83958294505,58098.16041705494
7695,80.35083769318861,19.64916230681139,225625.15224247362,55174.84775752641
7696,79.87829902537753,20.12170097462247,224298.26366326012,56501.73633673988
7697,79.60669193935313,20.393308060646874,223535.59096570357,57264.40903429643
7698,79.84307676203717,20.15692323796283,224199.35954780038,56600.640452199616
7699,79.29624709603812,20.703752903961885,222663.86184567504,58136.13815432496
7700,78.99123131328129,21.00876868671871,221807.37752769384,58992.622472306175
7701,78.88540065602137,21.114599343978625,221510.20504210802,59289.794957891994
7702,78.784772356983,21.215227643017002,221227.64077840827,59572.359221591745
7703,79.8913088036057,20.108691196394304,224334.7951205248,56465.20487947522
7704,78.44526040898077,21.554739591019228,220274.29122841798,60525.70877158202
7705,80.84808386095692,19.15191613904308,227021.41948156705,53778.58051843295
7706,81.05579562745504,18.94420437254496,227604.67412189377,53195.32587810622
7707,78.68213001168982,21.31786998831018,220939.42107282503,59860.57892717497
7708,77.91707803265955,22.082921967340454,218791.155115708,62008.844884292004
7709,80.15138284442331,19.84861715557669,225065.08302714067,55734.916972859326
7710,77.6566037380081,22.3433962619919,218059.74329632675,62740.25670367324
7711,80.17305390157972,19.82694609842028,225125.93535563588,55674.064644364116
7712,80.59024299648135,19.40975700351865,226297.40233411963,54502.597665880356
7713,79.85838912230659,20.14161087769341,224242.3566554369,56557.6433445631
7714,79.22039423523381,20.77960576476619,222450.86701253656,58349.13298746345
7715,78.8426331765803,21.157366823419693,221390.11395983747,59409.88604016256
7716,79.60704907642305,20.392950923576947,223536.59380659592,57263.40619340408
7717,77.59880908472971,22.40119091527029,217897.455909921,62902.544090079005
7718,78.82733294967899,21.17266705032101,221347.15092269858,59452.849077301435
7719,79.15478661628212,20.845213383717876,222266.64081852022,58533.359181479755
7720,80.06489376278797,19.935106237212025,224822.22168590862,55977.77831409135
7721,78.66721617735286,21.332783822647144,220897.54302600684,59902.456973993154
7722,78.99626008357986,21.003739916420145,221821.49831469226,58978.50168530772
7723,79.51099778798243,20.489002212017567,223266.88178865466,57533.118211345325
7724,80.60079509960907,19.399204900390927,226327.03263970226,54472.96736029774
7725,81.19969708762427,18.800302912375727,228008.74942204898,52791.250577951025
7726,80.36443902739848,19.635560972601525,225663.34478893492,55136.65521106507
7727,79.42886282490254,20.571137175097462,223036.2468123263,57763.75318767368
7728,79.06870356836279,20.931296431637207,222024.91961996275,58775.08038003725
7729,80.3018505102494,19.698149489750605,225487.5962327803,55312.4037672197
7730,79.12621378062342,20.873786219376584,222186.40829599058,58613.59170400939
7731,79.40825421288208,20.591745787117915,222978.3778297729,57821.62217022711
7732,78.88152615246456,21.11847384753544,221499.3254361205,59300.67456387949
7733,81.27956378904202,18.720436210957985,228233.01511962997,52566.984880370015
7734,79.05882801654127,20.94117198345873,221997.1890704479,58802.810929552106
7735,79.74732351189482,20.25267648810518,223930.48442140064,56869.515578599356
7736,79.67791530753092,20.322084692469076,223735.58618354684,57064.41381645316
7737,81.06302652827657,18.936973471723434,227624.97849140057,53175.02150859943
7738,79.86284700284347,20.137152997156534,224254.87438398448,56545.125616015524
7739,80.47019143455462,19.52980856544538,225960.2975482294,54839.70245177057
7740,78.74036890946402,21.259631090535976,221102.955897775,59697.04410222499
7741,80.26678315349604,19.733216846503964,225389.12709501685,55410.872904983145
7742,79.82779247374387,20.17220752625613,224156.44126627277,56643.55873372723
7743,80.86065271838093,19.139347281619067,227056.71283321365,53743.287166786366
7744,80.45866431025753,19.541335689742468,225927.92938320315,54872.07061679682
7745,79.30089437071571,20.69910562928429,222676.91139296972,58123.088607030266
7746,80.32652438396686,19.673475616033144,225556.88047017893,55243.11952982109
7747,78.73662531985572,21.26337468014428,221092.44389815483,59707.55610184516
7748,79.0772590257032,20.9227409742968,222048.9433441746,58751.056655825436
7749,80.55078474171823,19.449215258281768,226186.6035547448,54613.39644525519
7750,79.2728590563799,20.7271409436201,222598.1882303148,58201.81176968519
7751,80.03624567975334,19.963754320246665,224741.77786874736,56058.22213125264
7752,79.24320681344952,20.756793186550482,222514.92473216626,58285.075267833745
7753,79.03636231247641,20.963637687523587,221934.10537343376,58865.89462656625
7754,77.51247721361048,22.48752278638952,217655.03601581824,63144.96398418175
7755,79.70491730155825,20.295082698441746,223811.40778277558,56988.59221722442
7756,79.91199851400782,20.08800148599218,224392.89182733395,56407.108172666056
7757,79.45451424380843,20.545485756191567,223108.27599661407,57691.72400338594
7758,79.22776519403808,20.772234805961915,222471.56466485892,58328.43533514108
7759,80.03921842486696,19.96078157513304,224750.12533702643,56049.87466297358
7760,79.68551844027704,20.314481559722964,223756.9357802979,57043.06421970209
7761,78.51824257349928,21.48175742650072,220479.22514638596,60320.77485361404
7762,79.69115840390927,20.30884159609073,223772.77279817723,57027.22720182275
7763,80.27062683958015,19.729373160419854,225399.92016554103,55400.07983445898
7764,81.12270876539833,18.87729123460167,227792.56621323852,53007.43378676147
7765,80.6492394667912,19.3507605332088,226463.06442274968,54336.935577250326
7766,79.58603338943826,20.413966610561744,223477.58175754262,57322.418242457396
7767,81.17336151934659,18.826638480653415,227934.7991463252,52865.200853674796
7768,79.79862407814569,20.201375921854307,224074.53641143313,56725.46358856686
7769,80.1480339537115,19.851966046288496,225055.6793420219,55744.320657978096
7770,78.4080180421441,21.591981957855893,220169.71466234067,60630.28533765933
7771,78.2750295381243,21.7249704618757,219796.28294305305,61003.71705694693
7772,80.23834456947003,19.76165543052997,225309.27155107184,55490.728448928174
7773,79.05797419625054,20.94202580374946,221994.7915430715,58805.20845692848
7774,80.83199482688082,19.168005173119184,226976.24147388132,53823.75852611867
7775,79.46696265472748,20.53303734527252,223143.23113447477,57656.76886552523
7776,79.45126118579911,20.548738814200888,223099.1414097239,57700.858590276104
7777,79.5312646679138,20.468735332086197,223323.79118750195,57476.20881249805
7778,79.99210168184156,20.00789831815844,224617.82152261108,56182.178477388945
7779,79.30114531528974,20.698854684710255,222677.6160453336,58122.38395466641
7780,80.00775054941236,19.992249450587636,224661.76354274995,56138.23645725008
7781,80.28423020421313,19.71576979578687,225438.11841343046,55361.88158656954
7782,80.87842346884113,19.121576531158865,227106.6131005059,53693.3868994941
7783,80.39993655506647,19.600063444933525,225763.02184662665,55036.978153373326
7784,80.22760147435598,19.77239852564402,225279.1049399916,55520.89506000838
7785,79.4269181652527,20.5730818347473,223030.7862080296,57769.21379197041
7786,81.29119163426081,18.708808365739188,228265.66610900435,52534.33389099566
7787,77.87537766077092,22.124622339229077,218674.06047144474,62125.93952855526
7788,81.33673566269918,18.663264337300816,228393.55374085932,52406.44625914069
7789,80.31706339603416,19.682936603965842,225530.31401606393,55269.68598393607
7790,78.09174462730094,21.90825537269906,219281.61891346105,61518.38108653898
7791,80.36457516950128,19.63542483049872,225663.7270759596,55136.272924040386
7792,79.13001752132644,20.869982478673563,222197.08919988462,58602.910800115365
7793,78.52886087995905,21.471139120040945,220509.04135092505,60290.958649074935
7794,81.06154475498451,18.93845524501549,227620.81767199648,53179.18232800353
7795,79.96717784719263,20.03282215280737,224547.8353949169,56252.164605083075
7796,78.91115635475822,21.08884364524178,221582.52704416108,59217.47295583892
7797,80.38229320525055,19.617706794749452,225713.47932034355,55086.52067965645
7798,80.24101045628392,19.758989543716083,225316.75736124525,55483.242638754746
7799,79.31262954267686,20.68737045732314,222709.86375583662,58090.13624416339
7800,81.28424135930821,18.71575864069179,228246.14973693746,52553.850263062544
7801,78.864243098104,21.135756901896002,221450.79461947604,59349.20538052397
7802,82.10863052685339,17.89136947314661,230561.03451940432,50238.96548059569
7803,78.94382267169463,21.056177328305367,221674.25406211853,59125.74593788146
7804,81.05548626744333,18.944513732556672,227603.80543898087,53196.19456101913
7805,79.11998305954327,20.880016940456727,222168.9124311975,58631.087568802504
7806,79.33796015920957,20.662039840790428,222780.99212706048,58019.0078729395
7807,81.3361475348487,18.663852465151294,228391.90227785517,52408.09772214482
7808,79.84523435710638,20.154765642893622,224205.4180747547,56594.58192524528
7809,79.32542786565888,20.67457213434112,222745.80144677014,58054.19855322987
7810,80.73861908279308,19.26138091720692,226714.04238448295,54085.957615517065
7811,78.95384001028984,21.046159989710162,221702.38274889387,59097.61725110612
7812,80.51116598708707,19.488834012912932,226075.3540917405,54724.64590825951
7813,78.9061992261484,21.093800773851598,221568.6074270247,59231.39257297532
7814,80.75603186647973,19.24396813352027,226762.9374810751,54037.062518924904
7815,80.75789949253314,19.24210050746686,226768.18177503307,54031.81822496691
7816,76.80247648478709,23.197523515212907,215661.35396928218,65138.64603071786
7817,79.47878506438032,20.521214935619682,223176.42846077995,57623.57153922004
7818,78.86990647948447,21.13009352051553,221466.6973943924,59333.30260560761
7819,80.29269958800391,19.707300411996087,225461.90044311498,55338.099556885005
7820,78.474140530097,21.525859469902997,220355.38660851237,60444.61339148764
7821,77.88769105063254,22.11230894936746,218708.63647017616,62091.36352982384
7822,78.91917435108408,21.08082564891592,221605.0415778441,59194.958422155905
7823,80.53794648258226,19.462053517417743,226150.55372309097,54649.44627690903
7824,78.90067815354924,21.099321846450763,221553.10425516622,59246.89574483379
7825,79.88136283503479,20.118637164965207,224306.86684077771,56493.13315922226
7826,79.82215179894567,20.17784820105433,224140.6022514394,56659.39774856061
7827,80.23633163808263,19.763668361917368,225303.61923973606,55496.380760263935
7828,80.61741991762538,19.382580082374616,226373.7151286921,54426.284871307915
7829,81.70111413190392,18.29888586809608,229416.7284823862,51383.27151761377
7830,80.13297570624611,19.867024293753886,225013.39578313907,55786.60421686093
7831,80.02059060238366,19.979409397616337,224697.81841149332,56102.1815885067
7832,80.06879182183721,19.93120817816279,224833.1674357189,55966.832564281096
7833,79.60889252653746,20.39110747346254,223541.7702145172,57258.22978548282
7834,79.78029807691645,20.219701923083548,224023.07699998142,56776.92300001857
7835,80.67400198679768,19.325998013202323,226532.59757892793,54267.4024210721
7836,79.18784061272027,20.812159387279735,222359.4564405185,58440.54355948152
7837,78.9737711492461,21.026228850753895,221758.3493870831,59041.65061291693
7838,80.83724037890835,19.162759621091652,226990.97098397464,53809.029016025364
7839,78.095492380782,21.904507619217995,219292.14260523586,61507.85739476414
7840,79.50270173938436,20.497298260615636,223243.5864841913,57556.413515808694
7841,80.28743035582512,19.712569644174877,225447.10443915697,55352.89556084301
7842,79.14566989417331,20.85433010582669,222241.04106283866,58558.95893716134
7843,80.39414142350248,19.605858576497525,225746.74911719494,55053.25088280504
7844,79.66434964947052,20.335650350529477,223697.4938157132,57102.50618428679
7845,79.30368902476711,20.69631097523289,222684.75878154606,58115.24121845395
7846,78.75493019426854,21.24506980573146,221143.84398550604,59656.15601449395
7847,80.35573538547028,19.644264614529718,225638.90496240056,55161.095037599465
7848,79.1464344881473,20.853565511852693,222243.18804271764,58556.81195728237
7849,79.40138742307028,20.598612576929725,222959.09588398132,57840.90411601868
7850,79.36248355233963,20.637516447660374,222849.85381496965,57950.146185030346
7851,80.49600045692065,19.503999543079345,226032.7692830332,54767.23071696679
7852,79.31363169416822,20.686368305831778,222712.67779722437,58087.322202775635
7853,80.25168031301897,19.748319686981034,225346.71831895725,55453.28168104275
7854,78.3956910324465,21.604308967553493,220135.1004191098,60664.89958089022
7855,78.7208674603998,21.279132539600198,221048.19582880265,59751.80417119736
7856,78.80659284218528,21.19340715781472,221288.91270085628,59511.087299143706
7857,77.7455488699489,22.254451130051095,218309.50122681653,62490.498773183484
7858,81.28626469864065,18.71373530135935,228251.83127378297,52548.168726217016
7859,80.26409241350969,19.735907586490313,225381.5714971352,55418.4285028648
7860,79.44487847326141,20.55512152673859,223081.218752918,57718.781247081984
7861,80.07288012574479,19.92711987425521,224844.64739309135,55955.35260690865
7862,80.71830864794399,19.281691352056015,226657.0106834267,54142.98931657331
7863,81.10227895791157,18.897721042088435,227735.19931381568,53064.80068618433
7864,78.46332295693021,21.536677043069787,220325.01086306004,60474.98913693997
7865,78.72622023752245,21.273779762477545,221063.22642696303,59736.77357303697
7866,78.60665941156307,21.393340588436928,220727.4996276691,60072.50037233089
7867,80.84326904472468,19.15673095527532,227007.89947758688,53792.10052241314
7868,79.79374199371424,20.206258006285765,224060.82751834957,56739.17248165041
7869,79.16233450290805,20.837665497091947,222287.8352841658,58512.164715834166
7870,81.23905492706311,18.76094507293689,228119.26623519324,52680.73376480675
7871,80.01564312352895,19.984356876471054,224683.9258908693,56116.07410913071
7872,79.97599323057932,20.02400676942068,224572.58899146674,56227.41100853327
7873,79.94808718530939,20.05191281469061,224494.22881634877,56305.77118365123
7874,79.5965071619597,20.403492838040293,223506.99211078286,57293.00788921714
7875,79.93771371271585,20.062286287284152,224465.10010530608,56334.89989469391
7876,81.56483747108146,18.43516252891854,229034.06361879676,51765.936381203224
7877,79.4778235796263,20.522176420373697,223173.72861159066,57626.27138840934
7878,79.10301814037422,20.896981859625782,222121.2749381708,58678.72506182923
7879,79.00676069730926,20.99323930269074,221850.9840380444,58949.01596195556
7880,80.19803963536263,19.801960364637367,225196.09529609827,55603.90470390174
7881,79.18632711306417,20.813672886935834,222355.2065334842,58444.79346651581
7882,80.22541274808563,19.77458725191437,225272.95899662445,55527.04100337556
7883,79.33972243555112,20.660277564448876,222785.94059902756,58014.05940097245
7884,79.07522512725743,20.924774872742574,222043.23215733888,58756.767842661124
7885,80.14144888479272,19.858551115207277,225037.18846849797,55762.81153150202
7886,79.81527192326507,20.184728076734928,224121.28356052833,56678.71643947166
7887,79.23064586839827,20.76935413160173,222479.65359846235,58320.34640153763
7888,79.31501753318456,20.68498246681544,222716.56923318224,58083.430766817764
7889,78.93561044349724,21.06438955650276,221651.19412534023,59148.80587465974
7890,78.94348600309286,21.056513996907142,221673.30869668475,59126.69130331528
7891,79.47000646602388,20.529993533976125,223151.778156595,57648.22184340497
7892,79.4610327143872,20.5389672856128,223126.57986199926,57673.42013800074
7893,78.7690395874749,21.230960412525107,221183.4631616295,59616.536838370506
7894,81.04513151173167,18.954868488268332,227574.72928494253,53225.270715057486
7895,79.56850395838615,20.431496041613855,223428.35911514828,57371.6408848517
7896,79.97537798270837,20.024622017291634,224570.8613754451,56229.13862455492
7897,80.2012948619213,19.798705138078702,225205.23597227503,55594.76402772499
7898,78.97408849131085,21.02591150868915,221759.24048360085,59040.75951639916
7899,78.8565168138468,21.143483186153205,221429.09921328182,59370.900786718164
7900,81.48603778359423,18.513962216405773,228812.7940963326,51987.20590366742
7901,79.1774279389674,20.822572061032602,222330.2176526205,58469.782347379514
7902,81.06152458690757,18.938475413092434,227620.76104003645,53179.238959963564
7903,81.14721922678855,18.85278077321145,227861.39158882224,52938.60841117776
7904,80.66773922378125,19.332260776218746,226515.01174037775,54284.988259622245
7905,80.34992678149794,19.650073218502058,225622.59440244624,55177.40559755378
7906,79.91506683788191,20.08493316211809,224401.5076807724,56398.492319227604
7907,79.86574890287338,20.134251097126622,224263.02291926846,56536.97708073152
7908,79.77875692222324,20.221243077776762,224018.74943760285,56781.25056239714
7909,79.6911701053204,20.308829894679604,223772.80565573968,57027.19434426032
7910,79.82510520704793,20.174894792952074,224148.8954213906,56651.104578609375
7911,79.38707472909215,20.61292527090785,222918.90583929073,57881.09416070927
7912,80.95278801816303,19.047211981836966,227315.4287550018,53484.57124499821
7913,80.825794777672,19.174205222328,226958.831735703,53841.16826429703
7914,80.17847423582963,19.821525764170374,225141.15565420958,55658.84434579042
7915,79.71416759767466,20.28583240232534,223837.38261427043,56962.61738572958
7916,81.71806197922442,18.281938020775584,229464.31803766213,51335.68196233787
7917,79.3929285002296,20.6070714997704,222935.34322864472,57864.656771355265
7918,78.85702017882761,21.14297982117239,221430.51266214793,59369.4873378521
7919,78.57568333665833,21.42431666334167,220640.5188093366,60159.4811906634
7920,80.5692444571332,19.430755542866805,226238.43843563,54561.56156436999
7921,78.98521086450423,21.014789135495775,221790.47210752786,59009.52789247212
7922,80.20560620626658,19.79439379373342,225217.34222719655,55582.65777280346
7923,81.55736539191837,18.442634608081633,229013.0820205068,51786.9179794932
7924,79.46565882360748,20.534341176392516,223139.56997668982,57660.43002331017
7925,80.67142837636203,19.32857162363797,226525.37088082457,54274.62911917544
7926,78.94630817010454,21.053691829895456,221681.23334165357,59118.76665834643
7927,80.02392054876366,19.976079451236345,224707.16890092834,56092.831099071656
7928,79.32967292161526,20.670327078384744,222757.72156389564,58042.27843610436
7929,80.02840661120788,19.971593388792115,224719.76576427172,56080.23423572826
7930,78.80087841979598,21.19912158020402,221272.8666027871,59527.13339721289
7931,80.42768184249634,19.57231815750366,225840.93061372975,54959.06938627026
7932,79.30826813396969,20.69173186603031,222697.6169201869,58102.38307981311
7933,79.20829782023152,20.79170217976848,222416.90027921012,58383.09972078989
7934,79.91173000087018,20.08826999912982,224392.13784244348,56407.862157556505
7935,79.991812056279,20.008187943720998,224617.00825403142,56182.99174596858
7936,79.45108436836821,20.548915631631786,223098.64490637794,57701.35509362207
7937,79.82971892598307,20.170281074016927,224161.85074416047,56638.14925583951
7938,78.85287895871281,21.147121041287193,221418.88411606557,59381.1158839344
7939,79.43113257033329,20.56886742966671,223042.6202574959,57757.37974250408
7940,80.68190038601549,19.318099613984515,226554.77628393148,54245.22371606852
7941,79.39375154288268,20.606248457117317,222937.6543324146,57862.34566758542
7942,79.49921473784643,20.50078526215357,223233.7949838728,57566.20501612722
7943,82.03981624200142,17.96018375799858,230367.80400754002,50432.19599245998
7944,81.16667878806211,18.833321211937886,227916.0340368784,52883.96596312159
7945,79.88071297947972,20.119287020520275,224305.04204637907,56494.957953620964
7946,79.53088213253238,20.469117867467617,223322.71702815092,57477.28297184908
7947,79.86485989792602,20.135140102073976,224260.52659337627,56539.47340662372
7948,79.05683835270695,20.943161647293053,221991.6020944011,58808.397905598904
7949,81.66714283800981,18.33285716199019,229321.33708913156,51478.66291086844
7950,79.89750227097973,20.10249772902027,224352.18637691106,56447.81362308892
7951,78.06680757750237,21.933192422497626,219211.59567762667,61588.40432237335
7952,81.06041066686696,18.939589333133043,227617.63315256243,53182.366847437544
7953,80.63870995961364,19.361290040386365,226433.49756659512,54366.502433404865
7954,78.74921595437634,21.25078404562366,221127.79839988876,59672.20160011125
7955,80.39241177562883,19.60758822437117,225741.89226596578,55058.107734034216
7956,80.39198894925336,19.60801105074664,225740.70496950342,55059.29503049656
7957,78.99666727048078,21.003332729519215,221822.64169551007,58977.35830448991
7958,80.04620107936731,19.953798920632693,224769.7326308634,56030.267369136585
7959,80.14918128622564,19.85081871377436,225058.9010517216,55741.098948278384
7960,79.63629860724258,20.36370139275742,223618.7264891372,57181.27351086281
7961,79.96544723139277,20.034552768607227,224542.9758257509,56257.024174249105
7962,79.42267218567112,20.577327814328882,223018.8634973645,57781.136502635505
7963,79.67412598480126,20.325874015198735,223724.94576532193,57075.05423467807
7964,79.52946491719375,20.47053508280625,223318.73748748004,57481.262512519934
7965,79.00677073519932,20.993229264800675,221851.0122244397,58948.98777556032
7966,79.97052282236987,20.029477177630127,224557.2280852146,56242.77191478539
7967,78.9096315184881,21.090368481511902,221578.2453039146,59221.754696085394
7968,80.18302040800387,19.81697959199613,225153.92130567486,55646.078694325144
7969,80.06510744262272,19.93489255737728,224822.8216988846,55977.17830111543
7970,79.64622604370241,20.353773956297587,223646.60273071637,57153.39726928361
7971,78.60492387880888,21.395076121191124,220722.62625169533,60077.37374830467
7972,80.06123642062258,19.938763579377422,224811.9518691082,55988.04813089182
7973,80.61042075376459,19.389579246235414,226354.06147657096,54445.938523429024
7974,79.30811060819761,20.69188939180239,222697.17458781885,58102.82541218115
7975,79.07294609567532,20.92705390432468,222036.8326366563,58763.1673633437
7976,79.59666935038882,20.403330649611178,223507.44753589178,57292.55246410821
7977,79.24963852535669,20.750361474643313,222532.98497920154,58267.015020798455
7978,80.99126705879759,19.00873294120241,227423.47790110362,53376.5220988964
7979,79.89032151095077,20.10967848904923,224332.02280274977,56467.97719725022
7980,80.97549524948509,19.024504750514907,227379.19066055416,53420.80933944584
7981,78.17283824650481,21.82716175349519,219509.32979618548,61290.670203814516
7982,78.69478832906196,21.305211670938036,220974.96562800603,59825.03437199396
7983,82.03511990313058,17.964880096869422,230354.61668799067,50445.383312009326
7984,78.10851328835258,21.891486711647417,219328.70531369402,61471.29468630598
7985,79.80470109042197,20.195298909578028,224091.6006619049,56708.399338095114
7986,79.25254761919233,20.747452380807673,222541.15371469205,58258.84628530794
7987,77.71057404860302,22.28942595139698,218211.2919284773,62588.708071522684
7988,81.767690291382,18.232309708618004,229603.67433820062,51196.32566179939
7989,78.73934362997059,21.26065637002941,221100.07691295742,59699.92308704256
7990,81.65744309552714,18.342556904472858,229294.10021224024,51505.899787759765
7991,78.19029384590443,21.809706154095565,219558.34511929966,61241.65488070036
7992,80.83859779531195,19.161402204688045,226994.78260923596,53805.217390764024
7993,81.27745099297452,18.722549007025478,228227.08238827245,52572.91761172755
7994,80.50921728049202,19.490782719507976,226069.8821236216,54730.117876378434
7995,79.1628797559699,20.837120244030103,222289.36635476348,58510.63364523652
7996,79.36969166920906,20.63030833079094,222870.09420713905,57929.90579286097
7997,79.22771324755206,20.77228675244794,222471.41879912617,58328.581200873814
7998,80.02040468512214,19.979595314877855,224697.296355823,56102.70364417701
7999,80.30520109239102,19.694798907608984,225497.00466743397,55302.99533256605
8000,79.46879754100219,20.53120245899781,223148.38349513416,57651.616504865844
8001,78.53933868864816,21.460661311351842,220538.46303772402,60261.53696227597
8002,79.30052079656639,20.69947920343361,222675.86239675843,58124.13760324156
8003,79.77257149212213,20.227428507877875,224001.38074987894,56798.619250121046
8004,80.43727524946573,19.562724750534272,225867.86890049977,54932.13109950024
8005,79.28644095564084,20.713559044359158,222636.3262034395,58163.6737965605
8006,81.52026679160831,18.479733208391693,228908.90915083612,51891.09084916387
8007,80.41424050774695,19.585759492253047,225803.18734575342,54996.812654246605
8008,79.09380074606594,20.906199253934062,222095.39249495315,58704.60750504685
8009,80.69233823210978,19.307661767890224,226584.08575576424,54215.91424423574
8010,78.65711451594616,21.342885484053838,220869.17756077682,59930.82243922318
8011,81.15304727338174,18.846952726618255,227877.75674365595,52922.24325634407
8012,80.78619491415824,19.213805085841756,226847.63531895634,53952.36468104369
8013,80.12447511444515,19.875524885554853,224989.52612136197,55810.47387863803
8014,78.38883346934763,21.61116653065237,220115.84438192815,60684.15561807185
8015,81.25460445733763,18.745395542662365,228162.92931620407,52637.07068379593
8016,77.8350545807289,22.164945419271106,218560.83326268673,62239.16673731326
8017,79.70468331285525,20.295316687144748,223810.75074249753,56989.249257502466
8018,79.93957715614839,20.06042284385161,224470.33265446467,56329.66734553534
8019,80.71024093386345,19.289759066136554,226634.3565422886,54165.643457711434
8020,78.08003706649009,21.919962933509908,219248.7440827042,61551.25591729582
8021,80.40456077701279,19.59543922298721,225776.00666185192,55023.99333814808
8022,79.1323469284442,20.867653071555793,222203.63017507133,58596.36982492867
8023,78.60929834585275,21.39070165414725,220734.90975515454,60065.09024484546
8024,78.71070920745946,21.28929079254054,221019.67145454616,59780.328545453856
8025,79.42222360469145,20.577776395308547,223017.6038819736,57782.39611802639
8026,81.01700452454511,18.982995475454885,227495.74870492268,53304.25129507732
8027,79.3507020475222,20.649297952477795,222816.77134944234,57983.22865055765
8028,79.63951885666559,20.36048114333441,223627.768949517,57172.23105048298
8029,80.50254756419613,19.497452435803865,226051.15356026276,54748.84643973726
8030,81.7282369711419,18.271763028858103,229492.88941496646,51307.11058503352
8031,79.16572051447841,20.83427948552159,222297.34320465536,58502.656795344636
8032,79.69891949086588,20.301080509134124,223794.56593035135,57005.43406964863
8033,79.7811921174944,20.2188078825056,224025.58746592427,56774.41253407572
8034,79.97487489729698,20.025125102703015,224569.44871160993,56230.551288390096
8035,80.11279249925259,19.887207500747408,224956.72133790128,55843.27866209872
8036,79.96106080315641,20.038939196843586,224530.65873526322,56269.341264736795
8037,78.30512209096236,21.694877909037643,219880.7828314223,60919.21716857769
8038,80.71350270005436,19.286497299945637,226643.51558175264,54156.484418247375
8039,79.02461939393487,20.97538060606513,221901.1312581691,58898.86874183091
8040,79.54128612678004,20.458713873219963,223351.93144399836,57448.06855600166
8041,78.2560879420818,21.743912057918195,219743.0949413657,61056.90505863429
8042,79.45985321199211,20.54014678800789,223123.26781927387,57676.73218072611
8043,79.35295373520212,20.64704626479788,222823.09408844754,57976.90591155246
8044,79.2017662658923,20.798233734107697,222398.55967462558,58401.440325374424
8045,78.66867152704354,21.331328472956457,220901.62964793827,59898.37035206173
8046,79.12189926994023,20.87810073005977,222174.29314999218,58625.70685000783
8047,79.9090820374305,20.090917962569506,224384.70236110484,56415.29763889518
8048,78.53485091959766,21.46514908040234,220525.8613822302,60274.13861776979
8049,79.34247041453726,20.65752958546274,222793.65692402062,58006.34307597937
8050,79.81084533454728,20.18915466545272,224108.8536994088,56691.146300591194
8051,79.46078508818995,20.53921491181005,223125.8845276374,57674.1154723626
8052,78.94625182236253,21.053748177637473,221681.07511719398,59118.92488280603
8053,82.20419041806285,17.79580958193715,230829.36669392048,49970.6333060795
8054,80.39204782010569,19.607952179894312,225740.8702788568,55059.129721143196
8055,79.63803252656771,20.361967473432287,223623.59533460214,57176.40466539787
8056,78.54735773740387,21.45264226259613,220560.98052663007,60239.01947336994
8057,81.15097613500815,18.84902386499185,227871.94098710286,52928.059012897145
8058,80.30541488270306,19.69458511729694,225497.6049906302,55302.39500936979
8059,78.42495522315762,21.575044776842375,220217.2742666266,60582.7257333734
8060,79.70314154936058,20.29685845063942,223806.42147060452,56993.57852939549
8061,80.48348584730856,19.516514152691443,225997.62825924242,54802.371740757575
8062,79.36698099357609,20.633019006423908,222862.48262996168,57937.51737003829
8063,79.83227158275648,20.167728417243524,224169.0186043802,56630.98139561979
8064,79.86564750396408,20.134352496035916,224262.73819113115,56537.261808868825
8065,79.66072768696203,20.339272313037966,223687.3233449894,57112.67665501061
8066,81.18726698214842,18.812733017851585,227973.84568587277,52826.15431412723
8067,79.28899789601228,20.711002103987724,222643.5060920025,58156.4939079975
8068,81.85839273595624,18.141607264043756,229858.36680256514,50941.633197434836
8069,78.58585683565967,21.41414316434033,220669.08599453236,60130.91400546765
8070,80.09234915658219,19.907650843417812,224899.3164316828,55900.683568317196
8071,79.59628426040828,20.403715739591718,223506.36620322644,57293.633796773574
8072,80.30895980084044,19.69104019915956,225507.55912075995,55292.44087924006
8073,79.14527424505042,20.854725754949584,222239.93008010156,58560.069919898444
8074,81.21024686509351,18.78975313490649,228038.37319718255,52761.62680281748
8075,80.23185012814014,19.768149871859862,225291.0351598175,55508.96484018252
8076,79.7806848808805,20.2193151191195,224024.16314551246,56775.836854487556
8077,79.12154300509921,20.878456994900787,222173.2927583186,58626.70724168143
8078,78.96668670236201,21.03331329763799,221738.45626023252,59061.543739767454
8079,79.32863159202714,20.671368407972864,222754.79751041223,58045.20248958777
8080,79.6972214211594,20.302778578840602,223789.7977506156,57010.2022493844
8081,79.18746023891072,20.812539761089283,222358.38835086132,58441.61164913869
8082,79.88801864644024,20.111981353559756,224325.55635920423,56474.443640795784
8083,80.17178609376751,19.82821390623249,225122.37535129915,55677.62464870084
8084,80.38295473235415,19.61704526764585,225715.33688845046,55084.66311154955
8085,80.65183763013295,19.348162369867055,226470.3600654133,54329.63993458673
8086,79.34260186658368,20.657398133416322,222794.02604136695,58005.97395863304
8087,79.2688935997036,20.731106400296397,222587.05322796773,58212.94677203227
8088,80.35515402902227,19.644845970977727,225637.27251349454,55162.727486505464
8089,79.79283325562477,20.20716674437523,224058.27578179436,56741.72421820563
8090,78.01848144717512,21.98151855282488,219075.89590366773,61724.10409633226
8091,78.93626313292017,21.063736867079825,221653.02687723984,59146.97312276016
8092,78.8973029153855,21.102697084614505,221543.62658640248,59256.37341359751
8093,79.46915819956469,20.53084180043531,223149.39622437762,57650.60377562241
8094,78.6796364799498,21.320363520050194,220932.41923569905,59867.580764300925
8095,79.72023548095949,20.279764519040512,223854.4212305342,56945.578769465756
8096,80.622357678084,19.377642321916,226387.58036005986,54412.41963994014
8097,78.24747762007262,21.752522379927385,219718.9171571639,61081.08284283611
8098,80.19027611067806,19.809723889321944,225174.295318784,55625.704681216026
8099,79.4640561118487,20.535943888151294,223135.06956207115,57664.93043792885
8100,80.106565119633,19.893434880366996,224939.23485592945,55860.76514407053
8101,79.45693896845897,20.54306103154103,223115.08462343278,57684.915376567245
8102,78.62718429837075,21.37281570162925,220785.13350982507,60014.86649017492
8103,79.60254120844607,20.39745879155393,223523.93571331658,57276.06428668342
8104,79.32665340450899,20.67334659549101,222749.24275986126,58050.757240138744
8105,79.99427141545712,20.00572858454288,224623.91413460358,56176.08586539642
8106,80.2280403153999,19.771959684600105,225280.3372056429,55519.66279435712
8107,79.2149435774546,20.785056422545395,222435.56156549254,58364.438434507436
8108,81.03281704596948,18.96718295403052,227540.1502650823,53259.84973491769
8109,81.46359299605629,18.536407003943708,228749.76913292607,52050.230867073915
8110,80.42662750490027,19.573372495099733,225837.97003375992,54962.02996624009
8111,78.77134714476009,21.228652855239915,221189.94278248632,59610.05721751367
8112,79.94252722993879,20.05747277006121,224478.6164616681,56321.383538331895
8113,79.15314084748339,20.846859152516615,222262.01949973335,58537.980500266625
8114,79.35486005725691,20.645139942743086,222828.44704077742,57971.55295922257
8115,79.4377559913437,20.562244008656293,223061.21882369314,57738.78117630686
8116,81.73481365775487,18.26518634224513,229511.35675097565,51288.64324902433
8117,80.61659762544392,19.383402374556084,226371.40613224654,54428.59386775348
8118,78.77555754192379,21.22444245807621,221201.765577722,59598.23442227801
8119,80.34865836864519,19.65134163135481,225619.03269915568,55180.967300844306
8120,78.94314249547136,21.056857504528637,221672.34412728358,59127.65587271643
8121,79.62830758714935,20.37169241285065,223596.2877047154,57203.71229528462
8122,76.77368868145291,23.22631131854709,215580.51781751978,65219.482182480235
8123,80.26564937695255,19.734350623047447,225385.94345048277,55414.05654951722
8124,80.78806391905749,19.211936080942507,226852.88348471344,53947.11651528655
8125,76.41077148624909,23.58922851375091,214561.44633338746,66238.55366661253
8126,77.96657304404854,22.033426955951455,218930.13710768832,61869.86289231169
8127,78.46661361957597,21.533386380424034,220334.2510437693,60465.7489562307
8128,80.60904755118173,19.39095244881827,226350.20552371832,54449.79447628168
8129,79.73626692107536,20.263733078924645,223899.43751437962,56900.562485620394
8130,78.21328065636065,21.786719343639348,219622.8920830607,61177.10791693933
8131,78.81516052219278,21.184839477807216,221312.97074631733,59487.029253682675
8132,78.8521098518739,21.147890148126095,221416.72446406193,59383.27553593806
8133,81.77794168364497,18.22205831635503,229632.46024767507,51167.53975232493
8134,79.33023546545093,20.669764534549074,222759.3011869862,58040.69881301378
8135,78.3147420912522,21.6852579087478,219907.79579223617,60892.20420776383
8136,78.88734172205348,21.112658277946522,221515.65555552614,59284.344444473834
8137,81.6661588293856,18.333841170614406,229318.57399291475,51481.426007085254
8138,79.66046199850796,20.339538001492045,223686.57729181036,57113.42270818967
8139,80.57555574039249,19.42444425960751,226256.16051902212,54543.83948097788
8140,79.73382271709521,20.266177282904792,223892.57418960333,56907.42581039664
8141,78.15672957180738,21.843270428192625,219464.09663763514,61335.90336236485
8142,80.66335954698314,19.336640453016855,226502.71360792866,54297.28639207134
8143,78.08155614291606,21.918443857083943,219253.00964930828,61546.99035069172
8144,78.14769531574437,21.85230468425563,219438.72844661018,61361.27155338981
8145,78.7286184233945,21.271381576605506,221069.96053289174,59730.03946710826
8146,81.04459976440981,18.95540023559019,227573.23613846273,53226.76386153728
8147,80.17255894677152,19.827441053228483,225124.5455225344,55675.454477465595
8148,79.92369164929767,20.076308350702334,224425.72615122786,56374.27384877212
8149,81.54792413243923,18.452075867560765,228986.57096388936,51813.429036110654
8150,79.81244083735729,20.187559162642714,224113.33387129923,56686.66612870078
8151,78.70979567660224,21.29020432339776,221017.1062598991,59782.8937401009
8152,80.1255765571479,19.874423442852105,224992.61897247127,55807.38102752871
8153,78.9572380731638,21.042761926836206,221711.92450944392,59088.075490556075
8154,81.12594891882362,18.874051081176376,227801.66456405673,52998.33543594327
8155,79.80008164566274,20.199918354337257,224078.62926102098,56721.370738979036
8156,80.35480084335911,19.645199156640885,225636.2807681524,55163.719231847586
8157,80.09439753796738,19.90560246203262,224905.0682866124,55894.931713387596
8158,79.51506560509557,20.48493439490443,223278.30421910837,57521.69578089162
8159,79.46972658153089,20.530273418469108,223150.99224093877,57649.00775906121
8160,80.21618891644297,19.783811083557026,225247.05847737187,55552.94152262813
8161,79.79474944748678,20.20525055251322,224063.65644854287,56736.34355145713
8162,78.73108679128782,21.268913208712178,221076.8917099362,59723.10829006381
8163,78.26398216369257,21.736017836307425,219765.26191564876,61034.73808435124
8164,78.32420108120132,21.675798918798677,219934.3566360133,60865.6433639867
8165,79.40429653475755,20.59570346524245,222967.2646695992,57832.73533040082
8166,80.73118283879802,19.26881716120198,226693.16141134483,54106.8385886552
8167,79.10084136151895,20.899158638481055,222115.1625431452,58684.83745685477
8168,78.76294417941637,21.237055820583635,221166.34725580114,59633.65274419887
8169,80.25727235488485,19.742727645115153,225362.42077251663,55437.57922748339
8170,79.14183618442185,20.858163815578152,222230.27600585658,58569.7239941434
8171,78.96152906771317,21.038470932286828,221723.97362213855,59076.02637786145
8172,80.68192027653433,19.318079723465672,226554.83213650837,54245.167863491624
8173,78.88822872125523,21.11177127874477,221518.14624928468,59281.85375071534
8174,81.16311228502401,18.836887714975987,227906.01929634745,52893.98070365255
8175,79.3827064094748,20.617293590525193,222906.63959780525,57893.360402194754
8176,79.5605162775569,20.4394837224431,223405.92970737978,57394.07029262025
8177,78.28474925108875,21.715250748911245,219823.57589705722,60976.424102942794
8178,79.53317730242966,20.466822697570336,223329.16186522247,57470.83813477754
8179,80.05800507563255,19.94199492436745,224802.87825237622,55997.12174762377
8180,79.40140824165186,20.598591758348135,222959.15434255847,57840.84565744155
8181,79.02680000007624,20.973199999923764,221907.25440021406,58892.74559978595
8182,81.13229603850297,18.86770396149703,227819.48727611633,52980.51272388367
8183,80.59485393393933,19.405146066060666,226310.34984650166,54489.650153498354
8184,81.00045207657944,18.999547923420565,227449.26943103503,53350.73056896498
8185,79.50518922466303,20.494810775336973,223250.5713428538,57549.42865714619
8186,80.96628611363877,19.033713886361227,227353.3314070977,53446.668592902315
8187,78.11380278682482,21.88619721317518,219343.55822540412,61456.4417745959
8188,79.49435655597014,20.505643444029857,223220.15320916416,57579.846790835836
8189,79.2952471933262,20.704752806673795,222661.05411885996,58138.94588114005
8190,80.58939850763164,19.410601492368357,226295.03100942966,54504.968990570334
8191,79.22959195560585,20.770408044394145,222476.69421134127,58323.30578865872
8192,81.1585697627479,18.841430237252098,227893.2638937961,52906.73610620388
8193,81.01918895351689,18.98081104648311,227501.88258147542,53298.11741852457
8194,78.22766492502322,21.77233507497678,219663.2831094652,61136.7168905348
8195,80.51679355188188,19.483206448118125,226091.1562936843,54708.8437063157
8196,79.60912943120837,20.390870568791627,223542.4354428331,57257.5645571669
8197,80.0334176820854,19.9665823179146,224733.83685129578,56066.16314870423
8198,81.07965219224555,18.920347807754453,227671.6633558255,53128.33664417448
8199,78.97955520275066,21.02044479724934,221774.59100932386,59025.40899067614
8200,79.43269438620663,20.567305613793366,223047.00583646825,57752.99416353175
8201,78.95549656583962,21.044503434160376,221707.03435687767,59092.96564312233
8202,79.2979206289963,20.702079371003705,222668.56112622158,58131.438873778425
8203,79.94706148656327,20.05293851343673,224491.34865426965,56308.65134573035
8204,79.56164012215636,20.438359877843638,223409.08546301507,57390.91453698493
8205,79.77691000974292,20.22308999025708,224013.56330735813,56786.43669264187
8206,80.54769841385703,19.452301586142966,226177.93714611058,54622.0628538894
8207,80.37860461730104,19.621395382698964,225703.12176538128,55096.878234618714
8208,77.64622750042155,22.353772499578454,218030.60682118373,62769.39317881627
8209,78.74830321467027,21.251696785329727,221125.23542679416,59674.76457320584
8210,78.46832312218632,21.53167687781368,220339.0513270992,60460.94867290078
8211,80.56373824057516,19.436261759424838,226222.97697953504,54577.02302046496
8212,79.15451363632407,20.84548636367593,222265.87429079798,58534.125709202024
8213,80.33787027771852,19.662129722281477,225588.73973983363,55211.260260166375
8214,79.80605449198471,20.19394550801529,224095.40101349307,56704.59898650691
8215,80.43482173268795,19.56517826731205,225860.97942538775,54939.020574612245
8216,77.85305311559159,22.146946884408408,218611.37314858116,62188.626851418856
8217,79.50719290939405,20.49280709060595,223256.1976895785,57543.80231042151
8218,79.82202854168968,20.177971458310324,224140.25614506463,56659.74385493537
8219,80.5253352062873,19.474664793712705,226115.14125925474,54684.85874074526
8220,78.13644216669368,21.863557833306317,219407.12960407586,61392.870395924125
8221,80.87013263021393,19.12986736978607,227083.33242564072,53716.66757435929
8222,81.50494746466747,18.495052535332533,228865.89248078625,51934.107519213765
8223,79.09880960851211,20.901190391487887,222109.457380702,58690.54261929801
8224,78.65460736004236,21.345392639957637,220862.13746699895,59937.862533001055
8225,80.16494757356561,19.835052426434387,225103.17278657225,55696.827213427736
8226,81.6248478364963,18.3751521635037,229202.57272488164,51597.42727511836
8227,80.38214092023802,19.617859079761985,225713.05170402833,55086.94829597167
8228,79.9335628809519,20.066437119048103,224453.44456971294,56346.55543028707
8229,79.4799710085083,20.5200289914917,223179.7585918913,57620.241408108704
8230,78.48237932104423,21.517620678955765,220378.52113349224,60421.47886650779
8231,80.02871969916724,19.97128030083276,224720.6449152616,56079.3550847384
8232,78.80937947066984,21.19062052933016,221296.7375536409,59503.26244635908
8233,81.43782300741783,18.562176992582167,228677.40700482926,52122.59299517074
8234,80.0721533721113,19.927846627888698,224842.60666888853,55957.39333111144
8235,81.45335718573338,18.54664281426662,228721.02697753935,52078.97302246065
8236,80.25845053716262,19.741549462837384,225365.72910835262,55434.27089164738
8237,80.09931474364444,19.90068525635556,224918.8758001536,55881.12419984639
8238,81.73985896659214,18.260141033407862,229525.52397819073,51274.476021809285
8239,80.13534451142141,19.86465548857859,225020.04738807134,55779.95261192866
8240,79.92608526797257,20.073914732027433,224432.44743246696,56367.55256753306
8241,79.77712315690981,20.22287684309019,224014.16182460275,56785.83817539724
8242,77.71340949297036,22.286590507029644,218219.25385626077,62580.74614373922
8243,79.65748766505585,20.342512334944146,223678.22536347684,57121.77463652314
8244,79.65176147341865,20.348238526581355,223662.14621735955,57137.85378264046
8245,80.87434866329019,19.125651336709808,227095.17104651884,53704.82895348115
8246,80.82453588421929,19.175464115780713,226955.29676288774,53844.70323711225
8247,80.26195296540195,19.738047034598054,225375.56392684864,55424.43607315136
8248,81.62637456069181,18.373625439308185,229206.85976642263,51593.14023357739
8249,78.887254583369,21.112745416631,221515.41087010017,59284.58912989983
8250,79.44161446199496,20.55838553800504,223072.05340928186,57727.946590718144
8251,79.62471922562777,20.37528077437223,223586.2115855628,57213.78841443722
8252,80.16036520319958,19.839634796800425,225090.30549058437,55709.69450941562
8253,80.39710783491304,19.602892165086956,225755.07880043582,55044.92119956418
8254,80.47943568946951,19.52056431053049,225986.25541603038,54813.744583969616
8255,79.50335661327266,20.496643386727342,223245.42537006963,57554.57462993036
8256,78.67157787121795,21.32842212878205,220909.79066238,59890.209337620036
8257,79.51788028482866,20.482119715171336,223286.20783979888,57513.792160201134
8258,80.2699143601254,19.730085639874602,225397.9195232321,55402.08047676791
8259,80.41612808046598,19.58387191953402,225808.48764994845,54991.51235005155
8260,78.31155409107376,21.68844590892624,219898.84388773513,60901.156112264856
8261,81.20514083625775,18.794859163742245,228024.03546821178,52775.964531788224
8262,80.33731809686219,19.66268190313781,225587.18921598903,55212.810784011
8263,79.60847922346315,20.39152077653685,223540.6096594845,57259.390340515514
8264,77.96683222125871,22.033167778741287,218930.86487729446,61869.13512270554
8265,79.94209327451057,20.05790672548943,224477.39791482565,56322.60208517438
8266,78.41586933647761,21.584130663522387,220191.76109682914,60608.23890317086
8267,79.04146685959832,20.958533140401684,221948.43894175207,58851.561058247935
8268,80.45408206206373,19.545917937936267,225915.06243027496,54884.93756972505
8269,80.84131523608565,19.15868476391435,227002.41318292852,53797.58681707148
8270,80.92900408212654,19.07099591787346,227248.64346261133,53551.35653738868
8271,78.89655672255842,21.103443277441585,221541.53127694404,59258.46872305594
8272,79.14528046518524,20.854719534814762,222239.94754624015,58560.05245375984
8273,81.59396930819479,18.406030691805213,229115.86581741096,51684.13418258903
8274,79.38669334920219,20.61330665079781,222917.83492455975,57882.165075440236
8275,78.21312007099762,21.78687992900238,219622.44115936127,61177.55884063869
8276,80.33548294947217,19.664517050527834,225582.03612211783,55217.96387788218
8277,80.10854274686122,19.891457253138782,224944.78803318628,55855.21196681373
8278,79.79391725782212,20.206082742177884,224061.31965996453,56738.68034003547
8279,79.84519854416618,20.15480145583382,224205.31751201866,56594.68248798137
8280,79.69059095833529,20.309409041664708,223771.17941100552,57028.82058899446
8281,81.95201899721037,18.047981002789626,230121.26934416674,50678.73065583325
8282,80.6147752742169,19.385224725783104,226366.28897000104,54433.71102999894
8283,78.75344407808423,21.24655592191577,221139.67097126052,59660.329028739485
8284,79.71196872666293,20.28803127333707,223831.2081844695,56968.79181553051
8285,81.22419645384961,18.775803546150385,228077.54364240973,52722.45635759029
8286,79.49013170134872,20.509868298651284,223208.28981738718,57591.71018261281
8287,79.14826474543771,20.851735254562286,222248.3274051891,58551.672594810894
8288,78.96392594638645,21.036074053613547,221730.70405745314,59069.29594254686
8289,79.44215275783472,20.55784724216528,223073.5649439999,57726.4350560001
8290,79.66589323143674,20.33410676856326,223701.8281938744,57098.17180612561
8291,79.59948165926414,20.400518340735857,223515.34449921374,57284.65550078627
8292,80.31981414444333,19.680185855556672,225538.03811759685,55261.96188240315
8293,80.17435979231922,19.825640207680777,225129.6022968324,55670.3977031676
8294,78.66658277527947,21.333417224720534,220895.76443298472,59904.235567015276
8295,79.48914195382115,20.510858046178853,223205.51060632977,57594.48939367025
8296,78.988979793708,21.011020206292002,221801.05526073207,58998.94473926792
8297,80.14755125516005,19.852448744839947,225054.32392448944,55745.676075510586
8298,79.39482960074734,20.605170399252657,222940.68151889852,57859.31848110145
8299,80.61299221974345,19.387007780256553,226361.2821530396,54438.71784696041
8300,80.09103666183576,19.90896333816424,224895.6309464348,55904.3690535652
8301,79.5540150212188,20.445984978781198,223387.6741795824,57412.32582041762
8302,78.87936227021754,21.12063772978246,221493.24925477087,59306.75074522914
8303,80.01374597219296,19.986254027807036,224678.59868991782,56121.40131008218
8304,80.23858350758992,19.761416492410078,225309.9424893125,55490.057510687504
8305,81.08823596892766,18.911764031072337,227695.76660074887,53104.23339925113
8306,78.38595395401931,21.614046045980686,220107.75870288623,60692.24129711378
8307,80.00144104636301,19.998558953636987,224644.04645818734,56155.95354181266
8308,81.5175825631743,18.4824174368257,228901.37183739344,51898.62816260657
8309,80.59645105670029,19.40354894329971,226314.83456721442,54485.16543278557
8310,79.23726539300831,20.762734606991685,222498.24122356734,58301.758776432645
8311,80.74649256868366,19.253507431316336,226736.15113286374,54063.84886713627
8312,80.1023141839441,19.897685816055898,224927.29822851502,55872.701771484964
8313,77.59283972478322,22.407160275216782,217880.6939471913,62919.3060528087
8314,78.4443356841719,21.555664315828096,220271.6946011547,60528.30539884529
8315,78.08493186886868,21.91506813113132,219262.48868778325,61537.51131221677
8316,80.88345314726304,19.11654685273696,227120.73643751463,53679.26356248536
8317,81.21442358862276,18.785576411377235,228050.1014368527,52749.89856314729
8318,79.97794890576553,20.02205109423447,224578.0805273896,56221.91947261039
8319,81.06175994692903,18.93824005307097,227621.4219309767,53178.57806902328
8320,79.5454780929702,20.4545219070298,223363.70248506032,57436.2975149397
8321,80.1083965347023,19.891603465297706,224944.37746944407,55855.62253055593
8322,78.71392582752796,21.28607417247204,221028.70372369853,59771.29627630148
8323,79.61348440641264,20.38651559358736,223554.66421320668,57245.33578679332
8324,79.45229438147456,20.54770561852544,223102.04262318055,57697.95737681943
8325,79.21035284074358,20.78964715925642,222422.67077680797,58377.329223192035
8326,78.87425490049009,21.125745099509913,221478.90776057617,59321.092239423815
8327,78.49344204900115,21.506557950998854,220409.58527359524,60390.414726404735
8328,78.3659067979553,21.634093202044696,220051.4662886585,60748.53371134151
8329,79.13347965818002,20.866520341819978,222206.8108801695,58593.189119830466
8330,79.1118384547467,20.888161545253297,222146.04238092876,58653.95761907125
8331,80.23230396332634,19.767696036673655,225292.3095290204,55507.69047097961
8332,79.6296209893704,20.370379010629605,223599.97573815208,57200.024261847924
8333,79.48134578996635,20.518654210033645,223183.6189782255,57616.38102177448
8334,81.26698958655946,18.73301041344054,228197.70675905896,52602.29324094103
8335,80.03623417270043,19.963765827299568,224741.74555694283,56058.25444305716
8336,80.59674724916741,19.403252750832593,226315.66627566208,54484.33372433792
8337,79.16401914722073,20.835980852779272,222292.56576539582,58507.43423460418
8338,78.87760539745149,21.12239460254851,221488.31595604378,59311.68404395621
8339,79.34031684107335,20.659683158926654,222787.60968973394,58012.390310266055
8340,79.7904240642077,20.2095759357923,224051.5107722952,56748.48922770479
8341,78.76721685945351,21.232783140546488,221178.34494134548,59621.655058654535
8342,79.018085011683,20.981914988317,221882.78271280587,58917.21728719412
8343,80.64820412214152,19.35179587785848,226460.1571749734,54339.842825026615
8344,76.76282826384767,23.237171736152334,215550.02176488424,65249.97823511577
8345,78.50477289403054,21.495227105969462,220441.40228643775,60358.59771356225
8346,80.19803867791303,19.801961322086967,225196.09260757978,55603.90739242023
8347,79.31632452147089,20.68367547852911,222720.23925629028,58079.7607437097
8348,78.90214865319632,21.09785134680368,221557.23341817528,59242.76658182471
8349,80.33907046554151,19.66092953445849,225592.1098672406,55207.89013275942
8350,79.30737053037318,20.692629469626823,222695.0964492879,58104.90355071211
8351,79.202539945079,20.797460054921004,222400.73216578184,58399.267834218146
8352,81.4683899294522,18.5316100705478,228763.2389219018,52036.76107809821
8353,79.27335717596291,20.726642824037086,222599.58695010387,58200.41304989612
8354,80.02174710527879,19.97825289472121,224701.06587162282,56098.934128377165
8355,80.4089107023388,19.5910892976612,225788.22125216734,55011.77874783265
8356,78.84842552827183,21.151574471728168,221406.3788833873,59393.621116612696
8357,80.02892001592336,19.97107998407664,224721.2074047128,56078.79259528719
8358,77.76894865987235,22.23105134012765,218375.20783692156,62424.79216307847
8359,79.71801283729688,20.281987162703118,223848.18004712963,56951.81995287035
8360,79.43805296651827,20.56194703348173,223062.0527299833,57737.94727001671
8361,78.39098657128235,21.609013428717645,220121.89029216088,60678.10970783913
8362,80.68353415572037,19.316465844279634,226559.3639092628,54240.636090737215
8363,79.10501128710546,20.894988712894545,222126.87169419212,58673.12830580791
8364,79.87820317074107,20.121796829258926,224297.99450344092,56502.005496559075
8365,80.27057452588704,19.729425474112958,225399.7732686908,55400.22673130922
8366,80.09738204518122,19.90261795481878,224913.44878286886,55886.55121713115
8367,80.89879386612421,19.10120613387579,227163.81317607677,53636.18682392322
8368,81.2753168154765,18.7246831845235,228221.08961785803,52578.91038214198
8369,79.76631773242188,20.233682267578118,223983.82019264065,56816.17980735934
8370,79.40104701263492,20.59895298736508,222958.14001147886,57841.85998852114
8371,79.61503944068473,20.384960559315275,223559.03074944273,57240.969250557275
8372,77.51505568834297,22.48494431165703,217662.27637286705,63137.723627132924
8373,81.18439554785925,18.815604452140747,227965.7826983888,52834.217301611214
8374,78.71015013576285,21.289849864237155,221018.1015812221,59781.89841877789
8375,79.43600079209328,20.56399920790672,223056.29022419796,57743.709775802046
8376,79.84579290674682,20.154207093253177,224206.9864821451,56593.013517854895
8377,78.96879230860007,21.031207691399928,221744.36880254903,59055.63119745099
8378,80.4957015563431,19.504298443656893,226031.92997021147,54768.07002978855
8379,80.952468716724,19.047531283276,227314.532156561,53485.46784343897
8380,80.0150072994267,19.9849927005733,224682.14049679018,56117.859503209824
8381,79.45312753258558,20.546872467414417,223104.3821115003,57695.61788849968
8382,80.92359943469388,19.076400565306116,227233.46721262042,53566.53278737956
8383,80.51368030519478,19.486319694805218,226082.41429698694,54717.58570301307
8384,80.1221822872123,19.877817712787703,224983.08786249213,55816.91213750784
8385,80.29439761108372,19.705602388916276,225466.6684919231,55333.331508076895
8386,80.28262153538012,19.717378464619884,225433.60127134738,55366.398728652624
8387,80.51270332665594,19.487296673344062,226079.6709412499,54720.32905875008
8388,80.12876003294049,19.87123996705951,225001.5581724969,55798.4418275031
8389,78.49173966023926,21.50826033976074,220404.80496595186,60395.19503404814
8390,78.35124134357278,21.64875865642722,220010.2856927524,60789.7143072476
8391,81.23771241109257,18.762287588907427,228115.49645034794,52684.503549652065
8392,79.44337846740675,20.556621532593255,223077.00673647813,57722.993263521865
8393,79.2562467647852,20.743753235214797,222551.54091551685,58248.45908448316
8394,79.17654488367445,20.823455116325547,222327.73803335786,58472.26196664215
8395,80.94371930535974,19.056280694640265,227289.96380945016,53510.03619054983
8396,79.62618852130888,20.373811478691124,223590.33736783534,57209.662632164676
8397,80.72452161826902,19.275478381730977,226674.45670409943,54125.543295900556
8398,80.38147049987424,19.61852950012576,225711.16916364687,55088.83083635312
8399,78.82120541338675,21.17879458661325,221329.94480079,59470.055199210015
8400,79.33668996590453,20.663310034095474,222777.4254242599,58022.57457574007
8401,79.59356209876425,20.406437901235748,223498.72237333003,57301.27762666998
8402,79.48465373077094,20.515346269229056,223192.90767600483,57607.09232399516
8403,80.17261991438804,19.827380085611964,225124.71671960162,55675.28328039838
8404,79.24059257921327,20.75940742078673,222507.5839624309,58292.41603756913
8405,78.64842756502559,21.351572434974415,220844.78460259183,59955.215397408174
8406,79.13278407016391,20.867215929836092,222204.85766902025,58595.14233097974
8407,80.13021231453725,19.869787685462754,225005.63617922057,55794.363820779414
8408,78.37980402286246,21.62019597713754,220090.4896961978,60709.51030380219
8409,78.82730659424648,21.17269340575352,221347.07691664412,59452.92308335588
8410,78.79469489250512,21.20530510749488,221255.50325815438,59544.49674184561
8411,78.55286914852621,21.447130851473787,220576.45656906161,60223.54343093837
8412,80.18742668846576,19.812573311534237,225166.29414121187,55633.70585878813
8413,79.95333940998088,20.046660590019115,224508.9770632263,56291.02293677369
8414,79.84044855692603,20.159551443073966,224191.9795478483,56608.02045215167
8415,78.48610153838513,21.513898461614872,220388.97311978543,60411.02688021459
8416,79.90622854821218,20.093771451787816,224376.68976337978,56423.31023662023
8417,79.69583577658705,20.304164223412954,223785.90686065643,57014.093139343575
8418,80.23147470234015,19.76852529765985,225289.98096417112,55510.01903582887
8419,79.63253095568717,20.367469044312827,223608.14692356958,57191.85307643041
8420,79.71558862750418,20.284411372495825,223841.3728660317,56958.62713396827
8421,80.11073187376729,19.889268126232707,224950.93510153855,55849.064898461445
8422,79.93795181743194,20.062048182568063,224465.76870334888,56334.23129665113
8423,82.50787419855342,17.492125801446576,231682.110749538,49117.889250462
8424,79.39869996087512,20.60130003912488,222951.54949013735,57848.45050986266
8425,79.70903492620958,20.290965073790417,223822.97007279648,56977.02992720352
8426,78.38271800808964,21.61728199191036,220098.6721667157,60701.327833284275
8427,77.94458044137728,22.055419558622717,218868.38187938742,61931.618120612584
8428,79.94911704064756,20.050882959352435,224497.12065013836,56302.87934986163
8429,78.96846364868553,21.03153635131447,221743.44592550898,59056.55407449101
8430,78.47910781912721,21.520892180872792,220369.33475610922,60430.66524389078
8431,80.32773077682056,19.67226922317944,225560.26802131213,55239.731978687894
8432,79.43751146494958,20.56248853505042,223060.5321935784,57739.467806421584
8433,79.1746815538306,20.825318446169405,222322.5058031563,58477.494196843705
8434,79.37807930236254,20.621920697637464,222893.646681034,57906.353318965994
8435,79.3661789682361,20.6338210317639,222860.23054280697,57939.76945719305
8436,78.92034292817439,21.079657071825608,221608.32294231368,59191.67705768629
8437,80.28835157476838,19.711648425231616,225449.69122194962,55350.308778050385
8438,79.0248453753225,20.9751546246775,221901.7658139056,58898.2341860944
8439,80.00847542623018,19.991524573769823,224663.79899685434,56136.20100314565
8440,77.68205353452686,22.317946465473142,218131.20632495143,62668.79367504858
8441,80.06825559032006,19.931744409679936,224831.66169761872,55968.33830238128
8442,79.09234165982747,20.90765834017253,222091.29538079555,58708.70461920445
8443,80.80457633863848,19.195423661361517,226899.25035889685,53900.74964110316
8444,80.1831824084857,19.816817591514294,225154.37620302787,55645.623796972126
8445,81.07307934135774,18.92692065864226,227653.2067905325,53146.793209467476
8446,80.38296461732791,19.617035382672086,225715.36464545678,55084.635354543236
8447,80.17808482704328,19.82191517295672,225140.06219433754,55659.937805662456
8448,80.84801813886338,19.15198186113662,227021.23493392838,53778.76506607163
8449,79.122994335834,20.877005664166006,222177.36809502187,58622.63190497812
8450,79.48697349332173,20.513026506678273,223199.4215692474,57600.5784307526
8451,78.96956204763728,21.030437952362718,221746.5302297655,59053.46977023449
8452,79.86975704821774,20.130242951782265,224274.2777913954,56525.72220860458
8453,78.83287900237414,21.167120997625858,221362.7242386666,59437.275761333425
8454,79.8211333916667,20.178866608333294,224137.74256380013,56662.257436199856
8455,80.98356942016792,19.016430579832075,227401.86293183154,53398.13706816847
8456,80.78894681155535,19.21105318844465,226855.3626468474,53944.63735315258
8457,79.49005086571674,20.50994913428326,223208.0628309326,57591.9371690674
8458,80.60163957069707,19.398360429302926,226329.40391451737,54470.59608548261
8459,78.94729078936992,21.052709210630084,221683.99253655074,59116.00746344925
8460,80.72593572668242,19.274064273317578,226678.42752052427,54121.572479475726
8461,78.49442803230471,21.50557196769529,220412.35391471162,60387.6460852884
8462,79.33192451609172,20.668075483908282,222764.04404118552,58035.95595881448
8463,81.10812278665438,18.891877213345623,227751.60878492548,53048.3912150745
8464,79.70108180716585,20.29891819283415,223800.63771452173,56999.36228547827
8465,80.63013612365525,19.369863876344752,226409.42223522393,54390.577764776084
8466,79.60112324860182,20.398876751398177,223519.95408207393,57280.04591792604
8467,79.86047027290401,20.13952972709599,224248.20052631444,56551.79947368555
8468,79.27456970911076,20.725430290889236,222602.99174318303,58197.00825681697
8469,80.73925005893335,19.26074994106665,226715.81416548486,54084.18583451514
8470,80.8297647608234,19.170235239176606,226969.9794483921,53830.020551607864
8471,79.48179432044475,20.51820567955525,223184.87845180885,57615.121548191164
8472,78.78750088062671,21.21249911937329,221235.30247279978,59564.69752720024
8473,80.27331384822328,19.72668615177672,225407.465285811,55392.534714188994
8474,78.39471470476994,21.60528529523006,220132.358890994,60667.641109006
8475,79.76537828982794,20.234621710172064,223981.18223783685,56818.81776216315
8476,77.93959732120037,22.060402678799633,218854.3892779306,61945.610722069374
8477,78.32142131855389,21.678578681446112,219926.55106249932,60873.44893750068
8478,79.29847331490912,20.701526685090883,222670.11306826482,58129.88693173519
8479,80.5753162480401,19.424683751959904,226255.4880244966,54544.51197550341
8480,79.78051283543928,20.219487164560718,224023.68004191353,56776.319958086475
8481,78.63964529482868,21.360354705171318,220820.1239878789,59979.876012121094
8482,78.76014444801578,21.23985555198422,221158.48561002832,59641.51438997168
8483,78.98285327790079,21.017146722099213,221783.85200434542,59016.14799565458
8484,80.07624206364929,19.92375793635071,224854.08771472718,55945.9122852728
8485,78.90820070232968,21.09179929767032,221574.22757214174,59225.77242785825
8486,80.7251915612763,19.274808438723696,226676.33790406387,54123.662095936146
8487,79.94243304017317,20.05756695982683,224478.35197680624,56321.64802319376
8488,79.07477667522286,20.925223324777136,222041.9729040258,58758.027095974205
8489,80.86595301762456,19.134046982375438,227071.59607348975,53728.40392651022
8490,80.06964692471652,19.930353075283477,224835.56856460398,55964.43143539605
8491,79.26155720456252,20.73844279543748,222566.45263041154,58233.54736958847
8492,79.63140411487025,20.36859588512975,223604.98275455568,57195.01724544434
8493,79.18425054328725,20.81574945671275,222349.3755255506,58450.624474449396
8494,80.05988750557836,19.94011249442164,224808.16411566405,55991.83588433593
8495,81.55135331801029,18.448646681989715,228996.2001169729,51803.79988302711
8496,80.07505574872089,19.924944251279115,224850.75654240823,55949.24345759177
8497,78.77323672603255,21.22676327396745,221195.24872669938,59604.75127330063
8498,80.13865551052554,19.86134448947446,225029.3446735557,55770.655326444285
8499,80.3192793842618,19.680720615738196,225536.53651100717,55263.46348899283
8500,78.53498281901625,21.46501718098375,220526.23175579763,60273.76824420235
8501,80.75988598114385,19.240114018856147,226773.75983505195,54026.24016494806
8502,77.750222467197,22.249777532802995,218322.62468788918,62477.375312110824
8503,79.16817246828656,20.831827531713444,222304.22829094867,58495.77170905134
8504,81.52107977205628,18.478920227943718,228911.19199993403,51888.808000065954
8505,80.2563930532783,19.743606946721698,225359.9516936055,55440.04830639451
8506,80.30435270816076,19.695647291839236,225494.62240451542,55305.3775954846
8507,79.94004189792989,20.059958102070112,224471.6376493871,56328.36235061291
8508,79.53397293796904,20.46602706203096,223331.39600981708,57468.603990182906
8509,80.55387817263721,19.446121827362788,226195.2899087653,54604.7100912347
8510,80.74334872474209,19.25665127525791,226727.3232190758,54072.67678092419
8511,79.35561916128722,20.644380838712777,222830.57860489454,57969.421395105455
8512,80.16428089692447,19.835719103075533,225101.3007585639,55698.69924143607
8513,78.92045750185186,21.079542498148143,221608.64466520003,59191.35533479997
8514,80.16075084309014,19.839249156909858,225091.38836739713,55708.611632602886
8515,79.61644812201361,20.383551877986392,223562.9863266142,57237.01367338581
8516,79.91980630975861,20.080193690241387,224414.81611780217,56385.183882197816
8517,79.3891239004331,20.610876099566894,222924.6599124162,57875.34008758383
8518,79.65866552067583,20.341334479324175,223681.53278205774,57118.46721794228
8519,79.87458451334973,20.12541548665027,224287.83331348604,56512.166686513956
8520,79.752292420324,20.247707579676003,223944.43711626978,56855.56288373021
8521,78.45144421017591,21.548555789824093,220291.65534217397,60508.34465782604
8522,77.81295391426906,22.18704608573094,218498.77459126752,62301.22540873248
8523,79.04374528999188,20.956254710008125,221954.83677429717,58845.16322570281
8524,80.11255672176466,19.887443278235338,224956.05927471517,55843.94072528482
8525,79.36194731644504,20.63805268355496,222848.34806457767,57951.65193542233
8526,80.62645397620847,19.373546023791533,226399.08276519337,54400.917234806635
8527,80.57425599406211,19.425744005937887,226252.51083132642,54547.489168673565
8528,80.53681230385043,19.463187696149575,226147.368949212,54652.63105078801
8529,80.48018299103987,19.519817008960132,225988.35383883998,54811.64616116002
8530,79.3879640217304,20.612035978269603,222921.40297301894,57878.59702698105
8531,79.21232071204842,20.787679287951576,222428.19655943196,58371.80344056805
8532,80.25360626038719,19.746393739612813,225352.12637916722,55447.87362083279
8533,77.46696807783113,22.533031922168874,217527.24636254983,63272.753637450165
8534,78.46404942535622,21.535950574643778,220327.05078640027,60472.94921359972
8535,80.79775245805617,19.202247541943834,226880.0889022217,53919.911097778284
8536,79.47854263860364,20.521457361396358,223175.74772919904,57624.25227080096
8537,80.09073671575324,19.909263284246762,224894.78869783512,55905.21130216489
8538,78.94142185351596,21.058578146484038,221667.51256467283,59132.48743532717
8539,80.33944878908551,19.66055121091449,225593.17219975212,55206.82780024786
8540,80.39267013567041,19.607329864329586,225742.61774096254,55057.38225903746
8541,80.02496536460588,19.975034635394124,224710.10274381327,56089.89725618673
8542,78.72712842714832,21.272871572851685,221065.77662343247,59734.22337656752
8543,79.81242562745572,20.187574372544276,224113.29116189567,56686.708838104336
8544,77.94882990237177,22.05117009762823,218880.3143658599,61919.685634140114
8545,79.629218687382,20.370781312618007,223598.84607416866,57201.15392583133
8546,79.04284264809476,20.957157351905238,221952.3021558501,58847.697844149916
8547,78.9811509557365,21.018849044263504,221779.0718837081,59020.92811629191
8548,80.71484216715292,19.285157832847077,226647.2768053654,54152.72319463463
8549,78.76690860690793,21.233091393092067,221177.4793681975,59622.5206318025
8550,81.01563377333835,18.98436622666165,227491.89963553412,53308.10036446588
8551,80.32150949323363,19.678490506766366,225542.79865700004,55257.20134299996
8552,80.15195907529505,19.848040924704947,225066.70108342852,55733.29891657148
8553,80.47593057851252,19.524069421487482,225976.41306446315,54823.58693553685
8554,80.18873429198194,19.811265708018055,225169.9658918853,55630.03410811469
8555,80.27860805292524,19.721391947074764,225422.33141261406,55377.668587385924
8556,79.0012372857648,20.9987627142352,221835.47429842758,58964.525701572406
8557,79.28564603010348,20.71435396989652,222634.09405253056,58165.90594746944
8558,80.51466728664197,19.485332713358034,226085.18574089062,54714.81425910941
8559,79.53354699961915,20.466453000380852,223330.19997493055,57469.80002506943
8560,80.33904046553332,19.660959534466684,225592.02562721755,55207.97437278246
8561,80.29831659740596,19.701683402594043,225477.67300551594,55322.326994484065
8562,80.0073160545449,19.9926839454551,224660.54348116208,56139.45651883792
8563,79.44157853578407,20.558421464215925,223071.9525284817,57728.047471518315
8564,80.2434496993783,19.756550300621697,225323.60675585427,55476.393244145715
8565,80.64974264746596,19.350257352534044,226464.47735408443,54335.52264591557
8566,79.66290718037502,20.337092819624985,223693.44336249304,57106.556637506954
8567,79.35082915538773,20.64917084461227,222817.12826832873,57982.87173167127
8568,81.41980163858754,18.580198361412457,228626.8030011538,52173.19699884621
8569,80.18804133458775,19.81195866541225,225168.02006752242,55631.97993247758
8570,78.94861917479888,21.05138082520112,221687.72264283523,59112.27735716478
8571,78.95621553500284,21.04378446499716,221709.05322228797,59090.94677771206
8572,80.30621491050272,19.693785089497283,225499.85146869163,55300.14853130837
8573,79.65239483797576,20.347605162024237,223663.92470503593,57136.07529496408
8574,78.64040555479441,21.359594445205587,220822.2587978627,59977.741202137295
8575,80.6781031186947,19.321896881305307,226544.1135572947,54255.88644270529
8576,80.1386568745454,19.861343125454596,225029.3485037235,55770.65149627648
8577,81.42466739648926,18.575332603510745,228640.46604934183,52159.533950658166
8578,79.22637782346736,20.77362217653264,222467.66892829633,58332.331071703666
8579,79.47407232174952,20.525927678250483,223163.1950794726,57636.804920527386
8580,78.28496230884784,21.715037691152162,219824.17416324472,60975.825836755255
8581,80.35317024039847,19.64682975960153,225631.70203503888,55168.29796496112
8582,78.35325534412979,21.646744655870208,220015.94100631645,60784.05899368353
8583,79.63135503066606,20.368644969333943,223604.84492611027,57195.15507388972
8584,78.34504983699493,21.65495016300507,219992.89994228177,60807.10005771823
8585,79.08642934763648,20.913570652363518,222074.69360816322,58725.30639183681
8586,79.17766377082417,20.822336229175832,222330.87986847427,58469.12013152574
8587,78.85653858527148,21.14346141472852,221429.16034744232,59370.83965255765
8588,79.52386119261612,20.476138807383876,223303.0022288661,57496.99777113388
8589,77.82790151036203,22.172098489637975,218540.74744109655,62259.25255890345
8590,81.55974788563852,18.440252114361485,229019.77206287294,51780.22793712703
8591,80.2911325006124,19.708867499387594,225457.50006171962,55342.49993828035
8592,80.03141840241729,19.968581597582713,224728.22287398775,56071.777126012246
8593,79.37393694599729,20.626063054002714,222882.01494436036,57917.98505563964
8594,79.17480827124425,20.825191728755755,222322.86162565384,58477.138374346156
8595,80.14242300982092,19.857576990179084,225039.92381157714,55760.07618842285
8596,80.5167161764835,19.4832838235165,226090.93902356568,54709.060976434324
8597,80.87065328499057,19.129346715009433,227084.79442425352,53715.20557574647
8598,78.79490160102957,21.205098398970435,221256.08369569102,59543.91630430898
8599,80.10330489941191,19.89669510058809,224930.08015754865,55869.91984245133
8600,79.12590369022222,20.874096309777784,222185.537562144,58614.462437856
8601,78.47630873199891,21.523691268001087,220361.47491945294,60438.52508054706
8602,78.32057801230232,21.67942198769768,219924.18305854494,60875.816941455065
8603,78.01658720615396,21.983412793846043,219070.5768748803,61729.42312511969
8604,79.01272360785006,20.987276392149937,221867.72789084297,58932.27210915705
8605,80.05731085244884,19.942689147551164,224800.92887367634,55999.07112632365
8606,80.17302003154408,19.826979968455916,225125.84024857578,55674.1597514242
8607,79.41907103367694,20.580928966323057,223008.75146256486,57791.248537435116
8608,78.75482038318137,21.245179616818632,221143.53563597327,59656.464364026746
8609,79.76553896287642,20.23446103712358,223981.63340775698,56818.36659224304
8610,78.67867487958674,21.321325120413263,220929.71906187953,59870.28093812047
8611,80.89679620569888,19.103203794301123,227158.20374560243,53641.796254397574
8612,79.95273182580686,20.047268174193135,224507.27096686568,56292.729033134325
8613,80.61039352630974,19.389606473690264,226353.98502187774,54446.01497812225
8614,80.41788259711977,19.58211740288023,225813.41433271233,54986.58566728767
8615,79.16672320827077,20.833276791729233,222300.1587688243,58499.8412311757
8616,79.61856818062692,20.381431819373077,223568.9394512004,57231.06054879962
8617,80.31996525335319,19.68003474664681,225538.46243141574,55261.537568584274
8618,79.6132858924105,20.386714107589498,223554.1067858887,57245.89321411131
8619,77.41846119877759,22.581538801222408,217391.03904616745,63408.96095383257
8620,78.21516791220834,21.784832087791656,219628.19149748102,61171.808502518965
8621,79.70554268474021,20.29445731525979,223813.1638587505,56986.8361412495
8622,78.48683373320571,21.513166266794286,220391.02912284166,60408.97087715831
8623,78.89445907158881,21.105540928411187,221535.6410730214,59264.35892697862
8624,78.97123719055293,21.028762809447073,221751.2340310726,59048.765968927386
8625,78.64917762476313,21.350822375236874,220846.89077033487,59953.10922966512
8626,79.52389105453287,20.476108945467132,223303.0860811283,57496.913918871694
8627,80.174614696511,19.825385303489,225130.3180678029,55669.681932197105
8628,80.90082316932633,19.09917683067367,227169.51145946834,53630.48854053166
8629,80.56622565270608,19.43377434729392,226229.9616327987,54570.038367201305
8630,79.7439129827298,20.256087017270204,223920.90765550526,56879.09234449474
8631,79.70046879926414,20.299531200735856,223798.91638833372,57001.08361166628
8632,78.10670229738714,21.893297702612855,219323.6200510631,61476.37994893688
8633,80.26738866150518,19.73261133849482,225390.82736150656,55409.17263849346
8634,80.52732357208524,19.472676427914763,226120.72459041537,54679.27540958462
8635,80.85478687854248,19.145213121457516,227040.2415549473,53759.75844505269
8636,79.88784481705038,20.11215518294962,224325.06824627746,56474.93175372253
8637,77.97119026628722,22.028809733712777,218943.10226773453,61856.89773226548
8638,80.21570817469286,19.784291825307136,225245.7085545376,55554.29144546241
8639,79.16254495898329,20.83745504101671,222288.42624482507,58511.57375517493
8640,79.78610867642477,20.213891323575226,224039.39316340076,56760.60683659924
8641,79.63206109975704,20.36793890024296,223606.82756811776,57193.17243188227
8642,78.99833704542323,21.001662954576773,221827.3304235484,58972.669576451604
8643,80.90822178778657,19.091778212213427,227190.28678010468,53609.71321989531
8644,79.4345490909121,20.5654509090879,223052.21384728118,57747.78615271883
8645,79.01119750283745,20.988802497162553,221863.44258796755,58936.557412032475
8646,80.20833428082976,19.79166571917024,225225.00266056997,55574.99733943005
8647,79.8386553525217,20.161344647478302,224186.94422988093,56613.05577011907
8648,78.28524373307279,21.71475626692721,219824.9644024684,60975.03559753159
8649,77.25907379533278,22.74092620466722,216943.47921729443,63856.52078270557
8650,79.21832204506578,20.781677954934224,222445.04830254472,58354.95169745527
8651,80.04072991412251,19.959270085877492,224754.36959885602,56045.63040114398
8652,77.955132601364,22.044867398636,218898.01234463011,61901.987655369885
8653,80.38539726753243,19.614602732467574,225722.19552723103,55077.80447276897
8654,77.0134883764051,22.986511623594893,216253.87536094553,64546.12463905448
8655,79.85550139202012,20.144498607979884,224234.24790879252,56565.7520912075
8656,80.37593871502976,19.62406128497024,225695.63591180358,55104.36408819642
8657,78.84773216736217,21.152267832637833,221404.43192595296,59395.568074047034
8658,79.94877492646428,20.05122507353572,224496.1599935117,56303.84000648827
8659,79.50258779588513,20.497412204114866,223243.26653084546,57556.73346915454
8660,80.06279819557605,19.93720180442395,224816.33733317757,55983.66266682241
8661,80.18429814394716,19.81570185605284,225157.50918820364,55642.49081179636
8662,80.62663273483747,19.37336726516253,226399.5847194236,54400.415280576366
8663,79.0346468402168,20.965353159783206,221929.28832732874,58870.711672671256
8664,80.51931922877888,19.480680771221117,226098.24839441112,54701.75160558889
8665,79.59269036786904,20.40730963213096,223496.27455297625,57303.725447023775
8666,80.10236980341638,19.89763019658362,224927.45440799318,55872.545592006834
8667,79.9844967096177,20.0155032903823,224596.4667606065,56203.533239393495
8668,80.21435939898238,19.78564060101762,225241.92119234253,55558.07880765745
8669,78.47745410271553,21.522545897284473,220364.6911204252,60435.30887957479
8670,80.39845969918422,19.601540300815785,225758.87483530928,55041.12516469072
8671,78.92267359446096,21.07732640553904,221614.86745324638,59185.13254675362
8672,81.25594530905009,18.74405469094991,228166.69442781268,52633.305572187324
8673,79.81190652937413,20.188093470625873,224111.83353448258,56688.16646551743
8674,78.54339016625637,21.456609833743627,220549.83958684787,60250.16041315213
8675,79.17048279642016,20.82951720357984,222310.71569234782,58489.28430765221
8676,79.48368842510742,20.516311574892583,223190.1970977016,57609.802902298405
8677,79.33014656558808,20.66985343441192,222759.05155617133,58040.94844382868
8678,80.38274438906538,19.61725561093462,225714.74624449556,55085.25375550445
8679,80.7999209408516,19.200079059148393,226886.17800191132,53913.82199808868
8680,79.156524177686,20.843475822314005,222271.51989094226,58528.48010905775
8681,80.95029138360965,19.049708616390348,227308.4182051759,53491.58179482408
8682,82.15241738631207,17.847582613687933,230683.9880207643,50116.011979235715
8683,78.51645947125333,21.483540528746673,220474.21819527936,60325.78180472064
8684,79.43576852548011,20.564231474519886,223055.63801954815,57744.36198045187
8685,80.48147701121438,19.51852298878562,225991.98744748996,54808.01255251005
8686,80.8131010865296,19.1868989134704,226923.1878509751,53876.81214902488
8687,79.43056710817656,20.56943289182344,223041.0324397598,57758.96756024021
8688,79.14309934572857,20.856900654271428,222233.82296280583,58566.17703719417
8689,78.2648211380644,21.735178861935594,219767.61775568483,61032.38224431516
8690,80.92337559406579,19.07662440593421,227232.83866813674,53567.16133186328
8691,78.59442504969508,21.405574950304924,220693.1455395438,60106.85446045621
8692,80.23694324117494,19.76305675882506,225305.33662121923,55494.663378780766
8693,79.9937269113127,20.006273088687294,224622.38516696607,56177.614833033906
8694,78.00463343461725,21.995366565382753,219037.01068440522,61762.9893155948
8695,79.73624948376288,20.263750516237124,223899.38855040615,56900.61144959388
8696,80.45782256063733,19.542177439362675,225925.56575026963,54874.43424973039
8697,79.72745183077737,20.27254816922263,223874.68474082288,56925.315259177114
8698,78.01304984156576,21.98695015843424,219060.64395511665,61739.356044883345
8699,80.50908380011386,19.490916199886144,226069.50731071972,54730.492689280276
8700,79.37381339139122,20.626186608608776,222881.66800302657,57918.331996973415
8701,81.30313918733613,18.69686081266387,228299.21483803983,52500.785161960164
8702,80.42923447105876,19.570765528941237,225845.29039473302,54954.709605266966
8703,79.61312704939665,20.386872950603347,223553.66075470578,57246.339245294235
8704,80.99027495876527,19.00972504123473,227420.6920842129,53379.30791578708
8705,80.4346553936156,19.5653446063844,225860.5123452726,54939.48765472739
8706,78.51544878839549,21.48455121160451,220471.38019781455,60328.619802185436
8707,80.13959896123836,19.860401038761637,225031.9938831573,55768.00611684271
8708,78.98022318283688,21.01977681716312,221776.46669740597,59023.533302594034
8709,78.22520880089753,21.774791199102467,219656.38631292028,61143.61368707972
8710,81.16071919906072,18.839280800939278,227899.29951096248,52900.70048903754
8711,78.35994395034123,21.640056049658767,220034.7226125582,60765.27738744182
8712,79.86346929461597,20.136530705384033,224256.62177928165,56543.37822071837
8713,81.20250495920813,18.797495040791873,228016.6339254564,52783.36607454361
8714,80.55290687855016,19.44709312144984,226192.56251496883,54607.43748503117
8715,80.02290040307149,19.97709959692851,224704.30433182474,56095.69566817526
8716,79.70847118478643,20.291528815213567,223821.3870868803,56978.6129131197
8717,79.58950055261053,20.41049944738947,223487.31755173038,57312.68244826963
8718,78.9943447300077,21.005655269992303,221816.1200018616,58983.879998138415
8719,80.79631774229826,19.203682257701743,226876.0602203735,53923.9397796265
8720,80.22184398938073,19.77815601061927,225262.9379221811,55537.062077818926
8721,79.21614352643921,20.78385647356079,222438.9310222413,58361.06897775867
8722,79.04398725210933,20.956012747890668,221955.51620392298,58844.48379607703
8723,77.27318263981307,22.726817360186928,216983.0968525951,63816.90314740491
8724,80.24692540760941,19.75307459239059,225333.36654456722,55466.63345543278
8725,79.7833754474371,20.216624552562905,224031.71825640334,56768.28174359666
8726,79.14182757083731,20.858172429162693,222230.25181891117,58569.74818108886
8727,79.89252911685826,20.107470883141744,224338.221760138,56461.778239862004
8728,77.47620730093516,22.523792699064842,217553.19010102592,63246.80989897409
8729,80.24286184543426,19.757138154565737,225321.9560619794,55478.04393802059
8730,80.00701000243568,19.992989997564322,224659.68408683938,56140.31591316062
8731,81.22769764427427,18.772302355725728,228087.37498512215,52712.625014877856
8732,77.1584069531511,22.8415930468489,216660.8067244483,64139.19327555169
8733,79.22007857389744,20.77992142610256,222449.980635504,58350.019364495995
8734,79.94505871323645,20.05494128676355,224485.72486676794,56314.275133232055
8735,80.4909220895754,19.509077910424594,226018.5092275277,54781.490772472316
8736,77.46430257715556,22.535697422844436,217519.7616366528,63280.238363347205
8737,79.8242416347091,20.175758365290903,224146.47051026317,56653.52948973683
8738,79.54542094169517,20.45457905830483,223363.54200428003,57436.45799571996
8739,79.6035625725761,20.396437427423905,223526.80370379367,57273.19629620631
8740,77.8839305762864,22.116069423713597,218698.07705821225,62101.92294178774
8741,78.76218037275703,21.23781962724297,221164.20248670175,59635.79751329827
8742,80.77917372010363,19.22082627989637,226827.91980605098,53972.08019394905
8743,79.2515540990457,20.748445900954295,222538.36391012033,58261.63608987964
8744,79.83271027786158,20.16728972213842,224170.2504602353,56629.74953976472
8745,79.35605467349937,20.643945326500628,222831.8015231862,57968.19847681379
8746,78.52448263091286,21.475517369087143,220496.74722760328,60303.25277239671
8747,79.51379617986055,20.48620382013945,223274.73967304843,57525.26032695154
8748,79.59014451915336,20.409855480846645,223489.1258097826,57310.87419021741
8749,80.84659497691985,19.153405023080154,227017.23869519093,53782.761304809064
8750,80.20929418761469,19.790705812385312,225227.69807882205,55572.30192117795
8751,79.18039039503483,20.819609604965166,222338.53622925782,58461.46377074219
8752,80.60231942470408,19.397680575295922,226331.31294456907,54468.687055430906
8753,79.53904362920545,20.46095637079455,223345.63451080892,57454.365489191056
8754,79.58513415963925,20.414865840360747,223475.05672026705,57324.94327973295
8755,81.00863899001982,18.99136100998018,227472.25828397565,53327.74171602434
8756,80.0328187560753,19.9671812439247,224732.15506705947,56067.84493294053
8757,78.82650182483597,21.173498175164028,221344.8171241394,59455.182875860584
8758,79.13592666683567,20.864073333164328,222213.68208047457,58586.31791952541
8759,80.5102524260956,19.489747573904395,226072.78881247647,54727.21118752353
8760,79.09559899752966,20.904401002470337,222100.44198506328,58699.558014936716
8761,80.14012118428423,19.859878815715774,225033.46028547012,55766.53971452986
8762,79.31392996156293,20.686070038437066,222713.51533206872,58086.48466793126
8763,80.2786535653302,19.721346434669798,225422.45921144722,55377.54078855279
8764,78.6399636869913,21.360036313008706,220821.01803307154,59978.98196692848
8765,79.22566568335773,20.774334316642268,222465.66923886852,58334.33076113146
8766,81.20112337272305,18.798876627276954,228012.75443060632,52787.24556939369
8767,79.43802299749926,20.56197700250074,223061.9685769779,57738.0314230221
8768,80.29092373093945,19.709076269060546,225456.913836478,55343.086163522006
8769,78.8236756249795,21.1763243750205,221336.88115494244,59463.11884505757
8770,79.72643321060656,20.273566789393442,223871.8244553832,56928.175544616795
8771,79.76493885240669,20.235061147593314,223979.94829755797,56820.05170244202
8772,80.46266066050029,19.53733933949971,225939.15113468483,54860.84886531517
8773,77.71061265766521,22.28938734233479,218211.4003427239,62588.599657276085
8774,79.94168681051053,20.058313189489468,224476.2565639136,56323.743436086384
8775,78.28566985360641,21.714330146393593,219826.1609489268,60973.83905107323
8776,79.7854823095781,20.2145176904219,224037.63432529528,56762.36567470469
8777,81.23588980730729,18.764110192692712,228110.37857891884,52689.621421081145
8778,78.74310182927499,21.25689817072501,221110.6299366042,59689.37006339579
8779,79.73177471248796,20.26822528751204,223886.82339266618,56913.17660733382
8780,78.87027484999685,21.129725150003154,221467.73177879115,59332.26822120885
8781,81.48181895034682,18.51818104965318,228800.94761257386,51999.052387426134
8782,80.69384582805095,19.306154171949046,226588.31908516708,54211.680914832934
8783,80.17374067094971,19.826259329050288,225127.8638040268,55672.136195973224
8784,78.33924323601687,21.66075676398313,219976.59500673536,60823.40499326464
8785,78.36343748264902,21.63656251735098,220044.5324512784,60755.46754872156
8786,79.21416505254949,20.78583494745051,222433.37546755897,58366.62453244104
8787,79.68084239097396,20.319157609026036,223743.80543385487,57056.19456614515
8788,78.51322906289855,21.486770937101454,220465.14720861914,60334.85279138085
8789,78.54803672767368,21.451963272326324,220562.88713130768,60237.11286869233
8790,80.04227020688162,19.957729793118375,224758.69474092362,56041.30525907638
8791,79.61440594502747,20.38559405497253,223557.25189363712,57242.748106362866
8792,80.42554341814132,19.574456581858684,225834.9259181408,54965.07408185922
8793,81.12212731017145,18.87787268982855,227790.9334869614,53009.066513038575
8794,79.25223944228368,20.74776055771632,222540.28835393256,58259.711646067444
8795,79.77091239623041,20.229087603769585,223996.72200861503,56803.277991384966
8796,80.6695557583801,19.3304442416199,226520.1125695313,54279.887430468676
8797,79.0610908648247,20.938909135175294,222003.5431484278,58796.45685157219
8798,79.0681197431707,20.931880256829302,222023.28023882332,58776.71976117669
8799,79.34208597894244,20.657914021057564,222792.57742887037,58007.42257112962
8800,79.8190713863952,20.180928613604806,224131.9524529977,56668.047547002294
8801,79.26453665231465,20.735463347685354,222574.81891969952,58225.18108030048
8802,80.18907542006782,19.810924579932177,225170.92377955045,55629.07622044958
8803,80.34335588782692,19.656644112173083,225604.14333301797,55195.856666982014
8804,80.2958335475756,19.704166452424403,225470.70060159225,55329.29939840774
8805,80.571818127533,19.428181872466993,226245.6653021127,54554.33469788731
8806,80.68629009570807,19.313709904291926,226567.10258874827,54232.89741125172
8807,80.06366946215337,19.93633053784663,224818.78384972666,55981.21615027333
8808,78.97063507631147,21.029364923688533,221749.5432942826,59050.4567057174
8809,80.08013102504566,19.91986897495434,224865.00791832822,55934.99208167179
8810,79.78849853792369,20.211501462076313,224046.1038944897,56753.896105510314
8811,80.36446472166033,19.635535278339674,225663.4169384222,55136.583061577796
8812,78.35042996672213,21.649570033277868,220008.00734655577,60791.99265344426
8813,80.11145588257646,19.888544117423535,224952.9681182747,55847.0318817253
8814,80.38890524627125,19.61109475372875,225732.04593152966,55067.954068470324
8815,79.49303260507287,20.50696739492713,223216.43555504462,57583.56444495541
8816,79.41160902809877,20.588390971901234,222987.79815090133,57812.20184909866
8817,79.99890910631832,20.001090893681678,224636.93677054183,56163.063229458196
8818,79.79993975690314,20.200060243096857,224078.23083738404,56721.76916261596
8819,79.97833975755381,20.02166024244619,224579.17803921108,56220.82196078891
8820,80.48299993217883,19.517000067821172,225996.26380955812,54803.73619044187
8821,80.05366223223938,19.946337767760625,224790.68354812817,56009.31645187184
8822,80.73316550532064,19.266834494679358,226698.72873894035,54101.271261059665
8823,80.08342937055231,19.91657062944769,224874.26967251088,55925.730327489124
8824,79.92047016890751,20.079529831092486,224416.6802342923,56383.31976570771
8825,79.59087309007211,20.409126909927892,223491.1716369225,57308.828363077526
8826,80.81929913718376,19.180700862816238,226940.591977212,53859.40802278798
8827,79.52168725935151,20.47831274064849,223296.89782425907,57503.10217574093
8828,79.06781866011214,20.932181339887862,222022.4347975949,58777.56520240508
8829,81.60589363958529,18.39410636041471,229149.3493399555,51650.65066004453
8830,79.62567784393099,20.374322156069013,223588.9033857582,57211.09661424182
8831,79.67583461740617,20.324165382593833,223729.7436056765,57070.256394323515
8832,78.96097393737507,21.039026062624927,221722.4148161492,59077.58518385081
8833,80.81715303499472,19.182846965005282,226934.56572226516,53865.43427773485
8834,79.98483229620854,20.015167703791462,224597.4090877536,56202.59091224642
8835,79.79799406026555,20.20200593973445,224072.76732122566,56727.23267877434
8836,79.88101611783942,20.118983882160578,224305.8932588931,56494.106741106894
8837,80.70536610440367,19.294633895596334,226620.6680211655,54179.331978834496
8838,80.73634458928134,19.263655410718656,226707.65560670203,54092.34439329798
8839,80.13510732353204,19.86489267646796,225019.38136447797,55780.61863552203
8840,79.86891714308909,20.131082856910908,224271.91933779416,56528.08066220587
8841,80.23525142417758,19.764748575822424,225300.58599909063,55499.41400090936
8842,79.26488473146486,20.73511526853514,222575.79632595333,58224.20367404668
8843,78.4075463947302,21.592453605269796,220168.3902764024,60631.60972359758
8844,80.8030200483881,19.196979951611894,226894.8802958738,53905.11970412621
8845,80.63590190565569,19.364098094344314,226425.61255108117,54374.387448918824
8846,80.17477398376175,19.825226016238247,225130.765346403,55669.234653596985
8847,79.59018868433775,20.409811315662253,223489.24982562038,57310.7501743796
8848,80.47022195916519,19.529778040834813,225960.38326133584,54839.616738664176
8849,79.7082282113454,20.2917717886546,223820.70481745788,56979.29518254212
8850,79.95793901480191,20.04206098519809,224521.89275356373,56278.10724643627
8851,79.50163632494993,20.498363675050072,223240.5948004594,57559.405199540604
8852,78.23219530555711,21.767804694442887,219676.00441800436,61123.99558199562
8853,81.76732505774059,18.232674942259408,229602.6487621356,51197.35123786441
8854,78.89134286738182,21.108657132618177,221526.89077160816,59273.10922839181
8855,79.04791739827333,20.952082601726673,221966.5520543515,58833.447945648484
8856,79.62418346043391,20.375816539566088,223584.7071568984,57215.29284310159
8857,80.46306051806535,19.536939481934652,225940.27393472748,54859.72606527252
8858,80.15792995989575,19.842070040104247,225083.46732738728,55716.532672612724
8859,79.34916043021305,20.650839569786953,222812.44248803824,57987.557511961764
8860,79.27552636083955,20.72447363916045,222605.67802123746,58194.32197876253
8861,79.0295576077009,20.970442392299105,221914.99776242411,58885.00223757587
8862,80.26075667418635,19.739243325813646,225372.20474111527,55427.79525888475
8863,79.57097435303321,20.429025646966792,223435.29598331725,57364.704016682765
8864,81.00542431351595,18.994575686484055,227463.23147235278,53336.76852764722
8865,79.68320360589064,20.31679639410936,223750.4357253409,57049.56427465908
8866,79.16868920661855,20.831310793381448,222305.67929218488,58494.32070781512
8867,79.21459180713714,20.78540819286286,222434.5737944411,58365.426205558906
8868,80.62641124044706,19.373588759552945,226398.9627631753,54401.0372368247
8869,80.19330100214705,19.806698997852948,225182.78921402892,55617.21078597108
8870,80.48877329754036,19.511226702459638,226012.47541949333,54787.52458050666
8871,77.80939718484831,22.190602815151692,218488.78729505403,62311.212704945945
8872,79.71157405115208,20.288425948847916,223830.09993563508,56969.90006436491
8873,79.37708104535447,20.622918954645527,222890.84357535536,57909.156424644665
8874,79.82204485405825,20.177955145941752,224140.30195019557,56659.69804980443
8875,77.11515091532358,22.884849084676418,216539.34377022862,64260.65622977139
8876,78.45134004648652,21.54865995351348,220291.36285053415,60508.63714946584
8877,79.71813746702416,20.281862532975836,223848.53000740384,56951.469992596154
8878,81.35067751912527,18.64932248087473,228432.70247370377,52367.29752629623
8879,80.66711458182074,19.33288541817926,226513.25774575263,54286.742254247365
8880,80.73526664064713,19.264733359352874,226704.6287269371,54095.37127306292
8881,79.98588112428983,20.014118875710167,224600.35419700586,56199.64580299416
8882,79.62444065738124,20.375559342618757,223585.42936592654,57214.57063407346
8883,79.4190515670982,20.580948432901806,223008.69680041174,57791.30319958826
8884,79.30657434966375,20.693425650336252,222692.86077385582,58107.1392261442
8885,79.71883681730063,20.281163182699373,223850.49378298013,56949.506217019865
8886,79.83738439897238,20.162615601027625,224183.37539231442,56616.62460768559
8887,79.40039552436488,20.599604475635118,222956.31063241657,57843.689367583414
8888,79.65613966146448,20.34386033853552,223674.44016939224,57125.55983060777
8889,80.75333140023974,19.246668599760255,226755.3545718732,54044.645428126794
8890,80.05745429797669,19.94254570202331,224801.33166871854,55998.66833128145
8891,81.03703223417801,18.962967765821986,227551.98651357184,53248.01348642816
8892,79.92339769459758,20.076602305402417,224424.90072643003,56375.099273569984
8893,80.02374833158818,19.97625166841182,224706.6853150996,56093.31468490038
8894,80.27178960498611,19.72821039501389,225403.185210801,55396.81478919901
8895,78.61925280383035,21.38074719616965,220762.86187315563,60037.13812684438
8896,78.15420765917983,21.845792340820168,219457.01510697696,61342.98489302304
8897,80.77099612983501,19.229003870164988,226804.95713257673,53995.04286742328
8898,80.39751402929838,19.602485970701622,225756.21939426984,55043.780605730164
8899,79.63598928507209,20.364010714927915,223617.8579124824,57182.14208751761
8900,81.24993837470502,18.750061625294975,228149.8269561717,52650.173043828305
8901,79.10371204665189,20.896287953348107,222123.2234269985,58676.77657300148
8902,80.18084966072568,19.819150339274316,225147.82584731773,55652.174152682295
8903,80.62126138580531,19.37873861419469,226384.50197134132,54415.49802865868
8904,78.26888843093037,21.731111569069625,219779.0387140525,61020.961285947524
8905,79.46140946999371,20.53859053000629,223127.6377917423,57672.36220825769
8906,80.26626595144954,19.73373404855046,225387.67479167032,55412.32520832968
8907,78.91481502512664,21.085184974873357,221592.8005905556,59207.1994094444
8908,79.94433380516682,20.05566619483318,224483.68932490842,56316.310675091576
8909,80.66407243859051,19.33592756140949,226504.71540756215,54295.284592437834
8910,79.50005482889082,20.499945171109175,223236.15395952546,57563.84604047456
8911,80.89448042468759,19.105519575312414,227151.70103252275,53648.29896747724
8912,80.5542153739435,19.445784626056493,226196.23677003337,54603.76322996661
8913,81.20960957704777,18.79039042295223,228036.58369235013,52763.41630764984
8914,79.51307620348857,20.486923796511434,223272.71797939588,57527.28202060412
8915,79.55669075109442,20.443309248905578,223395.18762907316,57404.812370926855
8916,78.91322465779112,21.08677534220888,221588.3348390775,59211.66516092251
8917,79.59245213600681,20.407547863993187,223495.60559790715,57304.39440209285
8918,77.84083180483942,22.159168195160575,218577.05570798912,62222.94429201087
8919,79.74841710688065,20.25158289311935,223933.55523612088,56866.444763879095
8920,80.83447445501861,19.165525544981392,226983.20426969224,53816.795730307764
8921,80.34889181386437,19.65110818613563,225619.68821333116,55180.311786668826
8922,80.1022594277389,19.8977405722611,224927.14447309083,55872.85552690918
8923,80.84573217956107,19.154267820438932,227014.8159602075,53785.1840397925
8924,78.3778768109778,21.622123189022204,220085.07808522566,60714.921914774335
8925,79.46921305920479,20.53078694079521,223149.55027024704,57650.44972975296
8926,77.50348189510545,22.496518104894548,217629.77716145612,63170.22283854387
8927,78.4403608738085,21.5596391261915,220260.53333365428,60539.46666634571
8928,80.01727763769748,19.982722362302525,224688.51560665452,56111.48439334547
8929,79.89806713413164,20.101932865868363,224353.77251264162,56446.22748735838
8930,76.97579539566718,23.024204604332823,216148.03347103344,64651.96652896658
8931,78.83902143544057,21.16097856455943,221379.97219071712,59420.027809282874
8932,80.89177182332216,19.10822817667784,227144.0952798886,53655.9047201114
8933,80.23330956547912,19.766690434520882,225295.13325986537,55504.86674013464
8934,80.7250178445004,19.2749821554996,226675.85010735714,54124.14989264285
8935,79.3295250980511,20.670474901948893,222757.3064753275,58042.69352467252
8936,79.30516325824051,20.694836741759488,222688.89842913934,58111.10157086063
8937,79.7152012831648,20.284798716835198,223840.28520312678,56959.7147968732
8938,79.59165761787294,20.40834238212706,223493.3745909872,57306.6254090128
8939,79.14698665173394,20.85301334826606,222244.73851806892,58555.26148193111
8940,78.60038710625831,21.39961289374169,220709.88699437332,60090.113005626685
8941,80.43616810657745,19.563831893422545,225864.7600432695,54935.23995673051
8942,79.15638040501837,20.843619594981632,222271.11617729158,58528.88382270842
8943,81.71607413073947,18.28392586926053,229458.73615911644,51341.26384088356
8944,80.96314176886553,19.036858231134474,227344.50208697442,53455.49791302559
8945,78.94018519235789,21.059814807642113,221664.04002014094,59135.95997985906
8946,79.81840892422889,20.18159107577111,224130.09225923472,56669.907740765266
8947,79.75028074490656,20.24971925509344,223938.78833169764,56861.21166830236
8948,78.68190003365217,21.31809996634783,220938.77529449528,59861.2247055047
8949,78.84032583988568,21.15967416011432,221383.63495839896,59416.36504160105
8950,80.44635656181006,19.553643438189937,225893.36922556267,54906.630774437304
8951,79.21317093961895,20.786829060381052,222430.58399845002,58369.416001549966
8952,77.20424773732212,22.79575226267788,216789.5276464005,64010.47235359949
8953,79.81628760267031,20.183712397329685,224124.13558829826,56675.86441170176
8954,78.9485393140908,21.051460685909205,221687.49839396693,59112.50160603307
8955,80.91766958465237,19.082330415347627,227216.81619370385,53583.18380629616
8956,79.82411778516637,20.175882214833635,224146.12274074717,56653.87725925284
8957,80.80150640197428,19.19849359802572,226890.62997674377,53909.37002325621
8958,80.9196683910902,19.080331608909802,227222.42884218128,53577.57115781872
8959,79.68394243615728,20.31605756384272,223752.51036072965,57047.48963927037
8960,79.66730256759841,20.332697432401588,223705.78560981632,57094.21439018369
8961,79.8856829202045,20.114317079795498,224318.99763993424,56481.00236006576
8962,79.78225931730309,20.217740682696913,224028.58416298707,56771.415837012915
8963,80.20135357845967,19.798646421540326,225205.40084831478,55594.59915168524
8964,80.36170535994019,19.63829464005981,225655.66865071203,55144.331349288
8965,80.95165766401904,19.048342335980962,227312.25472056546,53487.745279434515
8966,78.84018715980906,21.159812840190938,221383.24554474384,59416.75445525616
8967,78.35266406062966,21.647335939370336,220014.2806822481,60785.71931775191
8968,80.15559483842759,19.84440516157241,225076.91030630466,55723.089693695336
8969,79.56464444896422,20.435355551035784,223417.52161269152,57382.47838730849
8970,78.65913235964818,21.340867640351817,220874.8436658921,59925.156334107895
8971,78.86118895001438,21.13881104998562,221442.21857164038,59357.7814283596
8972,79.29329002277981,20.706709977220186,222655.55838396572,58144.44161603428
8973,80.44742085153003,19.552579148469974,225896.3577510963,54903.6422489037
8974,78.45794954589739,21.542050454102608,220309.9223248799,60490.07767512006
8975,79.41865587319424,20.58134412680576,223007.58569192945,57792.41430807054
8976,79.40146595638359,20.59853404361641,222959.3164055251,57840.68359447489
8977,80.90533562195375,19.094664378046247,227182.18242644615,53617.81757355385
8978,78.8366878202253,21.163312179774707,221373.41939919261,59426.58060080741
8979,81.1401749113495,18.859825088650496,227841.6111510694,52958.3888489306
8980,81.40244501340493,18.59755498659507,228578.06559764102,52221.934402358995
8981,78.95547281671573,21.044527183284274,221706.96766933776,59093.03233066226
8982,80.39126935266803,19.608730647331967,225738.68434229182,55061.31565770818
8983,81.9197027195115,18.080297280488494,230030.5252363883,50769.47476361173
8984,80.33395614346232,19.666043856537684,225577.74885084218,55222.25114915782
8985,81.73917433174817,18.260825668251826,229523.6015235489,51276.3984764511
8986,79.19592130582124,20.804078694178756,222382.14702674604,58417.85297325396
8987,80.92692758140196,19.073072418598045,227242.81264857668,53557.18735142333
8988,80.07454302397203,19.925456976027974,224849.31681131345,55950.683188686555
8989,80.66433774670314,19.33566225329686,226505.46039274242,54294.53960725759
8990,78.66527313205289,21.33472686794711,220892.08695480452,59907.91304519548
8991,77.71192336817363,22.28807663182637,218215.08081783156,62584.919182168436
8992,79.03401587218706,20.965984127812945,221927.51656910125,58872.483430898734
8993,78.8195546204936,21.180445379506395,221325.30937434605,59474.69062565393
8994,80.08536065279849,19.914639347201515,224879.69271305815,55920.30728694186
8995,77.48107457565858,22.51892542434142,217566.8574084493,63233.14259155071
8996,80.63207334786608,19.367926652133917,226414.86196080796,54385.138039192054
8997,79.30625375719798,20.69374624280202,222691.96055021192,58108.03944978806
8998,78.38582187097342,21.614178129026584,220107.38781369335,60692.61218630666
8999,79.70405708232809,20.29594291767191,223808.9922871773,56991.00771282273
9000,81.65789182989734,18.342108170102662,229295.36025835172,51504.63974164829
9001,80.70227164416204,19.29772835583796,226611.978776807,54188.02122319299
9002,79.89188493095185,20.108115069048154,224336.4128861128,56463.58711388719
9003,79.59901312862615,20.400986871373846,223514.02886518225,57285.97113481774
9004,78.71740046287451,21.282599537125492,221038.4604997516,59761.539500248415
9005,77.8341203407606,22.165879659239394,218558.2099168558,62241.7900831442
9006,78.60496843170733,21.395031568292666,220722.7513562342,60077.24864376579
9007,80.32768345593863,19.672316544061374,225560.13514427567,55239.86485572432
9008,80.90609794675395,19.093902053246055,227184.3230344851,53615.67696551491
9009,79.32606999282353,20.673930007176466,222747.6045398485,58052.3954601515
9010,79.09450406083177,20.905495939168233,222097.3674028156,58702.6325971844
9011,80.59960095659335,19.40039904340665,226323.67948611412,54476.320513885876
9012,80.83202908843121,19.167970911568787,226976.33768031484,53823.66231968517
9013,80.54700921538837,19.45299078461163,226176.00187681057,54623.99812318944
9014,79.66045870511418,20.33954129488582,223686.5680439606,57113.431956039414
9015,80.24255842167439,19.75744157832561,225321.1040480617,55478.89595193831
9016,79.99474900881276,20.00525099118724,224625.25521674624,56174.74478325377
9017,82.12913658899427,17.87086341100573,230618.61554189594,50181.38445810406
9018,78.88562837195406,21.114371628045944,221510.84446844697,59289.15553155304
9019,80.87629467704306,19.123705322956937,227100.63545313693,53699.36454686307
9020,78.92065541571516,21.07934458428484,221609.20040732817,59190.79959267183
9021,80.34691790734246,19.65308209265754,225614.14548381764,55185.85451618237
9022,79.32768566391533,20.672314336084668,222752.14134427428,58047.85865572572
9023,80.89445249513605,19.10554750486395,227151.62260634202,53648.37739365797
9024,79.39170775384784,20.60829224615216,222931.91537280474,57868.08462719525
9025,81.30707047112877,18.692929528871232,228310.2538829296,52489.746117070405
9026,79.98464238614375,20.015357613856253,224596.87582029164,56203.124179708364
9027,79.66541004054059,20.334589959459407,223700.471393838,57099.52860616202
9028,79.6373992242365,20.362600775763497,223621.8170216561,57178.1829783439
9029,80.1555617311533,19.8444382688467,225076.81734107848,55723.182658921534
9030,79.20872289726653,20.791277102733474,222418.0938955244,58381.9061044756
9031,79.91230991580565,20.08769008419435,224393.76624358224,56406.23375641777
9032,79.27507090842117,20.72492909157883,222604.39911084666,58195.60088915334
9033,78.14138440436474,21.858615595635257,219421.0074074562,61378.99259254379
9034,78.89606838791707,21.10393161208293,221540.1600332711,59259.839966728905
9035,79.07496071677565,20.92503928322435,222042.48969270603,58757.51030729399
9036,79.95304494730166,20.046955052698337,224508.1502120231,56291.84978797693
9037,79.655557045637,20.344442954363004,223672.80418414867,57127.195815851344
9038,81.21577082155721,18.784229178442786,228053.88446693268,52746.11553306732
9039,79.54685336088916,20.45314663911084,223367.56423737676,57432.43576262322
9040,79.15138176072716,20.848618239272838,222257.0799841219,58542.92001587812
9041,77.44764243967374,22.552357560326257,217472.9799706039,63327.020029396095
9042,79.69749481466674,20.30250518533326,223790.5654395842,57009.43456041579
9043,81.26229590537577,18.737704094624235,228184.52690229513,52615.47309770486
9044,78.06425779854989,21.93574220145011,219204.43589832808,61595.564101671924
9045,79.32103301113479,20.678966988865213,222733.4606952665,58066.5393047335
9046,80.07701836307879,19.922981636921207,224856.26756352524,55943.73243647475
9047,79.6390644650937,20.360935534906304,223626.4930179831,57173.50698201693
9048,80.1561374641621,19.8438625358379,225078.43399936717,55721.56600063284
9049,78.91314268150656,21.086857318493443,221588.1046496704,59211.895350329614
9050,79.47117105047657,20.52882894952343,223155.04830973822,57644.95169026175
9051,79.64669307290903,20.35330692709097,223647.91414872857,57152.085851271455
9052,79.6164405385084,20.3835594614916,223562.9650321316,57237.03496786844
9053,80.83016859632198,19.169831403678018,226971.11341847212,53828.8865815279
9054,78.91977244855481,21.08022755144519,221606.7210355419,59193.278964458084
9055,80.10882394563858,19.891176054361424,224945.5776393531,55854.42236064689
9056,78.86086252949089,21.139137470509112,221441.3019828104,59358.69801718961
9057,80.52635600010744,19.47364399989256,226118.00764830172,54681.992351698296
9058,77.94775858572673,22.05224141427327,218877.30610872066,61922.69389127932
9059,79.52881394625979,20.47118605374021,223316.9095610975,57483.09043890248
9060,78.77155867711178,21.228441322888216,221190.5367653299,59609.46323467012
9061,81.07561992673602,18.924380073263976,227660.34075427477,53139.65924572523
9062,80.5202632975756,19.479736702424404,226100.89933959226,54699.10066040775
9063,78.92050175531008,21.079498244689916,221608.7689289107,59191.23107108931
9064,78.28614130120027,21.713858698799726,219827.48477377038,60972.51522622961
9065,79.64085824741134,20.359141752588656,223631.52995873106,57168.47004126895
9066,79.04792673435504,20.952073265644955,221966.57827006897,58833.421729931026
9067,79.97082502345569,20.02917497654431,224558.07666586357,56241.923334136445
9068,79.11382819471105,20.886171805288953,222151.6295707486,58648.3704292514
9069,79.62773006093529,20.372269939064708,223594.66601110628,57205.333988893704
9070,80.35441533104884,19.64558466895116,225635.1982495851,55164.801750414874
9071,80.09985203219138,19.90014796780862,224920.3845063934,55879.6154936066
9072,79.99991032720342,20.000089672796577,224639.74819878722,56160.25180121278
9073,79.32995544651969,20.67004455348031,222758.5148938273,58041.485106172695
9074,79.74034917268978,20.259650827310224,223910.90047691288,56889.09952308713
9075,81.03198815208685,18.968011847913147,227537.8227310599,53262.1772689401
9076,80.6506006727342,19.3493993272658,226466.8866890376,54333.1133109624
9077,80.19336226579993,19.806637734200066,225182.96124236623,55617.03875763376
9078,78.32322284809354,21.676777151906464,219931.60975744665,60868.390242553345
9079,79.86376532276326,20.136234677236743,224257.4530263192,56542.546973680786
9080,79.76709688008187,20.232903119918134,223986.0080392699,56813.9919607301
9081,78.67668220308504,21.323317796914964,220924.12362626276,59875.87637373723
9082,79.08452065953936,20.915479340460635,222069.33401198656,58730.665988013425
9083,78.076762949867,21.923237050132997,219239.55036322656,61560.449636773425
9084,79.30351554004966,20.69648445995034,222684.27163645945,58115.72836354053
9085,80.52903680358499,19.470963196415013,226125.53534446665,54674.46465553335
9086,79.87939988598526,20.120600114014735,224301.35487984662,56498.64512015339
9087,79.5059993043424,20.494000695657604,223252.84604659345,57547.15395340655
9088,80.6346686470715,19.365331352928493,226422.14956097677,54377.85043902322
9089,79.50777970734487,20.492220292655134,223257.8454182244,57542.15458177557
9090,78.46185117720728,21.53814882279272,220320.87810559804,60479.12189440198
9091,79.81416564231797,20.185834357682026,224118.17712362888,56681.82287637112
9092,77.90267588240776,22.097324117592237,218750.71387780097,62049.286122199046
9093,79.72767448437588,20.272325515624118,223875.30995212746,56924.69004787256
9094,79.20095005736799,20.79904994263201,222396.26776108932,58403.732238910685
9095,80.70495386082233,19.29504613917767,226619.51044118908,54180.48955881091
9096,80.55168627328221,19.448313726717785,226189.13505537645,54610.864944623565
9097,78.73627804703902,21.263721952960978,221091.46875608558,59708.53124391442
9098,81.04263994204575,18.957360057954247,227567.73295726447,53232.267042735504
9099,78.74647546393906,21.253524536060937,221120.10310274092,59679.89689725908
9100,80.37002523504151,19.62997476495849,225679.03085999656,55120.96914000345
9101,79.56015107824214,20.439848921757857,223404.90422770393,57395.09577229607
9102,79.05142928929672,20.94857071070328,221976.4134443452,58823.58655565481
9103,79.77940227977754,20.220597720222457,224020.56160161534,56779.43839838465
9104,80.05505463905054,19.94494536094946,224794.5934264539,56005.406573546075
9105,78.47564546298742,21.524354537012584,220359.6124600687,60440.38753993131
9106,80.49401926429216,19.505980735707837,226027.2060941324,54772.79390586763
9107,79.9362911256825,20.0637088743175,224461.10548091645,56338.89451908354
9108,78.57733018464948,21.422669815350517,220645.14315849575,60154.85684150426
9109,77.70486510451808,22.295134895481922,218195.26121348675,62604.73878651323
9110,79.31545378317992,20.68454621682008,222717.79422316918,58082.20577683082
9111,78.38915053822801,21.61084946177199,220116.73471134424,60683.26528865578
9112,79.92281885930022,20.07718114069978,224423.275356915,56376.724643085
9113,79.08713603573389,20.91286396426611,222076.6779883408,58723.32201165923
9114,80.36895029018773,19.631049709812274,225676.01241484712,55123.98758515288
9115,80.65978010087764,19.34021989912236,226492.66252326441,54307.337476735585
9116,79.10841441801816,20.891585581981843,222136.42768579497,58663.57231420503
9117,79.81362533148328,20.18637466851672,224116.65993080506,56683.34006919492
9118,80.17788443545618,19.82211556454382,225139.49949476097,55660.50050523905
9119,80.48724565798736,19.51275434201264,226008.1858076285,54791.814192371494
9120,81.07981599694699,18.92018400305301,227672.12331942716,53127.87668057285
9121,79.08389073249886,20.91610926750114,222067.56517685682,58732.434823143194
9122,77.89343019414116,22.10656980585884,218724.7519851484,62075.2480148516
9123,79.72305903730417,20.276940962695832,223862.3497767501,56937.6502232499
9124,78.50847855811999,21.49152144188001,220451.80779120093,60348.19220879907
9125,78.63464489761101,21.36535510238899,220806.0828724917,59993.917127508284
9126,80.90323824426586,19.096761755734136,227176.29298989853,53623.707010101454
9127,80.59527940490733,19.40472059509267,226311.54456897976,54488.45543102024
9128,77.68407473800593,22.315925261994067,218136.88186432063,62663.11813567937
9129,80.77533707316175,19.22466292683825,226817.1465014382,53982.853498561795
9130,79.73024790169482,20.269752098305176,223882.53610795905,56917.46389204092
9131,80.05966163350318,19.940338366496817,224807.52986687695,55992.47013312306
9132,80.69968664136452,19.300313358635478,226604.72008895158,54195.27991104842
9133,81.25958599912097,18.740414000879028,228176.9174855317,52623.082514468275
9134,79.90011597348084,20.099884026519163,224359.5256535342,56440.47434646581
9135,79.69201387136174,20.307986128638262,223775.17495078378,57024.825049216204
9136,79.63209146021546,20.367908539784537,223606.912820285,57193.08717971497
9137,80.38440640823022,19.61559359176978,225719.41319431047,55080.58680568951
9138,78.85559199590267,21.14440800409733,221426.5023244947,59373.49767550528
9139,79.77199625126612,20.228003748733883,223999.76547355528,56800.234526444736
9140,79.23973671117922,20.76026328882078,222505.18068499124,58294.819315008775
9141,80.56611544465984,19.433884555340157,226229.65216860484,54570.34783139515
9142,80.8009222025962,19.199077797403802,226888.9895448901,53911.01045510991
9143,80.21747258873098,19.782527411269015,225250.6630291566,55549.33697084341
9144,78.80918936625726,21.190810633742743,221296.20374045038,59503.796259549636
9145,79.72503193717,20.27496806283,223867.88967957336,56932.11032042664
9146,79.70235079458482,20.297649205415183,223804.20103119418,56995.79896880579
9147,78.76765911502952,21.232340884970483,221179.5867950029,59620.4132049971
9148,80.28393534754187,19.71606465245813,225437.29045589757,55362.70954410244
9149,79.51766813815614,20.48233186184386,223285.61213194244,57514.38786805756
9150,79.65664417014362,20.343355829856378,223675.85682976327,57124.1431702367
9151,78.39329688979925,21.606703110200755,220128.37766655628,60671.62233344375
9152,79.84763664474853,20.152363355251467,224212.16369845386,56587.836301546165
9153,78.75527174103651,21.24472825896349,221144.80304883054,59655.19695116945
9154,78.7230323269275,21.276967673072505,221054.2747740124,59745.72522598761
9155,79.49120737357222,20.508792626427777,223211.3103049908,57588.6896950092
9156,82.40911817043708,17.590881829562917,231404.80382258733,49395.19617741267
9157,80.342579276697,19.657420723303005,225601.96260896517,55198.03739103484
9158,79.76561237194156,20.234387628058442,223981.83954041186,56818.160459588136
9159,79.91367189592914,20.08632810407086,224397.59068376903,56402.40931623096
9160,80.2297470781703,19.770252921829695,225285.12979550223,55514.87020449777
9161,79.73396502625376,20.266034973746244,223892.97379372054,56907.02620627946
9162,80.65184408541575,19.348155914584254,226470.3781918474,54329.62180815257
9163,81.32127281128699,18.67872718871301,228350.13405409385,52449.86594590615
9164,79.79731167362868,20.202688326371316,224070.85117954933,56729.14882045066
9165,81.07676104976468,18.923238950235316,227663.54502773925,53136.45497226074
9166,82.84060458386338,17.15939541613662,232616.41767148837,48183.582328511635
9167,80.2746658209456,19.7253341790544,225411.26162521524,55388.73837478477
9168,78.97075258613768,21.029247413862322,221749.87326187457,59050.12673812543
9169,79.57281986694707,20.42718013305293,223440.4781863874,57359.52181361261
9170,79.03107634252915,20.968923657470853,221919.26236982187,58880.73763017812
9171,79.1769459064113,20.823054093588695,222328.86410520296,58471.13589479706
9172,79.22736840647305,20.772631593526953,222470.4504853763,58329.54951462372
9173,79.80787263266433,20.192127367335672,224100.50635252142,56699.493647478586
9174,80.87454514520115,19.125454854798846,227095.72276772483,53704.27723227516
9175,80.77765763672004,19.222342363279964,226823.66264390986,53976.33735609013
9176,79.52001209080353,20.479987909196467,223292.19395097633,57507.80604902367
9177,78.42882724927051,21.571172750729488,220228.14691595157,60571.85308404846
9178,79.66859242485938,20.331407575140616,223709.40752900517,57090.59247099483
9179,78.99837215064359,21.00162784935641,221827.4289990072,58972.57100099281
9180,81.12440563958354,18.875594360416457,227797.33103595057,53002.6689640494
9181,80.06198329032485,19.938016709675153,224814.04907923215,55985.950920767864
9182,81.42669863560302,18.573301364396983,228646.16976877328,52153.830231226704
9183,82.63782744874077,17.362172551259235,232047.01947606407,48752.98052393594
9184,80.4313171412353,19.568682858764703,225851.1385325887,54948.861467411276
9185,79.85774579533886,20.142254204661143,224240.55019331153,56559.449806688484
9186,80.6532168959668,19.346783104033193,226474.2330438748,54325.766956125204
9187,78.62108279303234,21.378917206967657,220768.00048283482,60031.99951716519
9188,79.1995853000199,20.800414699980095,222392.4355224559,58407.564477544096
9189,80.07244651213891,19.92755348786109,224843.42980608606,55956.57019391394
9190,79.98045402783029,20.01954597216971,224585.11491014747,56214.885089852534
9191,81.00416967697475,18.995830323025245,227459.7084529451,53340.29154705488
9192,78.00910251315884,21.990897486841163,219049.55985695,61750.44014304998
9193,79.84622561750814,20.15377438249186,224208.20153396286,56591.79846603713
9194,79.55927837974822,20.44072162025178,223402.453690333,57397.546309667
9195,80.45534498275956,19.544655017240444,225918.60871158884,54881.391288411156
9196,80.09558559427592,19.904414405724083,224908.4043487268,55891.59565127319
9197,80.49750769396695,19.502492306033048,226037.0016046592,54762.99839534082
9198,78.37475360545217,21.62524639454783,220076.3081241097,60723.691875890305
9199,80.19332776530258,19.806672234697416,225182.86436496963,55617.13563503037
9200,79.47686288260076,20.523137117399244,223171.03097434295,57628.96902565704
9201,79.02891700863688,20.97108299136312,221913.19896025237,58886.80103974761
9202,79.52325755386627,20.476742446133727,223301.3072112565,57498.69278874349
9203,78.60947797027819,21.390522029721808,220735.41414054116,60064.58585945884
9204,79.03973444991763,20.96026555008237,221943.5743353687,58856.425664631286
9205,79.53393164481616,20.466068355183836,223331.2800586438,57468.71994135619
9206,81.34954580231616,18.650454197683842,228429.52461290377,52370.47538709623
9207,78.61586989985354,21.384130100146464,220753.36267878872,60046.63732121131
9208,80.37543092905271,19.624569070947288,225694.21004878002,55105.789951219966
9209,79.42009814896582,20.57990185103418,223011.63560229604,57788.36439770394
9210,79.95743518203959,20.04256481796041,224520.47799116716,56279.52200883284
9211,78.35883638383079,21.64116361616921,220031.61256579685,60768.38743420315
9212,80.94900907322406,19.05099092677594,227304.81747761316,53495.182522386836
9213,79.30379058238277,20.696209417617226,222685.04395533082,58114.95604466918
9214,78.5696066424477,21.430393357552305,220623.45545199313,60176.54454800689
9215,79.58240946315969,20.417590536840308,223467.4057725524,57332.5942274476
9216,79.42356921761285,20.57643078238715,223021.3823630569,57778.617636943076
9217,81.24249514611263,18.75750485388737,228128.9263702843,52671.07362971573
9218,80.37231750923698,19.62768249076302,225685.46756593743,55114.53243406255
9219,79.90095061845066,20.099049381549335,224361.86933660947,56438.13066339053
9220,80.21725497486848,19.78274502513152,225250.0519694307,55549.948030569285
9221,79.26874756833047,20.73125243166953,222586.64317187195,58213.356828128046
9222,79.99244567994083,20.00755432005917,224618.78746927384,56181.21253072614
9223,78.68281214782775,21.317187852172253,220941.3365111003,59858.66348889969
9224,79.60540377155148,20.39459622844852,223531.97379051658,57268.02620948342
9225,80.11032473761107,19.889675262388934,224949.7918632119,55850.20813678812
9226,79.70420826935096,20.295791730649043,223809.4168203375,56990.583179662484
9227,79.51000865200632,20.48999134799368,223264.10429483373,57535.895705166266
9228,79.95860610498062,20.041393895019382,224523.7659427856,56276.23405721441
9229,80.28612922969948,19.713870770300517,225443.45087699615,55356.549123003846
9230,79.43916266095322,20.560837339046785,223065.16875195663,57734.83124804337
9231,81.2586781965366,18.741321803463407,228174.36837587476,52625.631624125235
9232,80.07204081657278,19.92795918342722,224842.29061293634,55957.70938706366
9233,80.04276945257048,19.957230547429518,224760.09662281792,56039.90337718208
9234,80.13574516911429,19.864254830885713,225021.17243487292,55778.827565127096
9235,80.39461663403348,19.605383365966517,225748.08350836602,55051.91649163396
9236,80.98979729928779,19.010202700712213,227419.35081640008,53380.64918359992
9237,80.45551973274074,19.54448026725926,225919.099409536,54880.90059046402
9238,81.35262940129364,18.64737059870636,228438.18335883255,52361.81664116745
9239,81.45151324886172,18.548486751138284,228715.8492028037,52084.15079719628
9240,79.78329434355913,20.216705656440865,224031.49051671405,56768.50948328596
9241,77.67075963381487,22.329240366185132,218099.49305175216,62700.50694824787
9242,79.54401955887968,20.455980441120317,223359.60692133417,57440.393078665846
9243,80.41591987752767,19.58408012247233,225807.90301609767,54992.0969839023
9244,80.64262877883056,19.357371221169444,226444.50161095618,54355.498389043794
9245,80.84224309171364,19.15775690828636,227005.0186015319,53794.98139846813
9246,81.27820453028775,18.721795469712248,228229.198321048,52570.801678951975
9247,78.21872436467241,21.78127563532759,219638.17801600014,61161.821983999835
9248,80.1352829576885,19.864717042311497,225019.87454518932,55780.125454810666
9249,80.59704520998284,19.402954790017162,226316.50294963183,54483.497050368176
9250,78.54810300825659,21.45189699174341,220563.07324718448,60236.9267528155
9251,81.549630478143,18.450369521857,228991.36238262555,51808.63761737445
9252,80.04839077346628,19.95160922653372,224775.8812918933,56024.11870810669
9253,79.14378685933195,20.856213140668046,222235.75350100413,58564.24649899588
9254,77.88350448067145,22.116495519328552,218696.88058172542,62103.119418274575
9255,79.69916744210774,20.300832557892264,223795.2621774385,57004.73782256149
9256,80.89463909271869,19.10536090728131,227152.14657235408,53647.85342764594
9257,80.73299959246172,19.267000407538276,226698.26285563255,54101.73714436745
9258,80.57938358862987,19.420616411370133,226266.90911687264,54533.09088312736
9259,79.85842977038703,20.141570229612967,224242.4707952468,56557.529204753184
9260,78.89979667060197,21.100203329398028,221550.62905105035,59249.37094894967
9261,79.98557480225433,20.014425197745666,224599.49404473018,56200.505955269815
9262,79.15069972230604,20.849300277693956,222255.1648202354,58544.83517976462
9263,80.63097049207522,19.36902950792478,226411.76514174722,54388.23485825279
9264,79.66516740412708,20.334832595872925,223699.79007078885,57100.20992921118
9265,79.15784620564081,20.84215379435919,222275.23214543937,58524.76785456062
9266,80.07560525609652,19.924394743903477,224852.29955911904,55947.70044088096
9267,80.6148694796383,19.3851305203617,226366.55349882433,54433.44650117567
9268,79.06982509946675,20.930174900533245,222028.06887930268,58771.931120697336
9269,78.14450875482225,21.855491245177745,219429.7805835409,61370.219416459084
9270,80.6770391174739,19.322960882526104,226541.12584186668,54258.87415813331
9271,78.62415642814788,21.375843571852116,220776.63125023927,60023.36874976072
9272,80.31202247119779,19.687977528802207,225516.15909912338,55283.84090087661
9273,80.43014915740787,19.569850842592132,225847.8588340013,54952.14116599869
9274,78.88739693379767,21.112603066202325,221515.81059010385,59284.18940989615
9275,81.32343095146065,18.67656904853935,228356.1941117015,52443.80588829849
9276,78.90106672760491,21.098933272395087,221554.1953711146,59245.80462888541
9277,80.52028320717423,19.47971679282577,226100.95524574525,54699.04475425475
9278,80.08399478448031,19.91600521551969,224875.8573548207,55924.14264517928
9279,80.16772257195134,19.832277428048656,225110.96498203935,55689.03501796066
9280,79.37432531318233,20.625674686817675,222883.10547941597,57916.89452058403
9281,79.51826861596842,20.481731384031576,223287.29827363935,57512.701726360654
9282,79.19510168683627,20.804898313163733,222379.84553663625,58420.15446336374
9283,80.07465977954008,19.925340220459915,224849.64466094854,55950.35533905146
9284,80.83593303583405,19.164066964165954,226987.29996462198,53812.70003537802
9285,78.84194142529593,21.15805857470407,221388.17152223096,59411.82847776902
9286,79.32502873851183,20.674971261488167,222744.68069774122,58055.319302258795
9287,79.58094029578685,20.419059704213154,223463.28035056943,57336.71964943055
9288,77.5869287101357,22.413071289864305,217864.09581806103,62935.90418193898
9289,80.31194236358806,19.68805763641194,225515.93415695528,55284.06584304471
9290,79.96090929628332,20.03909070371668,224530.23330396356,56269.766696036466
9291,77.95731962094227,22.042680379057728,218904.1534956059,61895.84650439411
9292,79.57606171942182,20.423938280578184,223449.58130813646,57350.41869186354
9293,79.89198918022944,20.108010819770556,224336.7056180843,56463.29438191573
9294,79.28415386417392,20.715846135826084,222629.90405060034,58170.09594939965
9295,78.92264537906006,21.077354620939943,221614.78822440066,59185.21177559935
9296,78.7028129367263,21.297187063273697,220997.49872632747,59802.50127367253
9297,80.48857486891879,19.51142513108121,226011.91823192395,54788.081768076045
9298,80.24484882008224,19.75515117991776,225327.53548679093,55472.46451320904
9299,80.18916186337917,19.81083813662083,225171.1665123687,55628.83348763131
9300,78.92834641818763,21.07165358181237,221630.79674227085,59169.20325772916
9301,79.78265506186675,20.21734493813325,224029.69541372184,56770.304586278144
9302,80.52771585384878,19.472284146151225,226121.82611760736,54678.17388239263
9303,79.18657236586344,20.81342763413656,222355.89520334452,58444.104796655505
9304,79.22838578792604,20.771614212073956,222473.30729249635,58326.69270750365
9305,80.17895025057355,19.82104974942645,225142.49230361055,55657.50769638944
9306,79.44716011890083,20.552839881099175,223087.62561387353,57712.37438612647
9307,79.02925745181172,20.970742548188284,221914.15492468732,58885.845075312674
9308,78.84421386036904,21.155786139630962,221394.55251991627,59405.44748008375
9309,80.52794278958338,19.472057210416622,226122.46335315012,54677.53664684988
9310,78.88519276015647,21.11480723984353,221509.6212705194,59290.378729480624
9311,80.79807188322677,19.20192811677323,226880.98584810074,53919.014151899246
9312,79.66843573260546,20.33156426739454,223708.96753715613,57091.032462843854
9313,80.46302225621281,19.53697774378719,225940.16649544556,54859.83350455445
9314,79.42598794620666,20.57401205379334,223028.1741529483,57771.82584705168
9315,79.7671791321538,20.2328208678462,223986.23900308786,56813.760996912126
9316,80.3020438639725,19.6979561360275,225488.13917003473,55311.860829965226
9317,80.76888136730516,19.231118632694844,226799.01887939288,54000.98112060713
9318,80.41882365453307,19.58117634546693,225816.05682192888,54983.94317807112
9319,78.68410881752122,21.31589118247878,220944.97755959956,59855.02244040044
9320,80.1806867820272,19.819313217972805,225147.36848393234,55652.631516067675
9321,79.69759686789811,20.302403132101887,223790.8520050579,57009.14799494209
9322,79.2099705322678,20.790029467732197,222421.597254608,58378.402745392
9323,80.2699021818604,19.730097818139598,225397.88532666402,55402.114673335986
9324,81.08335406838594,18.916645931614056,227682.05822402774,53117.94177597227
9325,79.42853514735255,20.571464852647452,223035.32669376594,57764.67330623406
9326,80.18572066190698,19.814279338093016,225161.50361863483,55638.496381365156
9327,79.00157449051243,20.998425509487575,221836.4211693589,58963.5788306411
9328,78.99956732861648,21.00043267138352,221830.78505875508,58969.21494124491
9329,80.2725009823536,19.727499017646394,225405.18275844894,55394.81724155107
9330,80.96215833207303,19.03784166792697,227341.74059646108,53458.259403538905
9331,78.79888113651535,21.201118863484652,221267.2582313351,59532.74176866492
9332,79.70322041732024,20.29677958267976,223806.64293183523,56993.35706816478
9333,79.64462665770274,20.355373342297256,223642.1116548293,57157.88834517072
9334,81.32274601793334,18.67725398206666,228354.27081835683,52445.72918164317
9335,80.41126809466874,19.588731905331258,225794.84080982982,55005.15919017018
9336,80.12759227572396,19.872407724276044,224998.27911023286,55801.72088976715
9337,79.00778469654819,20.992215303451815,221853.85942790733,58946.14057209267
9338,81.68303779767277,18.316962202327232,229365.97013586512,51434.02986413487
9339,79.21099636628331,20.78900363371669,222424.47779652354,58375.52220347645
9340,80.53973276382251,19.460267236177486,226155.56960081361,54644.4303991864
9341,79.41710814190873,20.582891858091273,223003.23966247973,57796.760337520274
9342,79.31952310095308,20.680476899046923,222729.22086747625,58070.77913252375
9343,79.07647175577603,20.923528244223974,222046.73269021907,58753.26730978092
9344,80.09364785589293,19.906352144107075,224902.96317934734,55897.03682065265
9345,78.81497047720173,21.185029522798274,221312.43709998246,59487.56290001751
9346,80.12570290222064,19.874297097779362,224992.97374943556,55807.02625056442
9347,80.24039746410035,19.759602535899646,225315.0360791938,55484.96392080619
9348,78.9580023010045,21.0419976989955,221714.07046122063,59085.92953877938
9349,78.16073818891358,21.839261811086416,219475.35283446935,61324.64716553067
9350,79.60524531346678,20.39475468653322,223531.5288402147,57268.471159785295
9351,79.0356465973192,20.9643534026808,221932.09564527232,58867.904354727696
9352,79.14492330379986,20.855076696200143,222238.94463706997,58561.05536293003
9353,80.07507626425274,19.924923735747257,224850.8141500217,55949.18584997828
9354,79.96124115312092,20.038758846879077,224531.16515796355,56268.834842036464
9355,80.368473140935,19.631526859065005,225674.67257974547,55125.327420254514
9356,80.01795159544125,19.982048404558753,224690.40807999903,56109.59192000095
9357,79.39986030523976,20.600139694760244,222954.80773711324,57845.19226288676
9358,79.49071833733164,20.509281662668357,223209.93709122727,57590.06290877273
9359,80.0366290149192,19.9633709850808,224742.8542738931,56057.145726106886
9360,80.83343454042097,19.166565459579033,226980.28418950207,53819.71581049793
9361,80.62545824304796,19.37454175695204,226396.2867464787,54403.7132535213
9362,78.98823460995533,21.011765390044673,221798.96278475458,59001.03721524544
9363,79.16150479563765,20.838495204362346,222285.50546615053,58514.49453384947
9364,78.89865399288234,21.101346007117655,221547.4204120136,59252.5795879864
9365,79.26419437519613,20.735805624803874,222573.85780555074,58226.14219444926
9366,79.97290131553281,20.02709868446719,224563.90689401614,56236.09310598385
9367,79.27618370936914,20.723816290630865,222607.5238559085,58192.47614409149
9368,79.60215085962386,20.397849140376138,223522.8396138238,57277.160386176205
9369,80.59212433392668,19.407875666073323,226302.6851296661,54497.314870333925
9370,80.30000545358735,19.699994546412654,225482.41531367326,55317.58468632673
9371,78.60303931392107,21.396960686078927,220717.33439349037,60082.66560650965
9372,79.57368762220963,20.426312377790367,223442.91484316465,57357.08515683535
9373,80.31907303835096,19.680926961649035,225535.95709168952,55264.04290831047
9374,80.57865013822224,19.421349861777756,226264.84958812804,54535.150411871946
9375,78.61123681173726,21.388763188262743,220740.3529673582,60059.647032641806
9376,80.64884632564694,19.351153674353057,226461.96048241662,54338.0395175834
9377,78.94180735264338,21.05819264735662,221668.59504622262,59131.40495377738
9378,78.2997575813567,21.7002424186433,219865.71928844962,60934.2807115504
9379,79.79999356879924,20.200006431200762,224078.38194118824,56721.61805881176
9380,79.25834332384035,20.74165667615965,222557.4280533437,58242.57194665632
9381,79.41490041846104,20.585099581538955,222997.0403750386,57802.95962496138
9382,79.90896565887078,20.091034341129216,224384.37557010917,56415.62442989084
9383,79.40174847847672,20.59825152152328,222960.10972756264,57839.89027243737
9384,81.95408265347726,18.045917346522742,230127.06409096412,50672.93590903588
9385,79.8269380750131,20.173061924986897,224154.0421146368,56645.9578853632
9386,81.23309869993058,18.76690130006942,228102.54114940503,52697.45885059499
9387,80.62381034739057,19.376189652609426,226391.65945547272,54408.34054452731
9388,80.22378019141621,19.77621980858379,225268.37477749673,55531.62522250325
9389,78.07437765945495,21.925622340545047,219232.8524677495,61567.1475322505
9390,77.97610883667106,22.02389116332894,218956.91361337234,61843.08638662765
9391,79.80304853211551,20.19695146788449,224086.96027818037,56713.03972181963
9392,79.49768160342042,20.502318396579582,223229.48994240456,57570.510057595435
9393,80.53722734272624,19.46277265727376,226148.53437837528,54651.46562162471
9394,78.31569787341857,21.68430212658143,219910.47962855938,60889.52037144062
9395,79.66455389934347,20.335446100656526,223698.06734935645,57101.93265064356
9396,77.98551502854735,22.014484971452646,218983.32620016098,61816.673799839016
9397,80.32111879473723,19.67888120526277,225541.70157562217,55258.298424377834
9398,80.18297840646372,19.817021593536282,225153.80336535012,55646.19663464988
9399,80.09417938804884,19.905820611951157,224904.45572164113,55895.544278358895
9400,78.90659435244224,21.09340564755776,221569.7169416578,59230.2830583422
9401,79.34591475231402,20.654085247685984,222803.32862449775,57996.67137550225
9402,80.23547811852193,19.764521881478075,225301.22255680957,55498.77744319045
9403,78.74403716323759,21.255962836762407,221113.25635437114,59686.743645628885
9404,79.56229762977132,20.437702370228678,223410.93174439788,57389.06825560213
9405,78.94860452648352,21.05139547351648,221687.68151036574,59112.31848963427
9406,80.6166594816099,19.3833405183901,226371.57982436058,54428.42017563942
9407,78.67462317367941,21.325376826320593,220918.34187169178,59881.65812830822
9408,79.2582996694373,20.741700330562693,222557.30547177995,58242.69452822005
9409,82.48172918507005,17.51827081492995,231608.6955516767,49191.3044483233
9410,80.65933575908876,19.340664240911238,226491.41481152124,54308.58518847878
9411,80.43740017917514,19.562599820824857,225868.21970312382,54931.78029687618
9412,81.8614672117266,18.138532788273395,229866.99993052828,50933.00006947172
9413,78.38524443239702,21.614755567602984,220105.76636617084,60694.23363382918
9414,79.5111275888777,20.4888724111223,223267.24626956857,57532.75373043142
9415,78.63061730318766,21.369382696812337,220794.77338735096,60005.226612649036
9416,81.39953111296202,18.600468887037977,228569.88336519734,52230.11663480269
9417,80.66684366632688,19.333156333673116,226512.4970150459,54287.50298495412
9418,79.31944228089344,20.68055771910656,222728.99392474876,58071.00607525125
9419,79.03998478202676,20.960015217973236,221944.27726793115,58855.72273206888
9420,78.29607143096554,21.70392856903446,219855.36857815125,60944.63142184876
9421,78.60933110087626,21.39066889912374,220735.00173126056,60064.99826873942
9422,79.97181342283683,20.02818657716317,224560.85209132583,56239.14790867415
9423,79.00092017695634,20.999079823043658,221834.5838568934,58965.41614310659
9424,79.23322916062482,20.766770839375184,222486.9074830345,58313.092516965495
9425,79.64859075917371,20.351409240826285,223653.24285175977,57146.75714824022
9426,78.9034450138312,21.096554986168798,221560.873598838,59239.12640116202
9427,80.30764592582318,19.69235407417682,225503.8697597115,55296.13024028848
9428,80.10301752631345,19.89698247368655,224929.27321388817,55870.72678611183
9429,79.92275308999717,20.077246910002827,224423.09067671208,56376.90932328794
9430,78.12704675326448,21.87295324673552,219380.74728316668,61419.25271683333
9431,79.68874556062984,20.31125443937016,223765.99753424857,57034.002465751415
9432,78.13805235871591,21.86194764128409,219411.6510232743,61388.34897672571
9433,78.19104423485896,21.808955765141036,219560.45221148396,61239.54778851603
9434,80.07492357111585,19.925076428884154,224850.38538769327,55949.61461230674
9435,79.00573615381101,20.994263846188986,221848.10711990134,58951.89288009866
9436,81.12675091528682,18.87324908471318,227803.91657012538,52996.08342987461
9437,77.32931413003557,22.67068586996443,217140.71407713986,63659.28592286012
9438,79.51800537302567,20.481994626974327,223286.55908745612,57513.440912543876
9439,81.30204708940106,18.697952910598943,228296.14822703815,52503.85177296186
9440,77.84102821379038,22.15897178620962,218577.60722432338,62222.392775676635
9441,77.25448002170592,22.745519978294084,216930.57990095022,63869.42009904976
9442,80.59955559856297,19.400444401437028,226323.55212076486,54476.44787923513
9443,79.67250475304537,20.327495246954626,223720.3933465514,57079.60665344859
9444,79.94339508378437,20.056604916215633,224481.0533952665,56318.94660473348
9445,80.28838719624422,19.711612803755784,225449.79124705377,55350.20875294626
9446,80.26011614976923,19.73988385023077,225370.40614855202,55429.593851447986
9447,80.32721405696202,19.67278594303798,225558.81707194936,55241.18292805063
9448,80.4624484169493,19.5375515830507,225938.55515479366,54861.44484520634
9449,80.459450025391,19.540549974608993,225930.13567129796,54869.86432870206
9450,79.84739680811387,20.15260319188613,224211.49023718375,56588.50976281624
9451,78.73766934917128,21.262330650828716,221095.37553247294,59704.62446752707
9452,79.32439103731123,20.67560896268877,222742.89003276994,58057.10996723006
9453,78.6446670222062,21.355332977793793,220834.22499835503,59965.77500164497
9454,80.18438728637142,19.815612713628582,225157.75950013095,55642.24049986905
9455,79.94974451766362,20.050255482336382,224498.8826055994,56301.1173944006
9456,79.98460788994988,20.015392110050115,224596.7789549793,56203.221045020706
9457,79.1429162174102,20.857083782589797,222233.30873848786,58566.69126151213
9458,80.05565873616334,19.944341263836662,224796.28973114665,56003.710268853334
9459,79.97000527476197,20.029994725238026,224555.77481153165,56244.22518846837
9460,78.78170692495424,21.218293075045764,221219.03304527153,59580.96695472847
9461,79.88265803973836,20.11734196026164,224310.50377558533,56489.49622441468
9462,80.01198697994569,19.98801302005431,224673.6594396875,56126.3405603125
9463,80.51959695796845,19.480403042031554,226099.02825797538,54700.971742024616
9464,80.76640955284704,19.233590447152963,226792.0780243945,54007.92197560551
9465,79.20220148944362,20.797798510556376,222399.7817823577,58400.2182176423
9466,80.68026476638268,19.319735233617322,226550.18346400256,54249.81653599744
9467,80.41978752748184,19.580212472518156,225818.76337716903,54981.23662283099
9468,78.66803403351528,21.331965966484717,220899.8395661109,59900.16043388911
9469,81.13918929789976,18.86081070210024,227838.84354850254,52961.156451497474
9470,80.27325771380482,19.726742286195176,225407.30766036393,55392.69233963607
9471,78.60894443036278,21.391055569637217,220733.9159604587,60066.08403954131
9472,78.2033252547263,21.796674745273705,219594.93731527144,61205.06268472857
9473,79.13918806784255,20.860811932157446,222222.84009450188,58577.15990549812
9474,79.2261059416681,20.773894058331905,222466.905484204,58333.09451579602
9475,79.52779019957907,20.472209800420927,223314.03488041804,57485.96511958197
9476,78.5320317688075,21.4679682311925,220517.94520681145,60282.05479318856
9477,78.67192121618662,21.328078783813382,220910.75477505205,59889.245224947976
9478,79.40495329253233,20.595046707467674,222969.10884543075,57830.891154569246
9479,79.65156131960127,20.34843868039873,223661.58418544038,57138.41581455961
9480,79.63042302566538,20.36957697433462,223602.2278560684,57197.77214393159
9481,81.27877062068472,18.721229379315275,228230.7879028827,52569.212097117306
9482,82.0903414054926,17.909658594507405,230509.6786666232,50290.32133337682
9483,82.18281197505615,17.817188024943846,230769.33602595766,50030.663974042356
9484,79.24348136087282,20.75651863912718,222515.6956613309,58284.30433866914
9485,80.04799753104496,19.952002468955044,224774.77706717423,56025.22293282577
9486,80.06576700423558,19.934232995764418,224824.67374789354,55975.326252106446
9487,79.64860270505561,20.35139729494439,223653.27639579616,57146.72360420383
9488,80.07392563896431,19.92607436103569,224847.58319421177,55952.41680578822
9489,79.4499702670749,20.550029732925097,223095.51650994632,57704.483490053666
9490,79.36602518026909,20.63397481973091,222859.7987061956,57940.201293804384
9491,78.09698184848523,21.90301815151477,219296.32503054652,61503.674969453474
9492,78.22733366579429,21.77266633420571,219662.35293355037,61137.647066449616
9493,78.38154508434275,21.618454915657253,220095.3785968344,60704.6214031656
9494,78.96368596280396,21.036314037196036,221730.03018355352,59069.96981644648
9495,78.42532493333019,21.574675066669812,220218.31241279116,60581.687587208835
9496,80.47503953641281,19.524960463587192,225973.91101824716,54826.08898175285
9497,80.75039980737672,19.249600192623276,226747.12265911384,54052.877340886174
9498,81.02423169486302,18.97576830513698,227516.0425991754,53283.957400824605
9499,82.08123039618361,17.918769603816386,230484.09495248357,50315.905047516426
9500,79.54027886756924,20.459721132430758,223349.10306013442,57450.896939865575
9501,78.6771411449445,21.3228588550555,220925.41233500413,59874.58766499585
9502,80.61338211135715,19.386617888642846,226362.3769686909,54437.6230313091
9503,79.91093330474791,20.089066695252086,224389.90071973213,56410.099280267845
9504,80.1420230550107,19.857976944989304,225038.80073847005,55761.19926152995
9505,80.27519045851864,19.724809541481363,225412.73480752035,55387.26519247965
9506,78.46204360199737,21.537956398002635,220321.4184344086,60478.58156559139
9507,79.58403566605492,20.415964333945084,223471.9721502822,57328.02784971781
9508,80.47468923363236,19.52531076636764,225972.92736803967,54827.072631960335
9509,79.0701742406123,20.929825759387697,222029.04926763935,58770.95073236065
9510,80.02570502927591,19.974294970724088,224712.17972220675,56087.82027779326
9511,80.11377145995495,19.886228540045053,224959.47025955346,55840.52974044655
9512,80.18266222697008,19.81733777302992,225152.91553333198,55647.084466668035
9513,79.66298679945496,20.337013200545044,223693.6669328695,57106.33306713051
9514,78.43900100023824,21.560998999761765,220256.71480866894,60543.28519133105
9515,79.2551070439514,20.744892956048602,222548.34057941553,58251.65942058446
9516,78.33260693298307,21.66739306701693,219957.96026781644,60842.03973218353
9517,80.1040296197001,19.8959703802999,224932.1151721179,55867.884827882095
9518,79.60872892665662,20.391271073343376,223541.3108260518,57258.689173948194
9519,79.23783692154808,20.76216307845192,222499.846075707,58300.153924292994
9520,79.62870970546386,20.371290294536138,223597.41685294252,57202.58314705748
9521,79.64439640039032,20.35560359960968,223641.465092296,57158.534907703994
9522,80.6724095186302,19.327590481369796,226528.12592831362,54271.87407168637
9523,80.33172565297293,19.668274347027065,225571.48563354797,55228.514366452044
9524,80.08187171192156,19.918128288078435,224869.89576707577,55930.10423292425
9525,79.71818154757418,20.281818452425824,223848.65378558828,56951.34621441172
9526,79.42237932519458,20.577620674805416,223018.0411451464,57781.95885485362
9527,78.34338830706322,21.656611692936778,219988.23436623352,60811.765633766474
9528,80.59207561990692,19.40792438009308,226302.54834069865,54497.45165930133
9529,80.58342172776516,19.416578272234844,226278.24821156455,54521.75178843546
9530,79.85864646163125,20.141353538368747,224243.07926426057,56556.92073573944
9531,78.9854625224371,21.014537477562897,221791.17876300338,59008.82123699665
9532,80.39470187337045,19.60529812662955,225748.32286042423,55051.67713957577
9533,79.83326278514508,20.16673721485492,224171.8019006874,56628.1980993126
9534,79.59845424133314,20.401545758666856,223512.45950966346,57287.54049033651
9535,80.61443370768285,19.38556629231715,226365.32985117342,54434.67014882658
9536,80.27153531844668,19.72846468155332,225402.47117419826,55397.52882580173
9537,80.31708076372878,19.682919236271218,225530.3627845504,55269.63721544962
9538,78.51245665207323,21.487543347926774,220462.97827902163,60337.02172097836
9539,79.45059209424224,20.54940790575776,223097.2626006322,57702.737399367776
9540,79.72639240590082,20.273607594099175,223871.7098757695,56928.29012423048
9541,76.55448212409839,23.445517875901615,214964.98580446828,65835.01419553171
9542,80.11836749156235,19.881632508437647,224972.3759163071,55827.62408369291
9543,80.56012424046995,19.439875759530054,226212.8288672396,54587.17113276041
9544,79.29396815463653,20.70603184536347,222657.46257821936,58142.53742178062
9545,80.29192892618399,19.708071073816015,225459.73642472463,55340.26357527534
9546,80.05918886541784,19.940811134582162,224806.2023340933,55993.79766590669
9547,80.70901651134977,19.290983488650227,226630.91836387015,54169.08163612985
9548,80.14317487982794,19.85682512017206,225042.03506255685,55757.96493744316
9549,80.67069541355048,19.329304586449524,226523.31272124973,54276.687278750265
9550,79.62283343313102,20.37716656686898,223580.9162802319,57219.08371976811
9551,79.93713701719854,20.062862982801462,224463.48074429348,56336.51925570651
9552,79.80640770178339,20.193592298216615,224096.39282660774,56703.60717339225
9553,80.44782520886426,19.55217479113574,225897.4931864908,54902.50681350919
9554,78.85653204045343,21.14346795954657,221429.14196959324,59370.85803040679
9555,81.57142383271115,18.428576167288853,229052.55812225293,51747.44187774708
9556,79.6906691476621,20.309330852337894,223771.3989666352,57028.6010333648
9557,81.27096836297514,18.72903163702486,228208.87916323417,52591.12083676584
9558,80.60267243908567,19.397327560914334,226332.30420895256,54467.69579104744
9559,78.22679437959103,21.773205620408973,219660.8386178916,61139.16138210841
9560,80.05885025509909,19.941149744900912,224805.25151631824,55994.74848368175
9561,79.10975997138397,20.890240028616034,222140.20599964616,58659.79400035385
9562,80.40898564168711,19.59101435831289,225788.4316818574,55011.568318142636
9563,80.28911815946842,19.710881840531584,225451.8437917873,55348.15620821268
9564,79.84211322702541,20.157886772974592,224196.65394148737,56603.346058512645
9565,79.74767350339206,20.252326496607935,223931.4671975249,56868.532802475085
9566,81.2151007065253,18.784899293474695,228052.0027839231,52747.99721607691
9567,80.36095164929228,19.639048350707725,225653.55223121273,55146.44776878727
9568,78.12593424966543,21.874065750334566,219377.62337306055,61422.37662693944
9569,79.63226422402035,20.367735775979654,223607.39794104913,57192.60205895084
9570,79.08657374095993,20.913426259040065,222075.0990646155,58724.90093538452
9571,81.909536246585,18.090463753414994,230001.97778041067,50798.022219589344
9572,79.23971268007058,20.760287319929418,222505.1132056382,58294.886794361824
9573,79.38837192202826,20.611628077971744,222922.54835705535,57877.45164294466
9574,78.51113099572036,21.488869004279636,220459.2558359828,60340.744164017204
9575,80.68367248557443,19.316327514425566,226559.752339493,54240.24766050701
9576,80.79193476449562,19.208065235504378,226863.7528187037,53936.247181296305
9577,80.41248757065888,19.587512429341118,225798.26509841016,55001.73490158984
9578,79.22830369659428,20.77169630340572,222473.07678003673,58326.92321996328
9579,81.6455517964769,18.354448203523106,229260.70944450714,51539.29055549286
9580,79.58750457752029,20.412495422479708,223481.712853677,57318.28714632304
9581,80.06559140984439,19.934408590155613,224824.18067884305,55975.81932115693
9582,79.06668162943174,20.93331837056826,222019.2420154443,58780.757984555705
9583,79.34249621898184,20.657503781018164,222793.72938290102,58006.270617098984
9584,80.22452088930027,19.775479110699735,225270.45465715515,55529.54534284486
9585,80.14161178723624,19.858388212763757,225037.64589855936,55762.35410144065
9586,77.93134927515605,22.06865072484395,218831.2287646382,61968.771235361826
9587,80.34983790475894,19.650162095241058,225622.3448365631,55177.65516343691
9588,79.50726008240485,20.492739917595145,223256.38631139282,57543.6136886072
9589,79.87149147520182,20.12850852479818,224279.1480623667,56520.8519376333
9590,78.54983831500275,21.450161684997255,220567.94598852773,60232.054011472275
9591,78.19665059506634,21.803349404933655,219576.1948709463,61223.805129053726
9592,78.55344920434688,21.446550795653124,220578.08536580604,60221.91463419395
9593,79.03952205841523,20.96047794158477,221942.97794002996,58857.02205997004
9594,80.97534776200077,19.024652237999234,227378.77651569812,53421.22348430188
9595,78.27622203181289,21.723777968187107,219799.6314653306,61000.368534669404
9596,79.55263615904083,20.44736384095917,223383.80233458665,57416.19766541336
9597,81.0153361984535,18.984663801546503,227491.0640452574,53308.93595474261
9598,78.50097952845611,21.499020471543886,220430.75051590477,60369.24948409521
9599,80.57759866719296,19.42240133280704,226261.89705747785,54538.102942522164
9600,78.84073604440718,21.15926395559282,221384.78681269535,59415.21318730464
9601,79.24617913283977,20.75382086716023,222523.27100501407,58276.7289949859
9602,80.39498995891459,19.605010041085407,225749.1318046322,55050.86819536782
9603,81.13432761092183,18.86567238907817,227825.1919314685,52974.80806853149
9604,79.16495913264609,20.83504086735391,222295.20524447024,58504.794755529765
9605,79.66742653721653,20.332573462783472,223706.13371650403,57093.86628349598
9606,80.0666159938909,19.933384006109094,224827.05771084566,55972.942289154336
9607,79.28204893987173,20.71795106012827,222623.99342315982,58176.00657684016
9608,79.1084291431033,20.891570856896706,222136.46903383406,58663.530966165956
9609,79.6880541594371,20.3119458405629,223764.0560796994,57035.94392030062
9610,79.8318746416996,20.1681253583004,224167.90399389245,56632.09600610753
9611,80.87123943258666,19.128760567413337,227086.44032670333,53713.55967329665
9612,78.06643831719275,21.93356168280725,219210.55879467726,61589.44120532274
9613,80.97667320892106,19.023326791078944,227382.49837065034,53417.50162934964
9614,79.16872829689906,20.83127170310094,222305.78905769257,58494.21094230743
9615,79.79856540797256,20.20143459202744,224074.37166558695,56725.62833441304
9616,79.13535098697076,20.864649013029236,222212.0655714139,58587.93442858608
9617,80.05286492198505,19.947135078014952,224788.444700934,56011.55529906601
9618,79.6119388689108,20.388061131089202,223550.32434390154,57249.67565609846
9619,79.80964210186298,20.190357898137023,224105.47502203123,56694.52497796877
9620,81.05326082311109,18.94673917688891,227597.55639129592,53202.44360870409
9621,79.94086910517036,20.059130894829636,224473.9604473184,56326.03955268163
9622,79.05210589233235,20.94789410766765,221978.31334566922,58821.686654330784
9623,80.9124231991488,19.087576800851195,227202.08434320986,53597.91565679011
9624,81.35682943856591,18.64317056143409,228449.97706349308,52350.022936506924
9625,79.0272892420511,20.972710757948903,221908.62819167948,58891.371808320524
9626,79.43263974166587,20.567360258334134,223046.85239459775,57753.14760540225
9627,81.61611491416768,18.38388508583232,229178.05067898284,51621.94932101716
9628,79.66923822235627,20.33076177764373,223711.22092837642,57088.779071623605
9629,81.06759559635879,18.932404403641215,227637.80843457548,53162.1915654245
9630,81.1060182709561,18.8939817290439,227745.69930484472,53054.30069515527
9631,78.95447000266785,21.045529997332153,221704.1517674913,59095.84823250868
9632,79.14655659395329,20.853443406046708,222243.53091582083,58556.46908417919
9633,80.20061478018836,19.79938521981164,225203.32630276892,55596.67369723109
9634,79.09446792509753,20.905532074902467,222097.2659336739,58702.73406632613
9635,77.79121117974006,22.20878882025994,218437.7209927101,62362.27900728991
9636,79.55687484367195,20.44312515632805,223395.7045610308,57404.29543896916
9637,79.30513009726143,20.694869902738574,222688.8053131101,58111.19468688992
9638,78.34243396399367,21.65756603600633,219985.55457089422,60814.44542910578
9639,80.83922277569457,19.160777224305434,226996.53755415033,53803.46244584967
9640,79.48014533148908,20.519854668510916,223180.24809082135,57619.75190917865
9641,79.91801336794855,20.081986632051454,224409.78153719954,56390.218462800476
9642,79.76015732961105,20.239842670388953,223966.5217815478,56833.47821845218
9643,78.2315682920277,21.768431707972297,219674.24376401378,61125.756235986235
9644,79.7595238924865,20.2404761075135,223964.74309010207,56835.25690989792
9645,79.0264283681772,20.973571631822793,221906.2108578416,58893.78914215839
9646,77.25659367281175,22.743406327188254,216936.5150332554,63863.48496674461
9647,80.70147939323155,19.29852060676845,226609.7541361942,54190.2458638058
9648,79.51131115231138,20.48868884768862,223267.76171569034,57532.23828430964
9649,80.13819552585457,19.86180447414543,225028.05303659965,55771.94696340033
9650,79.84275106785597,20.15724893214403,224198.44499853955,56601.555001460445
9651,80.9170035881837,19.082996411816296,227214.94607561984,53585.053924380176
9652,80.15599255445564,19.844007445544364,225078.02709291142,55721.97290708858
9653,80.69602252040082,19.303977479599183,226594.4312372855,54205.568762714494
9654,78.81377514833773,21.186224851662274,221309.08061653233,59490.91938346769
9655,79.79173675140629,20.20826324859371,224055.19679794885,56744.80320205115
9656,80.7898133918104,19.210186608189602,226857.79600420358,53942.20399579643
9657,78.7192438613906,21.280756138609405,221043.6367627848,59756.3632372152
9658,79.7810983133961,20.2189016866039,224025.32406401625,56774.675935983745
9659,79.69144250559735,20.30855749440265,223773.57055571736,57026.429444282636
9660,78.4976375976121,21.502362402387902,220421.36637409474,60378.63362590523
9661,78.92978037908216,21.07021962091784,221634.8233044627,59165.17669553732
9662,79.10106985374082,20.898930146259175,222115.80414930423,58684.195850695796
9663,80.29006825719257,19.709931742807427,225454.51166619675,55345.48833380325
9664,80.7803644814264,19.219635518573597,226831.26346384533,53968.73653615466
9665,81.03827824574817,18.961721754251826,227555.48531406088,53244.51468593911
9666,80.09538356892442,19.90461643107558,224907.83706153976,55892.16293846025
9667,79.2289919914783,20.771008008521704,222475.00951207103,58324.990487928946
9668,80.32958924299524,19.67041075700476,225565.48659433064,55234.513405669364
9669,80.96682318936348,19.03317681063652,227354.83951573266,53445.16048426737
9670,78.96613097663025,21.033869023369746,221736.89578237775,59063.104217622225
9671,79.93057614631415,20.069423853685848,224445.05781885012,56354.942181149876
9672,81.25689502563064,18.74310497436936,228169.36123197083,52630.63876802918
9673,81.16185277186646,18.838147228133536,227902.48258340103,52897.51741659899
9674,80.26213900896609,19.737860991033912,225376.0863371768,55423.91366282318
9675,79.5585639894153,20.441436010584695,223400.44768227817,57399.55231772183
9676,79.91259242224245,20.087407577757546,224394.55952165683,56405.4404783432
9677,78.18577910562722,21.81422089437278,219545.66772860123,61254.33227139877
9678,79.66355222621624,20.33644777378376,223695.2546512152,57104.7453487848
9679,78.8211086838606,21.1788913161394,221329.67318428055,59470.32681571947
9680,79.67951024029934,20.320489759700664,223740.06475476053,57059.93524523948
9681,79.22183063538002,20.778169364619984,222454.90042414708,58345.09957585292
9682,80.8235781544428,19.1764218455572,226952.6074576754,53847.39254232461
9683,79.3433986508958,20.656601349104207,222796.2634117154,58003.736588284606
9684,80.82177121589139,19.17822878410861,226947.53357422302,53852.46642577698
9685,81.12129148643015,18.878708513569848,227788.58649389588,53011.413506104116
9686,80.85804701336014,19.141952986639865,227049.39601351524,53750.60398648477
9687,79.97811286737017,20.02188713262983,224578.54093157544,56221.45906842457
9688,78.55577526173373,21.44422473826627,220584.6169349483,60215.383065051676
9689,79.72908545013244,20.270914549867555,223879.2719439719,56920.7280560281
9690,80.72976980209945,19.270230197900545,226689.1936042953,54110.8063957047
9691,80.29513400847897,19.704865991521032,225468.73629580892,55331.26370419109
9692,78.68325694912785,21.316743050872148,220942.58551315102,59857.41448684897
9693,80.51047484642608,19.489525153573922,226073.41336876445,54726.586631235565
9694,79.83721850509782,20.162781494902177,224182.9095623147,56617.0904376853
9695,79.85281807413628,20.14718192586372,224226.71315217466,56573.28684782535
9696,78.08655767289282,21.913442327107177,219267.05394548303,61532.94605451699
9697,79.94217156229375,20.05782843770625,224477.61774692085,56322.38225307914
9698,79.82424520530566,20.175754794694342,224146.48053649827,56653.51946350173
9699,80.51282862222442,19.48717137777558,226080.02277120616,54719.977228793825
9700,79.71161456611014,20.288385433889857,223830.2137016373,56969.7862983627
9701,79.17307901682906,20.826920983170936,222318.005879256,58481.99412074399
9702,78.50169370309669,21.49830629690331,220432.75591829553,60367.244081704484
9703,80.8685165085504,19.1314834914496,227078.79435600954,53721.20564399045
9704,79.79552101554064,20.204478984459357,224065.82301163813,56734.176988361854
9705,79.53977136096414,20.46022863903586,223347.6779815873,57452.3220184127
9706,80.77194998085952,19.228050019140483,226807.63554625353,53992.36445374647
9707,78.30093327793392,21.69906672206608,219869.02064443845,60930.97935556155
9708,79.99393597744998,20.00606402255002,224622.97222467954,56177.02777532046
9709,80.53737610569308,19.462623894306915,226148.95210478618,54651.04789521382
9710,77.02265326405428,22.977346735945716,216279.61036546444,64520.38963453558
9711,79.87018756195009,20.12981243804991,224275.48667395586,56524.51332604415
9712,77.91518017403615,22.084819825963848,218785.82592869352,62014.17407130645
9713,78.86700070649997,21.132999293500035,221458.53798385191,59341.462016148085
9714,79.03035723790975,20.969642762090245,221917.24312405058,58882.7568759494
9715,79.28760374964301,20.71239625035699,222639.59132899757,58160.40867100246
9716,80.02643910247849,19.97356089752151,224714.24099975958,56085.7590002404
9717,79.95594273230256,20.04405726769744,224516.28719230558,56283.71280769442
9718,81.14577743105424,18.854222568945758,227857.3430264003,52942.65697359966
9719,80.09606359627831,19.903936403721687,224909.7465783495,55890.253421650494
9720,79.50555365270108,20.49444634729892,223251.59465678467,57548.40534321533
9721,80.44454882256467,19.55545117743533,225888.29309376157,54911.70690623844
9722,78.50343572969904,21.496564270300965,220437.6475289949,60362.352471005084
9723,79.93700650127907,20.062993498720928,224463.11425559164,56336.88574440834
9724,79.20400373755925,20.795996262440752,222404.84249506638,58395.157504933624
9725,80.69946920092661,19.300530799073385,226604.10951620192,54195.89048379807
9726,78.70186443816293,21.29813556183707,220994.8353423615,59805.164657638496
9727,78.70885210535367,21.29114789464633,221014.4567118331,59785.5432881669
9728,78.48748304807516,21.512516951924837,220392.85239899508,60407.14760100492
9729,79.06260588021841,20.937394119781587,222007.79731165332,58792.20268834669
9730,80.79962518216242,19.200374817837584,226885.34751151205,53914.65248848793
9731,80.16539858318914,19.834601416810855,225104.43922159512,55695.560778404855
9732,78.8638779728855,21.136122027114496,221449.7693478625,59350.230652137514
9733,80.20225536942107,19.797744630578933,225207.93307733437,55592.06692266564
9734,80.22528187181254,19.77471812818746,225272.59149604963,55527.408503950355
9735,79.39906387356255,20.600936126437446,222952.57135696366,57847.42864303636
9736,79.30978913940757,20.69021086059243,222701.88790345646,58098.112096543555
9737,78.465553120943,21.534446879057,220331.27316360793,60468.72683639207
9738,80.58886216754276,19.411137832457243,226293.52496646004,54506.475033539966
9739,80.42997614956387,19.57002385043613,225847.37302797535,54952.62697202464
9740,79.66089400968508,20.33910599031492,223687.7903791957,57112.20962080429
9741,79.48097750254469,20.51902249745531,223182.5848271455,57617.41517285451
9742,78.60456410684374,21.39543589315626,220721.6160120172,60078.3839879828
9743,80.72632772380418,19.273672276195825,226679.5282484421,54120.47175155791
9744,78.90951400926562,21.09048599073438,221577.91533801786,59222.08466198215
9745,79.5602170686989,20.439782931301096,223405.0895289065,57394.91047109348
9746,79.08030285720223,20.919697142797773,222057.49042302385,58742.50957697617
9747,79.04496830760974,20.955031692390264,221958.27100776817,58841.728992231816
9748,80.5095647953862,19.490435204613803,226070.85794544444,54729.14205455557
9749,80.48254893072453,19.517451069275467,225994.99739747448,54805.002602525536
9750,79.60963890551938,20.390361094480625,223543.86604669841,57256.133953301585
9751,79.2297044518919,20.770295548108095,222477.01010091248,58322.98989908752
9752,79.49987969568782,20.500120304312176,223235.6621854914,57564.33781450859
9753,81.38635980674034,18.613640193259656,228532.89833732691,52267.10166267309
9754,79.48924511994358,20.510754880056425,223205.80029680155,57594.19970319845
9755,80.21056578655804,19.789434213441965,225231.26872865498,55568.73127134503
9756,79.48523182917972,20.514768170820275,223194.53097633668,57605.46902366334
9757,79.31169646257344,20.688303537426563,222707.2436669062,58092.75633309382
9758,79.72008091330257,20.279919086697433,223853.98720455362,56946.01279544638
9759,81.37280451413321,18.627195485866793,228494.83507568605,52305.16492431394
9760,78.73633218564395,21.263667814356054,221091.6207772882,59708.379222711825
9761,77.70110464514669,22.298895354853315,218184.7018435719,62615.29815642812
9762,77.60101009315747,22.39898990684253,217903.63634158619,62896.3636584138
9763,78.51162794059142,21.488372059408576,220460.65125718073,60339.34874281926
9764,78.0792256077251,21.920774392274893,219246.46550649212,61553.53449350789
9765,80.55537116985093,19.44462883014907,226199.4822449414,54600.51775505861
9766,80.00502318028704,19.99497681971296,224654.105090246,56145.89490975398
9767,79.74254619737073,20.25745380262927,223917.06972221698,56882.93027778302
9768,79.14339092228127,20.85660907771873,222234.64170976583,58565.35829023415
9769,78.74382154979043,21.256178450209575,221112.6509118115,59687.34908818851
9770,80.18397320598386,19.81602679401614,225156.59676240268,55643.40323759731
9771,78.82689178629711,21.17310821370289,221345.9121359223,59454.08786407772
9772,80.6875105351754,19.312489464824594,226570.52958277252,54229.47041722748
9773,79.71152293986938,20.288477060130617,223829.95641515322,56970.04358484676
9774,80.41719187528234,19.58280812471766,225811.47478579282,54988.525214207184
9775,79.06269707090472,20.93730292909528,222008.05337510046,58791.946624899545
9776,80.54388035475903,19.456119645240975,226167.21603616333,54632.783963836686
9777,79.37907480276624,20.62092519723376,222896.44204616762,57903.55795383237
9778,81.1375865767281,18.862413423271903,227834.3431074525,52965.656892547486
9779,80.10902728138664,19.890972718613355,224946.1486061337,55853.85139386628
9780,79.10879224449661,20.891207755503387,222137.48862254652,58662.511377453484
9781,80.64058349784587,19.359416502154133,226438.7584619512,54361.241538048795
9782,80.02949197812144,19.97050802187856,224722.813474565,56077.18652543501
9783,78.54172189304222,21.458278106957778,220545.15507566254,60254.84492433748
9784,78.7449901626377,21.255009837362294,221115.9323766867,59684.0676233133
9785,78.6196687417846,21.380331258215406,220764.02982693113,60035.970173068876
9786,79.82562626610543,20.17437373389457,224150.35855522405,56649.641444775945
9787,80.29687470886458,19.70312529113542,225473.62418249174,55326.37581750826
9788,80.56325626555609,19.43674373444391,226221.62359368152,54578.37640631847
9789,78.53805885524247,21.46194114475753,220534.86926552083,60265.130734479164
9790,79.40159506746822,20.59840493253178,222959.67894945078,57840.32105054922
9791,80.76752552403299,19.23247447596701,226795.21167148463,54004.78832851537
9792,79.08574686856062,20.91425313143938,222072.77720691822,58727.22279308179
9793,80.82139203786515,19.178607962134848,226946.46884232532,53853.53115767468
9794,78.74712360282788,21.252876397172116,221121.9230767407,59678.07692325932
9795,78.55219087810957,21.44780912189043,220574.5519857317,60225.44801426832
9796,79.60990466412879,20.39009533587121,223544.61229687365,57255.38770312634
9797,79.5540104281514,20.4459895718486,223387.66128224914,57412.33871775084
9798,80.25497135197477,19.745028648025226,225355.9595563452,55444.04044365482
9799,80.14407847921211,19.855921520787888,225044.5723696276,55755.42763037242
9800,81.46282311573539,18.53717688426461,228747.60730898497,52052.39269101502
9801,80.55030756525859,19.449692434741408,226185.26364324614,54614.736356753834
9802,79.58966129444585,20.410338705554153,223487.76891480392,57312.231085196065
9803,78.6915899070536,21.308410092946403,220965.9844590065,59834.01554099351
9804,79.72614354396076,20.27385645603924,223871.0110714418,56928.9889285582
9805,79.21168477423184,20.78831522576816,222426.410846043,58373.589153957
9806,81.15995515289947,18.84004484710053,227897.1540693417,52902.84593065831
9807,80.08282297667448,19.91717702332552,224872.56691850192,55927.43308149809
9808,79.8766682287994,20.123331771200597,224293.68438646873,56506.3156135313
9809,78.33218723412482,21.667812765875183,219956.7817534225,60843.21824657751
9810,80.89944428432305,19.100555715676947,227165.63955037913,53634.360449620886
9811,79.28698270048915,20.713017299510852,222637.84742297354,58162.15257702647
9812,80.82283769828165,19.177162301718354,226950.52825677485,53849.471743225135
9813,79.75516766335234,20.24483233664766,223952.51079869334,56847.48920130663
9814,79.37137293861448,20.628627061385515,222874.81521162947,57925.184788370534
9815,79.7765813912794,20.223418608720607,224012.64054671253,56787.359453287456
9816,77.84171587599944,22.15828412400056,218579.53817980643,62220.46182019358
9817,81.00696924734999,18.993030752650014,227467.56964655878,53332.43035344122
9818,78.32432540389881,21.67567459610119,219934.70573414786,60865.294265852135
9819,79.92054888823563,20.07945111176437,224416.90127816566,56383.09872183434
9820,77.55405872337438,22.445941276625618,217771.79689523528,63028.20310476472
9821,80.8405390332564,19.159460966743595,227000.23360538398,53799.76639461602
9822,79.1975982983362,20.802401701663797,222386.85602172805,58413.14397827194
9823,79.10505706745154,20.89494293254846,222127.0002454039,58672.999754596116
9824,79.64590054126073,20.35409945873927,223645.68871986013,57154.31128013987
9825,78.48210437313745,21.517895626862554,220377.74907976994,60422.25092023006
9826,79.34578202215525,20.654217977844752,222802.95591821193,57997.04408178807
9827,79.8641804000536,20.1358195999464,224258.6185633505,56541.381436649506
9828,79.52191318349995,20.478086816500053,223297.53221926786,57502.46778073214
9829,80.2398561774875,19.760143822512504,225313.51614638488,55486.48385361513
9830,80.55583206955684,19.444167930443157,226200.7764513156,54599.22354868439
9831,79.99776886046457,20.002231139535425,224633.73496018452,56166.265039815466
9832,79.16412625527323,20.83587374472677,222292.86652480724,58507.13347519278
9833,79.37042185246352,20.629578147536478,222872.14456171758,57927.85543828239
9834,80.85025227828969,19.149747721710312,227027.50839743746,53772.49160256252
9835,78.60374132849601,21.396258671503986,220719.3056504168,60080.69434958323
9836,78.39996351122308,21.600036488776922,220147.09753951442,60652.90246048559
9837,79.54126261984426,20.45873738015574,223351.8654365227,57448.1345634773
9838,79.1073342728887,20.892665727111293,222133.39463827148,58666.605361728514
9839,80.66731363252461,19.33268636747539,226513.8166801291,54286.18331987089
9840,80.43336934052606,19.566630659473944,225856.90110819717,54943.09889180283
9841,78.60653310563143,21.393466894368572,220727.14496061305,60072.85503938695
9842,80.32624096909188,19.673759030908116,225556.08464120998,55243.91535879004
9843,80.7178025105767,19.282197489423297,226655.5894496994,54144.410550300614
9844,78.61473800655997,21.385261993440025,220750.18432242042,60049.81567757958
9845,79.81197903272422,20.188020967275776,224112.0371238896,56687.962876110396
9846,79.55768203891448,20.44231796108552,223397.97116527185,57402.02883472815
9847,79.63914881929027,20.36085118070973,223626.7298845671,57173.27011543291
9848,80.63242719506805,19.367572804931953,226415.85556375107,54384.14443624894
9849,79.59472593155238,20.405274068447625,223501.99041579905,57298.00958420095
9850,80.35415220842091,19.645847791579087,225634.45940124593,55165.5405987541
9851,80.7344325642481,19.265567435751905,226702.28664040865,54097.71335959135
9852,79.02638642538817,20.973613574611832,221906.09308248997,58893.906917510016
9853,79.54050471263339,20.459495287366607,223349.73723307456,57450.26276692543
9854,81.0609913093574,18.939008690642595,227619.2635966756,53180.73640332442
9855,79.32829508597783,20.671704914022172,222753.85260142575,58046.14739857425
9856,78.18597215584042,21.814027844159583,219546.20981359988,61253.79018640012
9857,81.76009719885253,18.239902801147466,229582.3529343779,51217.64706562209
9858,79.08310277096865,20.91689722903135,222065.35258087996,58734.64741912004
9859,81.49995853554759,18.50004146445241,228851.88356781763,51948.11643218236
9860,81.01306571636951,18.98693428363049,227484.68853156557,53315.31146843445
9861,79.60040146772833,20.399598532271668,223517.92732138117,57282.07267861882
9862,80.9016740930487,19.098325906951302,227171.90085328073,53628.09914671926
9863,79.62262244399898,20.377377556001022,223580.32382274914,57219.67617725086
9864,78.63998072799224,21.36001927200776,220821.06588420222,59978.93411579779
9865,80.90134348543916,19.098656514560844,227170.97250711315,53629.02749288684
9866,81.35005066518349,18.64994933481651,228430.94226783526,52369.057732164765
9867,79.21597117695262,20.78402882304738,222438.44706488293,58361.55293511707
9868,79.96106610240318,20.03893389759682,224530.67361554812,56269.32638445186
9869,80.90957309820142,19.09042690179858,227194.08125974957,53605.91874025043
9870,81.30144555665294,18.698554443347064,228294.4591230814,52505.540876918574
9871,79.46497479432858,20.535025205671417,223137.64922247466,57662.35077752535
9872,79.70359438710149,20.29640561289851,223807.693038981,56992.30696101898
9873,78.45919774412266,21.540802255877338,220313.42726549643,60486.57273450356
9874,80.59205207060002,19.40794792939998,226302.48221424484,54497.517785755175
9875,79.36323762089454,20.636762379105463,222851.97123947184,57948.02876052815
9876,79.34883709056014,20.65116290943986,222811.53455029288,57988.46544970711
9877,78.65030293976777,21.34969706023223,220850.0506548679,59949.949345132074
9878,80.7430798277523,19.256920172247703,226726.56815632843,54073.43184367156
9879,79.94647080511432,20.053529194885684,224489.690020761,56310.30997923903
9880,80.63377219987132,19.366227800128684,226419.63233723867,54380.36766276133
9881,79.95413820728106,20.045861792718938,224511.2200860452,56288.779913954815
9882,79.94730040670122,20.052699593298783,224492.01954201702,56307.98045798298
9883,80.12779997820465,19.87220002179535,224998.86233879864,55801.13766120135
9884,79.37462830481832,20.625371695181684,222883.95627992984,57916.04372007013
9885,79.19726616340454,20.802733836595465,222385.92338683992,58414.07661316009
9886,80.94904700051005,19.05095299948995,227304.9239774322,53495.07602256781
9887,78.98676338880695,21.01323661119305,221794.8315957699,59005.168404230106
9888,79.76891365528793,20.231086344712068,223991.10954404852,56808.8904559515
9889,81.5127849333761,18.487215066623904,228887.90009292006,51912.09990707995
9890,80.83069882606586,19.169301173934144,226972.6023035929,53827.397696407126
9891,81.3807861954013,18.6192138045987,228517.24763668684,52282.75236331319
9892,78.48121952188541,21.518780478114593,220375.26441745425,60424.735582545785
9893,79.7625906133035,20.2374093866965,223973.3544421562,56826.645557843796
9894,79.55238220496848,20.44761779503152,223383.0892315515,57416.91076844846
9895,80.42310131247159,19.576898687528413,225828.06848542023,54971.93151457977
9896,79.55265345259049,20.44734654740951,223383.8508948741,57416.14910512588
9897,80.72970925330469,19.27029074669531,226689.02358327957,54110.97641672042
9898,80.31171113172479,19.688288868275208,225515.28485788323,55284.715142116765
9899,79.59247625938215,20.407523740617847,223495.67333634506,57304.32666365494
9900,77.53975055092491,22.460249449075093,217731.61954699713,63068.38045300286
9901,80.17066518820769,19.829334811792307,225119.2278484872,55680.77215151279
9902,80.19063686598523,19.809363134014774,225175.3083196865,55624.691680313495
9903,78.6302263346665,21.369773665333497,220793.67554774357,60006.324452256435
9904,80.06393418056085,19.93606581943915,224819.52717901487,55980.47282098511
9905,80.86363696332828,19.136363036671725,227065.09259302577,53734.9074069742
9906,79.13612557579167,20.863874424208333,222214.24061682302,58585.75938317696
9907,80.50650265555966,19.493497344440343,226062.25945681153,54737.74054318848
9908,79.26580396017404,20.73419603982596,222578.37752016872,58221.62247983128
9909,79.15296845834155,20.847031541658453,222261.53543102305,58538.464568976946
9910,79.6881166547499,20.311883345250095,223764.23156653775,57035.76843346223
9911,79.89833920842285,20.101660791577146,224354.53649725136,56445.46350274865
9912,79.59009133436304,20.409908665636962,223488.9764668914,57311.023533108586
9913,79.25243128581492,20.74756871418508,222540.82705056827,58259.17294943174
9914,80.14194951157418,19.858050488425818,225038.5942285003,55761.40577149972
9915,79.82745960241388,20.17254039758612,224155.50656357815,56644.493436421864
9916,78.05459763088665,21.945402369113353,219177.3101475297,61622.68985247032
9917,79.45788242266407,20.54211757733593,223117.7338428407,57682.26615715932
9918,80.44113128640608,19.558868713593924,225878.69665222825,54921.303347771725
9919,79.08735781098227,20.91264218901773,222077.3007332382,58722.6992667618
9920,80.35150125535334,19.64849874464666,225627.01552503218,55172.984474967816
9921,78.48339950355252,21.51660049644748,220381.38580597547,60418.61419402451
9922,80.12829439291795,19.87170560708205,225000.2506553136,55799.74934468637
9923,80.56560619540562,19.43439380459438,226228.22219669897,54571.777803301025
9924,79.44070223404097,20.55929776595903,223069.49187318704,57730.50812681296
9925,80.87513322555576,19.124866774444243,227097.3740973606,53702.6259026394
9926,81.56082324215366,18.43917675784634,229022.79166396748,51777.20833603251
9927,79.17863698053687,20.821363019463135,222333.6126413475,58466.38735865251
9928,79.0429600253184,20.957039974681607,221952.63175109407,58847.36824890592
9929,79.4592964359665,20.540703564033507,223121.7043921939,57678.29560780611
9930,79.34679132820341,20.65320867179659,222805.79004959518,57994.209950404824
9931,78.99233462819595,21.007665371804052,221810.47563597426,58989.524364025776
9932,77.37829606411965,22.621703935880348,217278.255348048,63521.74465195197
9933,78.58079559013194,21.41920440986806,220654.87401709048,60145.12598290951
9934,81.27667811879111,18.72332188120889,228224.91215756544,52575.08784243453
9935,79.61129699297364,20.388703007026365,223548.52195626998,57251.47804373
9936,80.28304996892656,19.716950031073438,225434.8043127458,55365.19568725419
9937,81.21983809994036,18.78016190005964,228065.30538463255,52734.694615367436
9938,79.31293863119882,20.68706136880118,222710.73167640629,58089.268323593715
9939,79.79432809924502,20.20567190075498,224062.47330268,56737.526697319976
9940,78.8316129227528,21.168387077247203,221359.16908708983,59440.83091291017
9941,78.77161470935661,21.228385290643388,221190.6941038734,59609.30589612659
9942,80.13009095872339,19.869909041276614,225005.29541209526,55794.70458790472
9943,79.88303276257557,20.116967237424433,224311.55599731219,56488.44400268783
9944,80.23637768412694,19.763622315873064,225303.74853702844,55496.25146297157
9945,79.23854088280717,20.761459117192828,222501.82279892254,58298.177201077444
9946,78.15745004541711,21.842549954582893,219466.11972753124,61333.88027246876
9947,80.80040484824758,19.19959515175242,226887.5368138792,53912.46318612079
9948,79.05118017563167,20.94881982436833,221975.71393317374,58824.28606682625
9949,79.14821112901829,20.851788870981707,222248.17685028337,58551.82314971664
9950,79.70957279839467,20.290427201605326,223824.48041789225,56975.51958210775
9951,78.89574234857378,21.104257651426224,221539.2445147952,59260.75548520484
9952,81.08605913522469,18.913940864775313,227689.6540517109,53110.34594828909
9953,81.10193976592771,18.89806023407229,227734.246862725,53065.75313727498
9954,78.93944079548629,21.06055920451371,221661.94975372552,59138.05024627446
9955,79.20399718431584,20.79600281568416,222404.82409355888,58395.1759064411
9956,78.36440647647662,21.635593523523383,220047.25338594636,60752.74661405364
9957,78.28427200020938,21.715727999790616,219822.23577658797,60977.76422341202
9958,79.40580717986687,20.59419282013313,222971.50656106617,57828.49343893383
9959,81.02940988870809,18.970590111291912,227530.5829674923,53269.4170325077
9960,79.7182339712674,20.281766028732605,223848.80099131883,56951.199008681164
9961,80.86357408424925,19.13642591575075,227064.9160285719,53735.083971428074
9962,81.19468653493662,18.805313465063378,227994.67979010203,52805.32020989796
9963,80.94519411461857,19.054805885381427,227294.10507384897,53505.894926151035
9964,79.91365354802468,20.086346451975317,224397.53916285333,56402.4608371467
9965,79.0851293430188,20.914870656981194,222071.0431951968,58728.95680480318
9966,80.86403368408311,19.13596631591689,227066.2065849054,53733.79341509458
9967,79.73198551586582,20.268014484134184,223887.41532855123,56912.58467144876
9968,78.52304265111857,21.476957348881427,220492.703764341,60307.29623565902
9969,79.78358256124203,20.216417438757972,224032.29983196763,56767.700168032374
9970,79.38646934468775,20.613530655312246,222917.2059198832,57882.79408011677
9971,79.80926478416404,20.190735215835957,224104.41551393265,56695.58448606736
9972,78.83930175401447,21.16069824598553,221380.75932527264,59419.24067472737
9973,80.52483865389848,19.475161346101515,226113.74694014693,54686.25305985306
9974,79.62699777495467,20.373002225045326,223592.60975207275,57207.39024792722
9975,78.65394466691363,21.34605533308637,220860.27662469348,59939.72337530652
9976,79.31152338793606,20.688476612063937,222706.75767332446,58093.242326675536
9977,78.96961710537452,21.030382894625475,221746.68483189167,59053.31516810831
9978,80.05601376495473,19.943986235045273,224797.28665199288,56002.713348007106
9979,78.59476635416264,21.405233645837356,220694.1039224887,60105.89607751131
9980,79.9671131932358,20.032886806764196,224547.65384660615,56252.34615339385
9981,79.64186945143638,20.358130548563622,223634.36941963335,57165.63058036664
9982,79.66574212265273,20.33425787734727,223701.40388040885,57098.59611959116
9983,79.70257931142926,20.29742068857074,223804.8427064934,56995.15729350663
9984,79.42879122787157,20.57120877212843,223036.0457678634,57763.95423213662
9985,79.19591429482489,20.804085705175112,222382.12733986828,58417.87266013173
9986,80.34154062035017,19.658459379649827,225599.04606194329,55200.9539380567
9987,80.64828006197834,19.35171993802166,226460.37041403516,54339.62958596482
9988,80.07484490369696,19.925155096303044,224850.16448958105,55949.83551041896
9989,79.51892286644645,20.481077133553555,223289.13540898165,57510.86459101836
9990,80.76057841509899,19.23942158490101,226775.70418959798,54024.29581040202
9991,79.58835229921763,20.411647700782368,223484.0932562031,57315.90674379688
9992,78.43811624606035,21.561883753939654,220254.23041893746,60545.76958106253
9993,80.1260680589686,19.8739319410314,224993.99910958385,55806.000890416144
9994,80.25319644615118,19.74680355384882,225350.9756207925,55449.02437920749
9995,80.55705623053913,19.442943769460868,226204.21389535387,54595.78610464612
9996,79.28255681434132,20.71744318565868,222625.41953467042,58174.58046532959
9997,78.69316870698204,21.306831293017964,220970.41772920557,59829.582270794446
9998,79.49972058229766,20.500279417702345,223235.2153950918,57564.784604908215
9999,79.4737386151387,20.5262613848613,223162.25803130947,57637.74196869052
10000,79.4799099314205,20.520090068579506,223179.58708742875,57620.41291257125
